=== seed 2 starting Wed Aug 19 22:56:20 CEST 2026 ===
/Users/andreasodontopoulos/Desktop/DTU/Summer_Internship_2026/PLL_Attempt/.venv/lib/python3.14/site-packages/pytorch_optimizer/optimizer/soap.py:164: UserWarning: The operator 'aten::_linalg_eigh.eigenvalues' is not currently supported on the MPS backend and will fall back to run on the CPU. This may have performance implications. (Triggered internally at /Users/runner/work/pytorch/pytorch/aten/src/ATen/mps/MPSFallback.mm:34.)
  _, q = torch.linalg.eigh(m + 1e-30 * torch.eye(m.shape[0], device=m.device, dtype=m.dtype))
theta 0 shape: torch.Size([200000]) theta_0 unsqueezed shape: torch.Size([200000, 1])
t shape: torch.Size([125]) t unsqueezed shape: torch.Size([1, 125])
device mps | 170000 train / 30000 val rows
mu=-0.0121 sd=5.4396 w_omega=3.5787e-02 | s1=6.158 rad/s  s2=67.969 rad/s^2
[famD_W40_n5000_W40_F4_mf503_wp0.3_s2sp0] output_dim=2 branch_in=378 trunk_in=9 params=45,696
[   1] train th 1.943e-03 om 4.147e+00 r1 5.461e-01 r2 5.310e-01 | val th 7.544e-05 om 1.984e-02 r1 2.044e-02 r2 2.309e-02  *
[   2] train th 4.062e-05 om 1.002e-02 r1 1.944e-02 r2 2.114e-02 | val th 2.689e-05 om 4.661e-03 r1 1.921e-02 r2 1.938e-02  *
[   3] train th 3.386e-05 om 5.854e-03 r1 1.558e-02 r2 1.713e-02 | val th 1.454e-05 om 5.735e-03 r1 1.463e-02 r2 1.631e-02  *
[   4] train th 2.737e-05 om 7.389e-03 r1 1.459e-02 r2 1.610e-02 | val th 3.217e-05 om 4.298e-03 r1 1.379e-02 r2 1.587e-02  *
[   5] train th 3.259e-05 om 8.417e-03 r1 1.446e-02 r2 1.601e-02 | val th 1.534e-05 om 9.961e-03 r1 1.502e-02 r2 1.594e-02
[   6] train th 2.793e-05 om 7.674e-03 r1 1.413e-02 r2 1.584e-02 | val th 3.768e-05 om 5.461e-03 r1 1.345e-02 r2 1.543e-02  *
[   7] train th 3.144e-05 om 6.925e-03 r1 1.386e-02 r2 1.568e-02 | val th 2.392e-05 om 7.168e-03 r1 1.354e-02 r2 1.535e-02
[   8] train th 3.063e-05 om 6.981e-03 r1 1.356e-02 r2 1.543e-02 | val th 3.088e-05 om 4.219e-03 r1 1.306e-02 r2 1.511e-02  *
[   9] train th 3.220e-05 om 6.495e-03 r1 1.343e-02 r2 1.526e-02 | val th 1.360e-05 om 5.558e-03 r1 1.336e-02 r2 1.501e-02
[  10] train th 3.065e-05 om 9.014e-03 r1 1.323e-02 r2 1.512e-02 | val th 2.364e-05 om 6.185e-03 r1 1.331e-02 r2 1.497e-02
[  11] train th 2.787e-05 om 7.506e-03 r1 1.319e-02 r2 1.508e-02 | val th 1.504e-05 om 5.784e-03 r1 1.326e-02 r2 1.517e-02
[  12] train th 3.012e-05 om 8.157e-03 r1 1.324e-02 r2 1.515e-02 | val th 4.636e-05 om 6.338e-03 r1 1.316e-02 r2 1.521e-02
[  13] train th 2.790e-05 om 7.203e-03 r1 1.323e-02 r2 1.514e-02 | val th 4.225e-05 om 6.781e-03 r1 1.404e-02 r2 1.603e-02
[  14] train th 2.844e-05 om 9.902e-03 r1 1.318e-02 r2 1.515e-02 | val th 3.029e-05 om 7.666e-03 r1 1.308e-02 r2 1.496e-02
[  15] train th 2.662e-05 om 8.698e-03 r1 1.303e-02 r2 1.496e-02 | val th 4.096e-05 om 4.825e-03 r1 1.301e-02 r2 1.495e-02  *
[  16] train th 2.774e-05 om 6.973e-03 r1 1.299e-02 r2 1.497e-02 | val th 1.764e-05 om 7.473e-03 r1 1.263e-02 r2 1.470e-02  *
[  17] train th 2.840e-05 om 8.408e-03 r1 1.296e-02 r2 1.493e-02 | val th 1.632e-05 om 7.435e-03 r1 1.281e-02 r2 1.473e-02
[  18] train th 2.788e-05 om 8.871e-03 r1 1.287e-02 r2 1.486e-02 | val th 1.348e-05 om 6.580e-03 r1 1.263e-02 r2 1.488e-02
[  19] train th 3.233e-05 om 7.883e-03 r1 1.269e-02 r2 1.473e-02 | val th 2.361e-05 om 7.959e-03 r1 1.301e-02 r2 1.444e-02
[  20] train th 3.234e-05 om 8.928e-03 r1 1.245e-02 r2 1.429e-02 | val th 3.323e-05 om 4.884e-03 r1 1.211e-02 r2 1.403e-02  *
[  21] train th 2.711e-05 om 6.838e-03 r1 1.241e-02 r2 1.423e-02 | val th 2.371e-05 om 4.257e-03 r1 1.204e-02 r2 1.405e-02  *
[  22] train th 2.535e-05 om 6.659e-03 r1 1.225e-02 r2 1.410e-02 | val th 3.250e-05 om 8.528e-03 r1 1.202e-02 r2 1.398e-02
[  23] train th 2.478e-05 om 6.207e-03 r1 1.230e-02 r2 1.417e-02 | val th 3.571e-05 om 5.222e-03 r1 1.236e-02 r2 1.425e-02
[  24] train th 2.754e-05 om 6.355e-03 r1 1.228e-02 r2 1.414e-02 | val th 2.119e-05 om 5.564e-03 r1 1.241e-02 r2 1.416e-02
[  25] train th 3.187e-05 om 8.210e-03 r1 1.237e-02 r2 1.421e-02 | val th 3.773e-05 om 8.577e-03 r1 1.221e-02 r2 1.408e-02
[  26] train th 3.169e-05 om 8.266e-03 r1 1.231e-02 r2 1.414e-02 | val th 5.657e-05 om 9.044e-03 r1 1.204e-02 r2 1.394e-02
[  27] train th 2.857e-05 om 6.832e-03 r1 1.225e-02 r2 1.412e-02 | val th 2.891e-05 om 7.116e-03 r1 1.212e-02 r2 1.414e-02
[  28] train th 2.739e-05 om 7.835e-03 r1 1.232e-02 r2 1.415e-02 | val th 1.329e-05 om 6.759e-03 r1 1.275e-02 r2 1.415e-02
[  29] train th 2.760e-05 om 5.791e-03 r1 1.218e-02 r2 1.404e-02 | val th 2.524e-05 om 7.417e-03 r1 1.228e-02 r2 1.402e-02
[  30] train th 2.560e-05 om 6.223e-03 r1 1.218e-02 r2 1.406e-02 | val th 1.121e-05 om 6.857e-03 r1 1.238e-02 r2 1.418e-02
[  31] train th 2.542e-05 om 6.013e-03 r1 1.221e-02 r2 1.408e-02 | val th 1.238e-05 om 5.340e-03 r1 1.244e-02 r2 1.455e-02
[  32] train th 2.687e-05 om 6.168e-03 r1 1.225e-02 r2 1.413e-02 | val th 4.035e-05 om 1.318e-02 r1 1.183e-02 r2 1.384e-02
[  33] train th 2.813e-05 om 9.219e-03 r1 1.218e-02 r2 1.405e-02 | val th 4.115e-05 om 5.884e-03 r1 1.211e-02 r2 1.411e-02
[  34] train th 2.510e-05 om 7.449e-03 r1 1.213e-02 r2 1.405e-02 | val th 1.363e-05 om 6.694e-03 r1 1.200e-02 r2 1.412e-02
[  35] train th 2.299e-05 om 5.227e-03 r1 1.205e-02 r2 1.394e-02 | val th 1.954e-05 om 5.452e-03 r1 1.179e-02 r2 1.364e-02  *
[  36] train th 2.783e-05 om 6.414e-03 r1 1.204e-02 r2 1.383e-02 | val th 6.850e-05 om 7.043e-03 r1 1.206e-02 r2 1.364e-02
[  37] train th 2.657e-05 om 5.173e-03 r1 1.202e-02 r2 1.384e-02 | val th 1.877e-05 om 7.107e-03 r1 1.221e-02 r2 1.393e-02
[  38] train th 2.306e-05 om 5.524e-03 r1 1.197e-02 r2 1.379e-02 | val th 1.893e-05 om 7.348e-03 r1 1.169e-02 r2 1.355e-02
[  39] train th 2.765e-05 om 5.899e-03 r1 1.186e-02 r2 1.368e-02 | val th 2.644e-05 om 4.608e-03 r1 1.173e-02 r2 1.361e-02  *
[  40] train th 2.396e-05 om 6.554e-03 r1 1.181e-02 r2 1.364e-02 | val th 1.664e-05 om 6.320e-03 r1 1.186e-02 r2 1.353e-02
[  41] train th 2.290e-05 om 6.841e-03 r1 1.178e-02 r2 1.356e-02 | val th 3.470e-05 om 5.174e-03 r1 1.211e-02 r2 1.378e-02
[  42] train th 2.496e-05 om 5.810e-03 r1 1.183e-02 r2 1.364e-02 | val th 2.235e-05 om 6.534e-03 r1 1.151e-02 r2 1.352e-02  *
[  43] train th 2.171e-05 om 6.626e-03 r1 1.176e-02 r2 1.358e-02 | val th 3.047e-05 om 7.284e-03 r1 1.169e-02 r2 1.360e-02
[  44] train th 2.446e-05 om 6.915e-03 r1 1.176e-02 r2 1.357e-02 | val th 3.501e-05 om 7.819e-03 r1 1.158e-02 r2 1.342e-02
[  45] train th 2.227e-05 om 6.473e-03 r1 1.169e-02 r2 1.352e-02 | val th 1.633e-05 om 6.320e-03 r1 1.168e-02 r2 1.358e-02
[  46] train th 2.418e-05 om 5.314e-03 r1 1.178e-02 r2 1.361e-02 | val th 3.351e-05 om 5.099e-03 r1 1.195e-02 r2 1.374e-02
[  47] train th 2.258e-05 om 5.720e-03 r1 1.171e-02 r2 1.354e-02 | val th 2.194e-05 om 3.959e-03 r1 1.157e-02 r2 1.350e-02  *
[  48] train th 2.339e-05 om 5.913e-03 r1 1.181e-02 r2 1.364e-02 | val th 3.086e-05 om 9.282e-03 r1 1.159e-02 r2 1.351e-02
[  49] train th 2.312e-05 om 5.689e-03 r1 1.174e-02 r2 1.356e-02 | val th 2.233e-05 om 5.743e-03 r1 1.184e-02 r2 1.366e-02
[  50] train th 2.183e-05 om 5.955e-03 r1 1.175e-02 r2 1.358e-02 | val th 1.858e-05 om 5.914e-03 r1 1.182e-02 r2 1.368e-02
[  51] train th 2.233e-05 om 5.172e-03 r1 1.174e-02 r2 1.359e-02 | val th 2.430e-05 om 4.462e-03 r1 1.171e-02 r2 1.357e-02
[  52] train th 2.180e-05 om 5.065e-03 r1 1.185e-02 r2 1.371e-02 | val th 1.191e-05 om 5.138e-03 r1 1.172e-02 r2 1.367e-02
[  53] train th 2.337e-05 om 5.631e-03 r1 1.174e-02 r2 1.362e-02 | val th 1.963e-05 om 2.759e-03 r1 1.162e-02 r2 1.345e-02  *
[  54] train th 2.377e-05 om 5.059e-03 r1 1.180e-02 r2 1.367e-02 | val th 2.559e-05 om 4.263e-03 r1 1.169e-02 r2 1.361e-02
[  55] train th 1.927e-05 om 4.501e-03 r1 1.182e-02 r2 1.367e-02 | val th 1.718e-05 om 4.980e-03 r1 1.169e-02 r2 1.353e-02
[  56] train th 2.355e-05 om 5.556e-03 r1 1.193e-02 r2 1.381e-02 | val th 1.213e-05 om 4.109e-03 r1 1.153e-02 r2 1.346e-02
[  57] train th 2.360e-05 om 5.535e-03 r1 1.163e-02 r2 1.351e-02 | val th 2.203e-05 om 4.751e-03 r1 1.187e-02 r2 1.384e-02
[  58] train th 2.034e-05 om 4.410e-03 r1 1.172e-02 r2 1.359e-02 | val th 1.704e-05 om 4.536e-03 r1 1.186e-02 r2 1.366e-02
[  59] train th 2.346e-05 om 6.731e-03 r1 1.169e-02 r2 1.357e-02 | val th 1.105e-05 om 6.056e-03 r1 1.162e-02 r2 1.337e-02
[  60] train th 2.279e-05 om 6.200e-03 r1 1.162e-02 r2 1.351e-02 | val th 2.212e-05 om 5.642e-03 r1 1.159e-02 r2 1.340e-02
[  61] train th 2.483e-05 om 5.118e-03 r1 1.158e-02 r2 1.345e-02 | val th 1.261e-05 om 5.610e-03 r1 1.154e-02 r2 1.332e-02
[  62] train th 1.816e-05 om 6.252e-03 r1 1.148e-02 r2 1.336e-02 | val th 1.624e-05 om 6.089e-03 r1 1.166e-02 r2 1.328e-02
[  63] train th 2.293e-05 om 6.180e-03 r1 1.144e-02 r2 1.328e-02 | val th 2.162e-05 om 6.699e-03 r1 1.154e-02 r2 1.322e-02
[  64] train th 2.067e-05 om 4.923e-03 r1 1.140e-02 r2 1.322e-02 | val th 9.198e-06 om 4.227e-03 r1 1.117e-02 r2 1.302e-02  *
[  65] train th 2.251e-05 om 4.967e-03 r1 1.127e-02 r2 1.310e-02 | val th 1.778e-05 om 3.800e-03 r1 1.149e-02 r2 1.351e-02
[  66] train th 1.998e-05 om 4.353e-03 r1 1.131e-02 r2 1.316e-02 | val th 1.682e-05 om 4.668e-03 r1 1.141e-02 r2 1.341e-02
[  67] train th 2.069e-05 om 4.259e-03 r1 1.130e-02 r2 1.314e-02 | val th 1.816e-05 om 4.518e-03 r1 1.112e-02 r2 1.289e-02  *
[  68] train th 2.022e-05 om 4.897e-03 r1 1.118e-02 r2 1.297e-02 | val th 3.008e-05 om 5.241e-03 r1 1.099e-02 r2 1.297e-02
[  69] train th 2.063e-05 om 4.962e-03 r1 1.120e-02 r2 1.299e-02 | val th 2.310e-05 om 4.314e-03 r1 1.122e-02 r2 1.306e-02
[  70] train th 2.056e-05 om 4.312e-03 r1 1.123e-02 r2 1.304e-02 | val th 2.040e-05 om 3.216e-03 r1 1.107e-02 r2 1.283e-02  *
[  71] train th 2.209e-05 om 6.226e-03 r1 1.122e-02 r2 1.302e-02 | val th 1.719e-05 om 5.537e-03 r1 1.114e-02 r2 1.295e-02
[  72] train th 2.019e-05 om 6.262e-03 r1 1.118e-02 r2 1.296e-02 | val th 1.474e-05 om 4.788e-03 r1 1.129e-02 r2 1.282e-02
[  73] train th 2.158e-05 om 5.919e-03 r1 1.110e-02 r2 1.291e-02 | val th 1.260e-05 om 3.559e-03 r1 1.105e-02 r2 1.279e-02  *
[  74] train th 2.062e-05 om 4.350e-03 r1 1.107e-02 r2 1.283e-02 | val th 1.187e-05 om 4.748e-03 r1 1.109e-02 r2 1.289e-02
[  75] train th 2.300e-05 om 5.926e-03 r1 1.102e-02 r2 1.277e-02 | val th 3.182e-05 om 3.835e-03 r1 1.096e-02 r2 1.272e-02  *
[  76] train th 2.194e-05 om 5.099e-03 r1 1.091e-02 r2 1.267e-02 | val th 3.039e-05 om 6.168e-03 r1 1.101e-02 r2 1.284e-02
[  77] train th 2.105e-05 om 4.699e-03 r1 1.099e-02 r2 1.272e-02 | val th 2.051e-05 om 5.503e-03 r1 1.098e-02 r2 1.279e-02
[  78] train th 2.149e-05 om 6.426e-03 r1 1.102e-02 r2 1.278e-02 | val th 2.862e-05 om 5.960e-03 r1 1.086e-02 r2 1.267e-02
[  79] train th 2.170e-05 om 5.044e-03 r1 1.092e-02 r2 1.267e-02 | val th 1.604e-05 om 5.445e-03 r1 1.101e-02 r2 1.283e-02
[  80] train th 2.002e-05 om 4.891e-03 r1 1.103e-02 r2 1.278e-02 | val th 1.656e-05 om 2.808e-03 r1 1.066e-02 r2 1.249e-02  *
[  81] train th 2.187e-05 om 4.503e-03 r1 1.094e-02 r2 1.270e-02 | val th 1.249e-05 om 6.267e-03 r1 1.107e-02 r2 1.272e-02
[  82] train th 1.806e-05 om 6.224e-03 r1 1.095e-02 r2 1.269e-02 | val th 2.454e-05 om 6.282e-03 r1 1.105e-02 r2 1.287e-02
[  83] train th 2.112e-05 om 5.190e-03 r1 1.089e-02 r2 1.264e-02 | val th 1.036e-05 om 3.846e-03 r1 1.107e-02 r2 1.287e-02
[  84] train th 2.175e-05 om 5.325e-03 r1 1.089e-02 r2 1.265e-02 | val th 2.196e-05 om 3.389e-03 r1 1.100e-02 r2 1.271e-02
[  85] train th 1.986e-05 om 5.225e-03 r1 1.094e-02 r2 1.270e-02 | val th 1.689e-05 om 3.801e-03 r1 1.123e-02 r2 1.285e-02
[  86] train th 2.234e-05 om 4.827e-03 r1 1.101e-02 r2 1.277e-02 | val th 1.645e-05 om 4.684e-03 r1 1.104e-02 r2 1.277e-02
[  87] train th 2.098e-05 om 5.956e-03 r1 1.094e-02 r2 1.268e-02 | val th 1.735e-05 om 4.554e-03 r1 1.080e-02 r2 1.259e-02
[  88] train th 2.082e-05 om 5.306e-03 r1 1.087e-02 r2 1.260e-02 | val th 8.128e-06 om 8.141e-03 r1 1.097e-02 r2 1.282e-02
[  89] train th 1.808e-05 om 5.080e-03 r1 1.095e-02 r2 1.269e-02 | val th 1.744e-05 om 7.330e-03 r1 1.076e-02 r2 1.249e-02
[  90] train th 2.305e-05 om 5.265e-03 r1 1.094e-02 r2 1.269e-02 | val th 3.050e-05 om 2.880e-03 r1 1.087e-02 r2 1.268e-02
[  91] train th 2.079e-05 om 5.353e-03 r1 1.088e-02 r2 1.262e-02 | val th 3.325e-05 om 6.018e-03 r1 1.076e-02 r2 1.260e-02
[  92] train th 2.014e-05 om 6.775e-03 r1 1.089e-02 r2 1.264e-02 | val th 1.229e-05 om 3.734e-03 r1 1.079e-02 r2 1.251e-02
[  93] train th 2.248e-05 om 5.174e-03 r1 1.094e-02 r2 1.269e-02 | val th 1.308e-05 om 6.168e-03 r1 1.078e-02 r2 1.259e-02
[  94] train th 1.984e-05 om 5.978e-03 r1 1.090e-02 r2 1.265e-02 | val th 3.385e-05 om 4.560e-03 r1 1.059e-02 r2 1.242e-02
[  95] train th 8.858e-06 om 2.568e-03 r1 1.025e-02 r2 1.201e-02 | val th 8.301e-06 om 2.032e-03 r1 1.024e-02 r2 1.206e-02  *
[  96] train th 8.715e-06 om 2.226e-03 r1 1.019e-02 r2 1.195e-02 | val th 1.005e-05 om 1.290e-03 r1 1.024e-02 r2 1.199e-02  *
[  97] train th 7.124e-06 om 1.586e-03 r1 1.019e-02 r2 1.194e-02 | val th 4.732e-06 om 9.420e-04 r1 1.016e-02 r2 1.192e-02  *
[  98] train th 8.020e-06 om 1.352e-03 r1 1.018e-02 r2 1.194e-02 | val th 1.179e-05 om 1.307e-03 r1 1.022e-02 r2 1.197e-02
[  99] train th 8.303e-06 om 1.539e-03 r1 1.021e-02 r2 1.197e-02 | val th 5.907e-06 om 1.696e-03 r1 1.019e-02 r2 1.198e-02
[ 100] train th 7.739e-06 om 1.493e-03 r1 1.016e-02 r2 1.194e-02 | val th 1.044e-05 om 9.348e-04 r1 1.022e-02 r2 1.194e-02
[ 101] train th 8.160e-06 om 1.229e-03 r1 1.015e-02 r2 1.190e-02 | val th 6.136e-06 om 1.466e-03 r1 1.015e-02 r2 1.194e-02
[ 102] train th 7.574e-06 om 1.376e-03 r1 1.015e-02 r2 1.193e-02 | val th 5.419e-06 om 1.044e-03 r1 1.037e-02 r2 1.213e-02
[ 103] train th 7.761e-06 om 1.452e-03 r1 1.020e-02 r2 1.197e-02 | val th 1.271e-05 om 1.174e-03 r1 1.011e-02 r2 1.197e-02
[ 104] train th 8.309e-06 om 1.645e-03 r1 1.014e-02 r2 1.189e-02 | val th 8.952e-06 om 1.343e-03 r1 1.016e-02 r2 1.206e-02
[ 105] train th 8.469e-06 om 1.277e-03 r1 1.017e-02 r2 1.193e-02 | val th 4.824e-06 om 1.235e-03 r1 1.018e-02 r2 1.194e-02
[ 106] train th 7.684e-06 om 1.294e-03 r1 1.016e-02 r2 1.192e-02 | val th 9.275e-06 om 1.709e-03 r1 1.010e-02 r2 1.192e-02
[ 107] train th 9.528e-06 om 1.635e-03 r1 1.010e-02 r2 1.185e-02 | val th 1.228e-05 om 1.185e-03 r1 1.007e-02 r2 1.184e-02  *
[ 108] train th 8.066e-06 om 1.671e-03 r1 1.008e-02 r2 1.185e-02 | val th 1.023e-05 om 1.208e-03 r1 1.004e-02 r2 1.181e-02  *
[ 109] train th 9.597e-06 om 1.413e-03 r1 1.017e-02 r2 1.194e-02 | val th 3.991e-06 om 1.146e-03 r1 1.011e-02 r2 1.193e-02
[ 110] train th 8.077e-06 om 1.985e-03 r1 1.014e-02 r2 1.188e-02 | val th 1.087e-05 om 1.545e-03 r1 1.005e-02 r2 1.187e-02
[ 111] train th 8.857e-06 om 1.517e-03 r1 1.022e-02 r2 1.199e-02 | val th 3.465e-06 om 2.030e-03 r1 1.018e-02 r2 1.192e-02
[ 112] train th 7.671e-06 om 1.232e-03 r1 1.007e-02 r2 1.183e-02 | val th 1.762e-05 om 1.172e-03 r1 1.023e-02 r2 1.206e-02
[ 113] train th 7.753e-06 om 1.595e-03 r1 1.007e-02 r2 1.184e-02 | val th 8.342e-06 om 1.509e-03 r1 1.006e-02 r2 1.182e-02
[ 114] train th 8.242e-06 om 1.448e-03 r1 1.014e-02 r2 1.190e-02 | val th 3.796e-06 om 9.657e-04 r1 1.003e-02 r2 1.183e-02  *
[ 115] train th 7.272e-06 om 1.430e-03 r1 1.009e-02 r2 1.186e-02 | val th 1.069e-05 om 1.415e-03 r1 1.005e-02 r2 1.185e-02
[ 116] train th 6.870e-06 om 1.197e-03 r1 1.010e-02 r2 1.186e-02 | val th 1.140e-05 om 8.312e-04 r1 1.013e-02 r2 1.185e-02
[ 117] train th 9.230e-06 om 1.343e-03 r1 1.010e-02 r2 1.185e-02 | val th 6.760e-06 om 1.055e-03 r1 1.010e-02 r2 1.182e-02
[ 118] train th 7.899e-06 om 1.504e-03 r1 1.004e-02 r2 1.180e-02 | val th 5.477e-06 om 1.774e-03 r1 1.011e-02 r2 1.183e-02
[ 119] train th 8.989e-06 om 1.304e-03 r1 1.009e-02 r2 1.185e-02 | val th 1.448e-05 om 8.632e-04 r1 1.016e-02 r2 1.195e-02
[ 120] train th 7.875e-06 om 1.209e-03 r1 1.009e-02 r2 1.185e-02 | val th 9.581e-06 om 1.734e-03 r1 1.006e-02 r2 1.186e-02
[ 121] train th 8.224e-06 om 1.310e-03 r1 1.012e-02 r2 1.189e-02 | val th 6.544e-06 om 1.922e-03 r1 1.006e-02 r2 1.190e-02
[ 122] train th 8.544e-06 om 1.756e-03 r1 1.003e-02 r2 1.181e-02 | val th 7.572e-06 om 1.449e-03 r1 9.964e-03 r2 1.172e-02  *
[ 123] train th 8.895e-06 om 1.515e-03 r1 1.008e-02 r2 1.189e-02 | val th 4.355e-06 om 1.414e-03 r1 1.003e-02 r2 1.183e-02
[ 124] train th 8.847e-06 om 1.394e-03 r1 1.006e-02 r2 1.188e-02 | val th 6.088e-06 om 1.316e-03 r1 1.004e-02 r2 1.181e-02
[ 125] train th 8.852e-06 om 1.785e-03 r1 1.001e-02 r2 1.182e-02 | val th 8.909e-06 om 1.186e-03 r1 9.980e-03 r2 1.174e-02
[ 126] train th 7.353e-06 om 1.525e-03 r1 9.903e-03 r2 1.164e-02 | val th 4.514e-06 om 1.359e-03 r1 9.850e-03 r2 1.157e-02  *
[ 127] train th 8.579e-06 om 2.296e-03 r1 9.866e-03 r2 1.158e-02 | val th 7.349e-06 om 2.114e-03 r1 9.870e-03 r2 1.161e-02
[ 128] train th 9.376e-06 om 1.502e-03 r1 9.873e-03 r2 1.158e-02 | val th 6.249e-06 om 1.185e-03 r1 9.914e-03 r2 1.167e-02
[ 129] train th 8.641e-06 om 1.326e-03 r1 9.945e-03 r2 1.166e-02 | val th 2.069e-05 om 1.769e-03 r1 9.831e-03 r2 1.155e-02
[ 130] train th 9.093e-06 om 1.676e-03 r1 9.882e-03 r2 1.160e-02 | val th 4.988e-06 om 1.530e-03 r1 9.958e-03 r2 1.170e-02
[ 131] train th 9.527e-06 om 1.654e-03 r1 9.952e-03 r2 1.167e-02 | val th 4.302e-06 om 1.061e-03 r1 9.929e-03 r2 1.165e-02
[ 132] train th 9.165e-06 om 1.414e-03 r1 9.903e-03 r2 1.161e-02 | val th 9.848e-06 om 1.427e-03 r1 9.888e-03 r2 1.160e-02
[ 133] train th 7.884e-06 om 1.183e-03 r1 9.893e-03 r2 1.161e-02 | val th 1.282e-05 om 1.611e-03 r1 9.881e-03 r2 1.160e-02
[ 134] train th 9.342e-06 om 1.699e-03 r1 9.922e-03 r2 1.164e-02 | val th 8.659e-06 om 2.171e-03 r1 9.860e-03 r2 1.159e-02
[ 135] train th 9.268e-06 om 1.518e-03 r1 9.871e-03 r2 1.159e-02 | val th 4.838e-06 om 1.062e-03 r1 9.853e-03 r2 1.165e-02
[ 136] train th 9.202e-06 om 1.555e-03 r1 9.923e-03 r2 1.165e-02 | val th 1.184e-05 om 1.257e-03 r1 9.883e-03 r2 1.165e-02
[ 137] train th 8.712e-06 om 1.499e-03 r1 9.897e-03 r2 1.161e-02 | val th 1.146e-05 om 1.450e-03 r1 9.942e-03 r2 1.167e-02
[ 138] train th 7.564e-06 om 1.673e-03 r1 9.911e-03 r2 1.163e-02 | val th 3.067e-06 om 1.064e-03 r1 9.824e-03 r2 1.156e-02  *
[ 139] train th 8.905e-06 om 1.459e-03 r1 9.832e-03 r2 1.154e-02 | val th 4.824e-06 om 2.369e-03 r1 9.829e-03 r2 1.147e-02
[ 140] train th 9.266e-06 om 1.512e-03 r1 9.855e-03 r2 1.157e-02 | val th 5.669e-06 om 9.251e-04 r1 9.993e-03 r2 1.177e-02
[ 141] train th 8.584e-06 om 1.573e-03 r1 9.875e-03 r2 1.160e-02 | val th 9.821e-06 om 1.277e-03 r1 9.981e-03 r2 1.172e-02
[ 142] train th 8.078e-06 om 1.398e-03 r1 9.862e-03 r2 1.159e-02 | val th 4.360e-06 om 9.106e-04 r1 9.860e-03 r2 1.163e-02
[ 143] train th 8.841e-06 om 1.266e-03 r1 9.884e-03 r2 1.163e-02 | val th 4.567e-06 om 7.392e-04 r1 9.838e-03 r2 1.158e-02  *
[ 144] train th 7.672e-06 om 1.435e-03 r1 9.749e-03 r2 1.149e-02 | val th 1.153e-05 om 1.136e-03 r1 9.833e-03 r2 1.163e-02
[ 145] train th 9.736e-06 om 1.773e-03 r1 9.822e-03 r2 1.156e-02 | val th 1.150e-05 om 1.231e-03 r1 9.909e-03 r2 1.165e-02
[ 146] train th 8.654e-06 om 1.635e-03 r1 9.777e-03 r2 1.149e-02 | val th 6.985e-06 om 1.466e-03 r1 9.850e-03 r2 1.154e-02
[ 147] train th 8.680e-06 om 2.006e-03 r1 9.726e-03 r2 1.141e-02 | val th 4.677e-06 om 1.698e-03 r1 9.752e-03 r2 1.142e-02  *
[ 148] train th 8.321e-06 om 1.295e-03 r1 9.785e-03 r2 1.149e-02 | val th 1.088e-05 om 1.438e-03 r1 9.703e-03 r2 1.140e-02  *
[ 149] train th 9.733e-06 om 1.996e-03 r1 9.738e-03 r2 1.141e-02 | val th 4.813e-06 om 2.410e-03 r1 9.754e-03 r2 1.148e-02
[ 150] train th 8.022e-06 om 1.402e-03 r1 9.717e-03 r2 1.141e-02 | val th 9.022e-06 om 1.679e-03 r1 9.687e-03 r2 1.141e-02
[ 151] train th 7.725e-06 om 1.467e-03 r1 9.715e-03 r2 1.140e-02 | val th 1.173e-05 om 2.200e-03 r1 9.860e-03 r2 1.166e-02
[ 152] train th 8.635e-06 om 1.761e-03 r1 9.756e-03 r2 1.144e-02 | val th 1.751e-05 om 1.067e-03 r1 9.821e-03 r2 1.152e-02
[ 153] train th 9.360e-06 om 1.309e-03 r1 9.755e-03 r2 1.144e-02 | val th 8.973e-06 om 1.399e-03 r1 9.819e-03 r2 1.152e-02
[ 154] train th 8.757e-06 om 1.190e-03 r1 9.736e-03 r2 1.142e-02 | val th 6.793e-06 om 8.592e-04 r1 9.645e-03 r2 1.133e-02  *
[ 155] train th 8.195e-06 om 1.480e-03 r1 9.696e-03 r2 1.137e-02 | val th 1.645e-05 om 1.140e-03 r1 9.718e-03 r2 1.140e-02
[ 156] train th 1.011e-05 om 2.007e-03 r1 9.716e-03 r2 1.140e-02 | val th 8.303e-06 om 1.448e-03 r1 9.785e-03 r2 1.154e-02
[ 157] train th 8.632e-06 om 1.507e-03 r1 9.691e-03 r2 1.138e-02 | val th 9.503e-06 om 1.170e-03 r1 9.755e-03 r2 1.144e-02
[ 158] train th 1.199e-05 om 1.468e-03 r1 9.882e-03 r2 1.160e-02 | val th 3.145e-06 om 1.552e-03 r1 9.789e-03 r2 1.145e-02
[ 159] train th 9.478e-06 om 2.033e-03 r1 9.759e-03 r2 1.144e-02 | val th 6.288e-06 om 1.138e-03 r1 9.775e-03 r2 1.147e-02
[ 160] train th 8.546e-06 om 1.373e-03 r1 9.770e-03 r2 1.145e-02 | val th 5.154e-06 om 9.591e-04 r1 9.690e-03 r2 1.142e-02
[ 161] train th 8.677e-06 om 1.584e-03 r1 9.676e-03 r2 1.135e-02 | val th 4.719e-06 om 1.273e-03 r1 9.712e-03 r2 1.138e-02
[ 162] train th 8.302e-06 om 1.327e-03 r1 9.686e-03 r2 1.136e-02 | val th 6.832e-06 om 1.530e-03 r1 9.802e-03 r2 1.141e-02
[ 163] train th 8.845e-06 om 1.394e-03 r1 9.681e-03 r2 1.136e-02 | val th 4.737e-06 om 1.361e-03 r1 9.682e-03 r2 1.140e-02
[ 164] train th 8.872e-06 om 1.437e-03 r1 9.705e-03 r2 1.139e-02 | val th 8.752e-06 om 1.021e-03 r1 9.801e-03 r2 1.152e-02
[ 165] train th 8.697e-06 om 1.566e-03 r1 9.713e-03 r2 1.138e-02 | val th 5.426e-06 om 2.025e-03 r1 9.770e-03 r2 1.149e-02
[ 166] train th 8.742e-06 om 1.398e-03 r1 9.680e-03 r2 1.136e-02 | val th 6.260e-06 om 1.061e-03 r1 9.593e-03 r2 1.128e-02  *
[ 167] train th 8.377e-06 om 1.425e-03 r1 9.699e-03 r2 1.137e-02 | val th 7.137e-06 om 1.954e-03 r1 9.786e-03 r2 1.145e-02
[ 168] train th 9.601e-06 om 1.336e-03 r1 9.700e-03 r2 1.138e-02 | val th 5.254e-06 om 1.729e-03 r1 9.627e-03 r2 1.126e-02
[ 169] train th 8.675e-06 om 1.333e-03 r1 9.720e-03 r2 1.139e-02 | val th 4.149e-06 om 1.019e-03 r1 9.774e-03 r2 1.143e-02
[ 170] train th 8.234e-06 om 2.004e-03 r1 9.744e-03 r2 1.142e-02 | val th 5.932e-06 om 1.970e-03 r1 9.658e-03 r2 1.135e-02
[ 171] train th 8.442e-06 om 1.642e-03 r1 9.667e-03 r2 1.133e-02 | val th 4.741e-06 om 1.056e-03 r1 9.722e-03 r2 1.139e-02
[ 172] train th 9.069e-06 om 1.499e-03 r1 9.711e-03 r2 1.139e-02 | val th 6.088e-06 om 1.430e-03 r1 9.681e-03 r2 1.145e-02
[ 173] train th 9.716e-06 om 1.687e-03 r1 9.677e-03 r2 1.135e-02 | val th 1.453e-05 om 1.810e-03 r1 9.672e-03 r2 1.135e-02
[ 174] train th 9.436e-06 om 1.363e-03 r1 9.658e-03 r2 1.133e-02 | val th 1.144e-05 om 1.397e-03 r1 9.602e-03 r2 1.126e-02
[ 175] train th 1.043e-05 om 1.419e-03 r1 9.661e-03 r2 1.134e-02 | val th 8.719e-06 om 8.436e-04 r1 9.668e-03 r2 1.129e-02
[ 176] train th 9.401e-06 om 1.414e-03 r1 9.633e-03 r2 1.130e-02 | val th 7.015e-06 om 1.250e-03 r1 9.794e-03 r2 1.152e-02
[ 177] train th 9.272e-06 om 1.703e-03 r1 9.634e-03 r2 1.131e-02 | val th 9.399e-06 om 1.500e-03 r1 9.605e-03 r2 1.128e-02
[ 178] train th 9.272e-06 om 1.857e-03 r1 9.668e-03 r2 1.134e-02 | val th 6.931e-06 om 9.417e-04 r1 9.646e-03 r2 1.134e-02
[ 179] train th 8.273e-06 om 1.324e-03 r1 9.644e-03 r2 1.132e-02 | val th 7.860e-06 om 1.578e-03 r1 9.661e-03 r2 1.133e-02
[ 180] train th 8.929e-06 om 1.523e-03 r1 9.640e-03 r2 1.130e-02 | val th 8.530e-06 om 2.246e-03 r1 9.629e-03 r2 1.133e-02
[ 181] train th 4.066e-06 om 7.663e-04 r1 9.446e-03 r2 1.112e-02 | val th 4.517e-06 om 4.730e-04 r1 9.468e-03 r2 1.113e-02  *
[ 182] train th 3.611e-06 om 5.106e-04 r1 9.384e-03 r2 1.105e-02 | val th 4.095e-06 om 5.601e-04 r1 9.413e-03 r2 1.108e-02  *
[ 183] train th 4.102e-06 om 4.979e-04 r1 9.399e-03 r2 1.106e-02 | val th 2.877e-06 om 5.285e-04 r1 9.448e-03 r2 1.108e-02
[ 184] train th 3.789e-06 om 4.165e-04 r1 9.371e-03 r2 1.104e-02 | val th 5.868e-06 om 7.353e-04 r1 9.358e-03 r2 1.104e-02  *
[ 185] train th 3.352e-06 om 4.695e-04 r1 9.355e-03 r2 1.102e-02 | val th 2.551e-06 om 4.785e-04 r1 9.371e-03 r2 1.105e-02  *
[ 186] train th 3.314e-06 om 4.951e-04 r1 9.345e-03 r2 1.101e-02 | val th 1.200e-06 om 4.752e-04 r1 9.378e-03 r2 1.107e-02
[ 187] train th 3.706e-06 om 3.946e-04 r1 9.363e-03 r2 1.103e-02 | val th 3.107e-06 om 5.281e-04 r1 9.372e-03 r2 1.103e-02  *
[ 188] train th 3.450e-06 om 4.754e-04 r1 9.360e-03 r2 1.102e-02 | val th 1.686e-06 om 4.295e-04 r1 9.391e-03 r2 1.105e-02
[ 189] train th 3.461e-06 om 4.714e-04 r1 9.363e-03 r2 1.103e-02 | val th 1.769e-06 om 3.554e-04 r1 9.378e-03 r2 1.104e-02  *
[ 190] train th 3.129e-06 om 4.326e-04 r1 9.359e-03 r2 1.103e-02 | val th 1.045e-05 om 4.445e-04 r1 9.993e-03 r2 1.168e-02
[ 191] train th 3.673e-06 om 5.175e-04 r1 9.397e-03 r2 1.105e-02 | val th 3.659e-06 om 8.115e-04 r1 9.405e-03 r2 1.108e-02
[ 192] train th 3.439e-06 om 5.559e-04 r1 9.360e-03 r2 1.102e-02 | val th 3.326e-06 om 7.459e-04 r1 9.404e-03 r2 1.107e-02
[ 193] train th 3.440e-06 om 4.408e-04 r1 9.361e-03 r2 1.103e-02 | val th 3.741e-06 om 3.475e-04 r1 9.379e-03 r2 1.104e-02
[ 194] train th 3.524e-06 om 4.416e-04 r1 9.338e-03 r2 1.100e-02 | val th 3.584e-06 om 3.733e-04 r1 9.329e-03 r2 1.101e-02  *
[ 195] train th 3.594e-06 om 5.140e-04 r1 9.376e-03 r2 1.104e-02 | val th 2.186e-06 om 6.108e-04 r1 9.334e-03 r2 1.101e-02
[ 196] train th 3.195e-06 om 4.597e-04 r1 9.331e-03 r2 1.099e-02 | val th 5.502e-06 om 5.467e-04 r1 9.359e-03 r2 1.104e-02
[ 197] train th 3.348e-06 om 4.871e-04 r1 9.350e-03 r2 1.101e-02 | val th 3.162e-06 om 5.238e-04 r1 9.327e-03 r2 1.099e-02  *
[ 198] train th 3.814e-06 om 4.628e-04 r1 9.344e-03 r2 1.101e-02 | val th 4.495e-06 om 4.248e-04 r1 9.344e-03 r2 1.101e-02
[ 199] train th 3.154e-06 om 4.050e-04 r1 9.344e-03 r2 1.100e-02 | val th 2.821e-06 om 4.676e-04 r1 9.406e-03 r2 1.108e-02
[ 200] train th 3.251e-06 om 4.412e-04 r1 9.334e-03 r2 1.099e-02 | val th 4.170e-06 om 5.220e-04 r1 9.410e-03 r2 1.105e-02
[ 201] train th 3.769e-06 om 5.178e-04 r1 9.343e-03 r2 1.100e-02 | val th 3.083e-06 om 2.637e-04 r1 9.354e-03 r2 1.105e-02
[ 202] train th 3.177e-06 om 3.916e-04 r1 9.328e-03 r2 1.099e-02 | val th 3.350e-06 om 7.335e-04 r1 9.338e-03 r2 1.101e-02
[ 203] train th 3.689e-06 om 6.663e-04 r1 9.326e-03 r2 1.099e-02 | val th 4.520e-06 om 4.724e-04 r1 9.414e-03 r2 1.106e-02
[ 204] train th 3.198e-06 om 4.035e-04 r1 9.330e-03 r2 1.099e-02 | val th 2.892e-06 om 3.871e-04 r1 9.315e-03 r2 1.099e-02  *
[ 205] train th 3.592e-06 om 5.155e-04 r1 9.338e-03 r2 1.100e-02 | val th 6.012e-06 om 6.116e-04 r1 9.334e-03 r2 1.099e-02
[ 206] train th 3.659e-06 om 5.255e-04 r1 9.337e-03 r2 1.100e-02 | val th 5.999e-06 om 7.179e-04 r1 9.382e-03 r2 1.108e-02
[ 207] train th 3.984e-06 om 4.276e-04 r1 9.332e-03 r2 1.101e-02 | val th 3.880e-06 om 4.389e-04 r1 9.344e-03 r2 1.102e-02
[ 208] train th 3.175e-06 om 4.317e-04 r1 9.325e-03 r2 1.101e-02 | val th 2.301e-06 om 3.839e-04 r1 9.326e-03 r2 1.102e-02
[ 209] train th 2.850e-06 om 4.371e-04 r1 9.296e-03 r2 1.100e-02 | val th 5.992e-06 om 5.285e-04 r1 9.310e-03 r2 1.101e-02
[ 210] train th 3.248e-06 om 5.668e-04 r1 9.246e-03 r2 1.096e-02 | val th 2.497e-06 om 3.791e-04 r1 9.288e-03 r2 1.102e-02  *
[ 211] train th 3.687e-06 om 5.579e-04 r1 9.253e-03 r2 1.097e-02 | val th 4.390e-06 om 6.762e-04 r1 9.294e-03 r2 1.101e-02
[ 212] train th 3.431e-06 om 4.476e-04 r1 9.238e-03 r2 1.094e-02 | val th 4.600e-06 om 4.092e-04 r1 9.304e-03 r2 1.104e-02
[ 213] train th 3.476e-06 om 4.463e-04 r1 9.244e-03 r2 1.091e-02 | val th 2.980e-06 om 3.076e-04 r1 9.222e-03 r2 1.090e-02  *
[ 214] train th 3.473e-06 om 3.869e-04 r1 9.223e-03 r2 1.086e-02 | val th 3.720e-06 om 4.840e-04 r1 9.291e-03 r2 1.091e-02
[ 215] train th 3.697e-06 om 7.010e-04 r1 9.224e-03 r2 1.086e-02 | val th 4.508e-06 om 8.867e-04 r1 9.257e-03 r2 1.087e-02
[ 216] train th 3.897e-06 om 5.569e-04 r1 9.206e-03 r2 1.084e-02 | val th 5.068e-06 om 4.325e-04 r1 9.236e-03 r2 1.088e-02
[ 217] train th 3.244e-06 om 4.700e-04 r1 9.201e-03 r2 1.083e-02 | val th 4.047e-06 om 8.348e-04 r1 9.222e-03 r2 1.084e-02
[ 218] train th 3.306e-06 om 5.047e-04 r1 9.187e-03 r2 1.082e-02 | val th 2.037e-06 om 1.012e-03 r1 9.206e-03 r2 1.083e-02
[ 219] train th 3.648e-06 om 5.815e-04 r1 9.208e-03 r2 1.083e-02 | val th 1.878e-06 om 4.618e-04 r1 9.276e-03 r2 1.091e-02
[ 220] train th 3.795e-06 om 4.979e-04 r1 9.198e-03 r2 1.083e-02 | val th 3.831e-06 om 7.330e-04 r1 9.253e-03 r2 1.088e-02
[ 221] train th 3.761e-06 om 5.973e-04 r1 9.205e-03 r2 1.083e-02 | val th 2.251e-06 om 4.442e-04 r1 9.227e-03 r2 1.086e-02  *
[ 222] train th 3.600e-06 om 4.882e-04 r1 9.202e-03 r2 1.083e-02 | val th 2.098e-06 om 4.213e-04 r1 9.207e-03 r2 1.085e-02  *
[ 223] train th 3.138e-06 om 4.203e-04 r1 9.191e-03 r2 1.082e-02 | val th 1.725e-06 om 4.136e-04 r1 9.257e-03 r2 1.089e-02
[ 224] train th 3.451e-06 om 4.483e-04 r1 9.216e-03 r2 1.084e-02 | val th 1.386e-06 om 3.483e-04 r1 9.255e-03 r2 1.086e-02
[ 225] train th 3.220e-06 om 5.059e-04 r1 9.213e-03 r2 1.084e-02 | val th 4.602e-06 om 4.134e-04 r1 9.250e-03 r2 1.087e-02
[ 226] train th 3.753e-06 om 6.741e-04 r1 9.197e-03 r2 1.083e-02 | val th 2.755e-06 om 5.695e-04 r1 9.272e-03 r2 1.092e-02
[ 227] train th 3.623e-06 om 4.876e-04 r1 9.211e-03 r2 1.084e-02 | val th 2.770e-06 om 5.243e-04 r1 9.266e-03 r2 1.087e-02
[ 228] train th 3.864e-06 om 4.781e-04 r1 9.231e-03 r2 1.086e-02 | val th 2.868e-06 om 6.141e-04 r1 9.267e-03 r2 1.086e-02
[ 229] train th 3.504e-06 om 4.863e-04 r1 9.209e-03 r2 1.084e-02 | val th 2.293e-06 om 4.424e-04 r1 9.272e-03 r2 1.090e-02
[ 230] train th 4.083e-06 om 5.307e-04 r1 9.213e-03 r2 1.084e-02 | val th 1.616e-06 om 3.234e-04 r1 9.233e-03 r2 1.087e-02
[ 231] train th 3.768e-06 om 6.604e-04 r1 9.209e-03 r2 1.084e-02 | val th 3.417e-06 om 7.684e-04 r1 9.242e-03 r2 1.090e-02
[ 232] train th 3.717e-06 om 5.075e-04 r1 9.228e-03 r2 1.086e-02 | val th 3.711e-06 om 3.970e-04 r1 9.250e-03 r2 1.089e-02
[ 233] train th 3.788e-06 om 5.890e-04 r1 9.264e-03 r2 1.089e-02 | val th 2.552e-06 om 5.821e-04 r1 9.275e-03 r2 1.091e-02
[ 234] train th 3.634e-06 om 4.851e-04 r1 9.210e-03 r2 1.084e-02 | val th 4.484e-06 om 7.211e-04 r1 9.353e-03 r2 1.099e-02
[ 235] train th 4.011e-06 om 5.411e-04 r1 9.233e-03 r2 1.086e-02 | val th 4.688e-06 om 3.419e-04 r1 9.266e-03 r2 1.090e-02
[ 236] train th 3.450e-06 om 5.117e-04 r1 9.195e-03 r2 1.083e-02 | val th 2.206e-06 om 2.761e-04 r1 9.263e-03 r2 1.088e-02
[ 237] train th 1.501e-06 om 2.544e-04 r1 9.087e-03 r2 1.072e-02 | val th 1.217e-06 om 2.171e-04 r1 9.102e-03 r2 1.074e-02  *
[ 238] train th 1.848e-06 om 2.460e-04 r1 9.068e-03 r2 1.070e-02 | val th 2.920e-06 om 4.196e-04 r1 9.093e-03 r2 1.073e-02
[ 239] train th 1.599e-06 om 2.479e-04 r1 9.071e-03 r2 1.070e-02 | val th 1.070e-06 om 2.917e-04 r1 9.090e-03 r2 1.073e-02  *
[ 240] train th 1.445e-06 om 2.244e-04 r1 9.064e-03 r2 1.069e-02 | val th 1.303e-06 om 1.712e-04 r1 9.077e-03 r2 1.072e-02  *
[ 241] train th 1.567e-06 om 2.282e-04 r1 9.057e-03 r2 1.069e-02 | val th 8.630e-07 om 1.844e-04 r1 9.079e-03 r2 1.071e-02  *
[ 242] train th 1.607e-06 om 2.302e-04 r1 9.056e-03 r2 1.069e-02 | val th 1.592e-06 om 2.446e-04 r1 9.073e-03 r2 1.071e-02  *
[ 243] train th 1.437e-06 om 2.304e-04 r1 9.059e-03 r2 1.069e-02 | val th 1.917e-06 om 2.670e-04 r1 9.072e-03 r2 1.071e-02
[ 244] train th 1.367e-06 om 1.990e-04 r1 9.055e-03 r2 1.068e-02 | val th 2.143e-06 om 2.168e-04 r1 9.087e-03 r2 1.072e-02
[ 245] train th 2.080e-06 om 3.133e-04 r1 9.067e-03 r2 1.069e-02 | val th 7.219e-07 om 2.178e-04 r1 9.073e-03 r2 1.072e-02
[ 246] train th 1.367e-06 om 2.105e-04 r1 9.050e-03 r2 1.068e-02 | val th 6.538e-07 om 2.368e-04 r1 9.079e-03 r2 1.070e-02
[ 247] train th 2.404e-06 om 3.017e-04 r1 9.062e-03 r2 1.069e-02 | val th 5.804e-07 om 1.864e-04 r1 9.091e-03 r2 1.072e-02
[ 248] train th 1.265e-06 om 2.026e-04 r1 9.057e-03 r2 1.069e-02 | val th 1.386e-06 om 2.145e-04 r1 9.072e-03 r2 1.070e-02  *
[ 249] train th 1.548e-06 om 2.076e-04 r1 9.056e-03 r2 1.069e-02 | val th 8.152e-07 om 1.612e-04 r1 9.076e-03 r2 1.071e-02  *
[ 250] train th 1.440e-06 om 2.053e-04 r1 9.067e-03 r2 1.069e-02 | val th 9.833e-07 om 1.951e-04 r1 9.078e-03 r2 1.071e-02
[ 251] train th 1.646e-06 om 1.864e-04 r1 9.055e-03 r2 1.069e-02 | val th 1.342e-06 om 2.099e-04 r1 9.083e-03 r2 1.071e-02
[ 252] train th 1.660e-06 om 1.970e-04 r1 9.063e-03 r2 1.069e-02 | val th 9.437e-07 om 2.148e-04 r1 9.097e-03 r2 1.074e-02
[ 253] train th 1.404e-06 om 2.020e-04 r1 9.059e-03 r2 1.069e-02 | val th 4.829e-07 om 1.413e-04 r1 9.095e-03 r2 1.073e-02
[ 254] train th 1.517e-06 om 1.969e-04 r1 9.052e-03 r2 1.068e-02 | val th 1.239e-06 om 1.350e-04 r1 9.105e-03 r2 1.072e-02
[ 255] train th 1.520e-06 om 2.070e-04 r1 9.054e-03 r2 1.068e-02 | val th 1.552e-06 om 1.251e-04 r1 9.082e-03 r2 1.071e-02
[ 256] train th 1.496e-06 om 2.093e-04 r1 9.047e-03 r2 1.068e-02 | val th 7.955e-07 om 2.180e-04 r1 9.079e-03 r2 1.071e-02
[ 257] train th 1.410e-06 om 2.334e-04 r1 9.051e-03 r2 1.068e-02 | val th 1.171e-06 om 1.902e-04 r1 9.083e-03 r2 1.072e-02
[ 258] train th 1.443e-06 om 2.025e-04 r1 9.054e-03 r2 1.068e-02 | val th 1.615e-06 om 1.879e-04 r1 9.078e-03 r2 1.070e-02
[ 259] train th 1.510e-06 om 2.484e-04 r1 9.055e-03 r2 1.068e-02 | val th 1.443e-06 om 3.396e-04 r1 9.080e-03 r2 1.071e-02
[ 260] train th 1.501e-06 om 1.877e-04 r1 9.047e-03 r2 1.067e-02 | val th 4.988e-07 om 1.539e-04 r1 9.062e-03 r2 1.069e-02  *
[ 261] train th 1.624e-06 om 2.085e-04 r1 9.048e-03 r2 1.068e-02 | val th 6.404e-07 om 2.495e-04 r1 9.071e-03 r2 1.070e-02
[ 262] train th 1.301e-06 om 1.891e-04 r1 9.043e-03 r2 1.067e-02 | val th 9.221e-07 om 2.225e-04 r1 9.062e-03 r2 1.069e-02
[ 263] train th 1.351e-06 om 1.974e-04 r1 9.047e-03 r2 1.067e-02 | val th 6.756e-07 om 1.654e-04 r1 9.068e-03 r2 1.070e-02
[ 264] train th 1.321e-06 om 1.826e-04 r1 9.047e-03 r2 1.068e-02 | val th 1.173e-06 om 1.721e-04 r1 9.069e-03 r2 1.070e-02
[ 265] train th 1.409e-06 om 1.929e-04 r1 9.051e-03 r2 1.068e-02 | val th 1.150e-06 om 1.797e-04 r1 9.075e-03 r2 1.070e-02
[ 266] train th 1.484e-06 om 1.978e-04 r1 9.050e-03 r2 1.068e-02 | val th 5.014e-07 om 2.189e-04 r1 9.081e-03 r2 1.071e-02
[ 267] train th 1.369e-06 om 1.991e-04 r1 9.046e-03 r2 1.067e-02 | val th 2.467e-06 om 3.075e-04 r1 9.081e-03 r2 1.071e-02
[ 268] train th 1.408e-06 om 2.023e-04 r1 9.043e-03 r2 1.067e-02 | val th 1.263e-06 om 1.951e-04 r1 9.063e-03 r2 1.069e-02
[ 269] train th 1.414e-06 om 2.226e-04 r1 9.046e-03 r2 1.067e-02 | val th 8.500e-07 om 1.678e-04 r1 9.059e-03 r2 1.070e-02
[ 270] train th 1.253e-06 om 1.783e-04 r1 9.041e-03 r2 1.067e-02 | val th 6.937e-07 om 1.838e-04 r1 9.064e-03 r2 1.070e-02
[ 271] train th 1.515e-06 om 1.840e-04 r1 9.049e-03 r2 1.067e-02 | val th 1.643e-06 om 1.466e-04 r1 9.078e-03 r2 1.069e-02
[ 272] train th 1.697e-06 om 2.366e-04 r1 9.052e-03 r2 1.068e-02 | val th 6.964e-07 om 2.138e-04 r1 9.067e-03 r2 1.071e-02
[ 273] train th 1.276e-06 om 2.355e-04 r1 9.045e-03 r2 1.067e-02 | val th 1.330e-06 om 2.901e-04 r1 9.065e-03 r2 1.070e-02
[ 274] train th 1.170e-06 om 1.968e-04 r1 9.047e-03 r2 1.068e-02 | val th 6.530e-07 om 3.461e-04 r1 9.054e-03 r2 1.069e-02
[ 275] train th 5.328e-07 om 1.076e-04 r1 9.004e-03 r2 1.064e-02 | val th 6.887e-07 om 9.497e-05 r1 9.022e-03 r2 1.066e-02  *
[ 276] train th 6.011e-07 om 8.328e-05 r1 9.001e-03 r2 1.063e-02 | val th 2.069e-07 om 7.837e-05 r1 9.020e-03 r2 1.066e-02  *
[ 277] train th 5.010e-07 om 8.058e-05 r1 8.997e-03 r2 1.063e-02 | val th 4.361e-07 om 7.261e-05 r1 9.017e-03 r2 1.065e-02  *
[ 278] train th 5.258e-07 om 9.710e-05 r1 8.998e-03 r2 1.063e-02 | val th 7.340e-07 om 1.029e-04 r1 9.015e-03 r2 1.065e-02
[ 279] train th 5.391e-07 om 9.527e-05 r1 8.996e-03 r2 1.063e-02 | val th 3.722e-07 om 8.722e-05 r1 9.013e-03 r2 1.065e-02  *
[ 280] train th 5.153e-07 om 9.361e-05 r1 8.994e-03 r2 1.063e-02 | val th 5.270e-07 om 9.939e-05 r1 9.013e-03 r2 1.065e-02
[ 281] train th 4.645e-07 om 8.531e-05 r1 8.994e-03 r2 1.062e-02 | val th 1.012e-06 om 9.679e-05 r1 9.015e-03 r2 1.064e-02
[ 282] train th 5.110e-07 om 7.539e-05 r1 8.995e-03 r2 1.063e-02 | val th 5.308e-07 om 1.297e-04 r1 9.018e-03 r2 1.065e-02
[ 283] train th 4.930e-07 om 7.938e-05 r1 8.995e-03 r2 1.063e-02 | val th 5.471e-07 om 8.312e-05 r1 9.013e-03 r2 1.065e-02  *
[ 284] train th 4.514e-07 om 7.059e-05 r1 8.993e-03 r2 1.062e-02 | val th 2.998e-07 om 8.709e-05 r1 9.006e-03 r2 1.064e-02  *
[ 285] train th 5.187e-07 om 8.869e-05 r1 8.993e-03 r2 1.062e-02 | val th 5.601e-07 om 1.052e-04 r1 9.008e-03 r2 1.064e-02
[ 286] train th 4.506e-07 om 6.889e-05 r1 8.996e-03 r2 1.063e-02 | val th 3.494e-07 om 7.739e-05 r1 9.012e-03 r2 1.064e-02
[ 287] train th 4.756e-07 om 8.757e-05 r1 8.993e-03 r2 1.062e-02 | val th 4.261e-07 om 8.954e-05 r1 9.011e-03 r2 1.064e-02
[ 288] train th 4.316e-07 om 6.829e-05 r1 8.991e-03 r2 1.062e-02 | val th 8.704e-07 om 9.898e-05 r1 9.012e-03 r2 1.065e-02
[ 289] train th 4.965e-07 om 7.736e-05 r1 8.993e-03 r2 1.062e-02 | val th 2.283e-07 om 1.318e-04 r1 9.002e-03 r2 1.064e-02  *
[ 290] train th 5.068e-07 om 8.869e-05 r1 8.991e-03 r2 1.062e-02 | val th 3.919e-07 om 7.292e-05 r1 9.002e-03 r2 1.064e-02  *
[ 291] train th 4.414e-07 om 6.674e-05 r1 8.993e-03 r2 1.062e-02 | val th 1.137e-06 om 1.023e-04 r1 9.013e-03 r2 1.065e-02
[ 292] train th 4.595e-07 om 6.967e-05 r1 8.989e-03 r2 1.062e-02 | val th 5.135e-07 om 7.924e-05 r1 9.009e-03 r2 1.064e-02
[ 293] train th 4.252e-07 om 6.882e-05 r1 8.991e-03 r2 1.062e-02 | val th 3.627e-07 om 7.606e-05 r1 9.000e-03 r2 1.063e-02  *
[ 294] train th 4.500e-07 om 6.727e-05 r1 8.988e-03 r2 1.062e-02 | val th 1.774e-07 om 1.074e-04 r1 9.011e-03 r2 1.065e-02
[ 295] train th 4.562e-07 om 6.872e-05 r1 8.990e-03 r2 1.062e-02 | val th 1.955e-07 om 7.556e-05 r1 9.008e-03 r2 1.064e-02
[ 296] train th 4.376e-07 om 6.825e-05 r1 8.991e-03 r2 1.062e-02 | val th 2.896e-07 om 7.959e-05 r1 9.002e-03 r2 1.064e-02
[ 297] train th 4.396e-07 om 6.706e-05 r1 8.990e-03 r2 1.062e-02 | val th 3.288e-07 om 1.049e-04 r1 9.001e-03 r2 1.064e-02
[ 298] train th 4.216e-07 om 6.836e-05 r1 8.989e-03 r2 1.062e-02 | val th 4.906e-07 om 8.002e-05 r1 9.012e-03 r2 1.065e-02
[ 299] train th 4.228e-07 om 6.782e-05 r1 8.990e-03 r2 1.062e-02 | val th 4.428e-07 om 7.639e-05 r1 9.007e-03 r2 1.064e-02
[ 300] train th 4.619e-07 om 7.513e-05 r1 8.989e-03 r2 1.062e-02 | val th 4.699e-07 om 9.924e-05 r1 9.005e-03 r2 1.064e-02
[ 301] train th 4.132e-07 om 8.713e-05 r1 8.988e-03 r2 1.062e-02 | val th 2.984e-07 om 7.124e-05 r1 9.013e-03 r2 1.064e-02
[ 302] train th 4.648e-07 om 6.575e-05 r1 8.987e-03 r2 1.062e-02 | val th 1.550e-06 om 8.003e-05 r1 9.005e-03 r2 1.064e-02
[ 303] train th 3.847e-07 om 6.318e-05 r1 8.987e-03 r2 1.062e-02 | val th 4.758e-07 om 7.434e-05 r1 9.001e-03 r2 1.063e-02
[ 304] train th 4.129e-07 om 6.480e-05 r1 8.989e-03 r2 1.062e-02 | val th 4.728e-07 om 6.194e-05 r1 9.002e-03 r2 1.063e-02
[ 305] train th 4.102e-07 om 6.244e-05 r1 8.987e-03 r2 1.062e-02 | val th 3.904e-07 om 6.839e-05 r1 9.000e-03 r2 1.064e-02
[ 306] train th 4.088e-07 om 6.907e-05 r1 8.989e-03 r2 1.062e-02 | val th 3.150e-07 om 6.236e-05 r1 9.004e-03 r2 1.064e-02
[ 307] train th 4.345e-07 om 6.667e-05 r1 8.985e-03 r2 1.062e-02 | val th 1.375e-07 om 7.142e-05 r1 8.999e-03 r2 1.064e-02  *
[ 308] train th 2.338e-07 om 4.736e-05 r1 8.973e-03 r2 1.061e-02 | val th 1.699e-07 om 5.741e-05 r1 8.987e-03 r2 1.062e-02  *
[ 309] train th 2.227e-07 om 4.241e-05 r1 8.972e-03 r2 1.060e-02 | val th 2.335e-07 om 6.110e-05 r1 8.986e-03 r2 1.062e-02  *
[ 310] train th 2.822e-07 om 4.496e-05 r1 8.973e-03 r2 1.060e-02 | val th 1.748e-07 om 6.131e-05 r1 8.987e-03 r2 1.062e-02  *
[ 311] train th 2.357e-07 om 4.023e-05 r1 8.971e-03 r2 1.060e-02 | val th 4.032e-07 om 4.705e-05 r1 8.987e-03 r2 1.062e-02
[ 312] train th 2.726e-07 om 3.947e-05 r1 8.970e-03 r2 1.060e-02 | val th 2.969e-07 om 4.976e-05 r1 8.994e-03 r2 1.063e-02
[ 313] train th 2.324e-07 om 4.220e-05 r1 8.970e-03 r2 1.060e-02 | val th 8.951e-08 om 5.558e-05 r1 8.984e-03 r2 1.062e-02  *
[ 314] train th 2.261e-07 om 4.019e-05 r1 8.968e-03 r2 1.060e-02 | val th 3.299e-07 om 4.695e-05 r1 8.986e-03 r2 1.062e-02
[ 315] train th 2.019e-07 om 3.905e-05 r1 8.969e-03 r2 1.060e-02 | val th 3.302e-07 om 5.090e-05 r1 8.985e-03 r2 1.062e-02
[ 316] train th 2.071e-07 om 4.059e-05 r1 8.969e-03 r2 1.060e-02 | val th 1.162e-07 om 5.663e-05 r1 8.983e-03 r2 1.062e-02
[ 317] train th 2.227e-07 om 3.960e-05 r1 8.969e-03 r2 1.060e-02 | val th 1.592e-07 om 5.076e-05 r1 8.987e-03 r2 1.062e-02
[ 318] train th 2.294e-07 om 3.871e-05 r1 8.968e-03 r2 1.060e-02 | val th 1.518e-07 om 4.640e-05 r1 8.984e-03 r2 1.062e-02
[ 319] train th 2.278e-07 om 4.114e-05 r1 8.972e-03 r2 1.060e-02 | val th 2.462e-07 om 4.555e-05 r1 8.981e-03 r2 1.062e-02  *
[ 320] train th 2.151e-07 om 3.974e-05 r1 8.968e-03 r2 1.060e-02 | val th 1.462e-07 om 6.336e-05 r1 8.983e-03 r2 1.062e-02
[ 321] train th 3.143e-07 om 4.157e-05 r1 8.970e-03 r2 1.060e-02 | val th 3.174e-07 om 4.667e-05 r1 8.985e-03 r2 1.062e-02
[ 322] train th 2.289e-07 om 3.868e-05 r1 8.967e-03 r2 1.060e-02 | val th 1.217e-07 om 4.385e-05 r1 8.981e-03 r2 1.062e-02
[ 323] train th 2.282e-07 om 4.145e-05 r1 8.966e-03 r2 1.060e-02 | val th 1.992e-07 om 4.330e-05 r1 8.977e-03 r2 1.061e-02  *
[ 324] train th 2.240e-07 om 3.723e-05 r1 8.965e-03 r2 1.060e-02 | val th 2.699e-07 om 4.287e-05 r1 8.980e-03 r2 1.062e-02
[ 325] train th 2.396e-07 om 3.764e-05 r1 8.966e-03 r2 1.060e-02 | val th 1.712e-07 om 4.824e-05 r1 8.982e-03 r2 1.062e-02
[ 326] train th 2.275e-07 om 3.750e-05 r1 8.966e-03 r2 1.060e-02 | val th 3.187e-07 om 5.679e-05 r1 8.983e-03 r2 1.062e-02
[ 327] train th 2.704e-07 om 4.038e-05 r1 8.965e-03 r2 1.060e-02 | val th 2.738e-07 om 5.895e-05 r1 8.982e-03 r2 1.062e-02
[ 328] train th 2.014e-07 om 3.775e-05 r1 8.963e-03 r2 1.060e-02 | val th 2.555e-07 om 3.947e-05 r1 8.979e-03 r2 1.061e-02
[ 329] train th 2.320e-07 om 3.696e-05 r1 8.965e-03 r2 1.060e-02 | val th 3.496e-07 om 4.330e-05 r1 8.978e-03 r2 1.062e-02
[ 330] train th 2.317e-07 om 3.587e-05 r1 8.963e-03 r2 1.060e-02 | val th 2.752e-07 om 4.256e-05 r1 8.974e-03 r2 1.061e-02  *
[ 331] train th 2.022e-07 om 3.644e-05 r1 8.962e-03 r2 1.060e-02 | val th 2.711e-07 om 4.059e-05 r1 8.977e-03 r2 1.061e-02
[ 332] train th 2.200e-07 om 3.853e-05 r1 8.962e-03 r2 1.060e-02 | val th 2.082e-07 om 5.498e-05 r1 8.977e-03 r2 1.061e-02
[ 333] train th 2.436e-07 om 4.400e-05 r1 8.963e-03 r2 1.060e-02 | val th 2.139e-07 om 4.316e-05 r1 8.975e-03 r2 1.061e-02
[ 334] train th 1.972e-07 om 3.785e-05 r1 8.960e-03 r2 1.060e-02 | val th 7.158e-08 om 3.836e-05 r1 8.971e-03 r2 1.061e-02  *
[ 335] train th 2.173e-07 om 3.917e-05 r1 8.960e-03 r2 1.060e-02 | val th 2.810e-07 om 4.511e-05 r1 8.972e-03 r2 1.061e-02
[ 336] train th 2.176e-07 om 3.671e-05 r1 8.959e-03 r2 1.060e-02 | val th 6.331e-07 om 4.558e-05 r1 8.973e-03 r2 1.061e-02
[ 337] train th 3.358e-07 om 3.910e-05 r1 8.962e-03 r2 1.060e-02 | val th 3.725e-07 om 4.156e-05 r1 8.974e-03 r2 1.062e-02
[ 338] train th 2.454e-07 om 3.635e-05 r1 8.957e-03 r2 1.060e-02 | val th 1.573e-07 om 4.168e-05 r1 8.970e-03 r2 1.061e-02  *
[ 339] train th 2.250e-07 om 3.954e-05 r1 8.957e-03 r2 1.060e-02 | val th 1.698e-07 om 4.120e-05 r1 8.968e-03 r2 1.061e-02
[ 340] train th 1.980e-07 om 3.764e-05 r1 8.954e-03 r2 1.060e-02 | val th 1.663e-07 om 5.990e-05 r1 8.966e-03 r2 1.061e-02  *
[ 341] train th 2.133e-07 om 4.070e-05 r1 8.953e-03 r2 1.060e-02 | val th 3.248e-07 om 4.651e-05 r1 8.966e-03 r2 1.062e-02
[ 342] train th 2.439e-07 om 4.238e-05 r1 8.954e-03 r2 1.060e-02 | val th 1.632e-07 om 4.183e-05 r1 8.969e-03 r2 1.062e-02
[ 343] train th 2.071e-07 om 3.757e-05 r1 8.951e-03 r2 1.060e-02 | val th 1.636e-07 om 6.049e-05 r1 8.966e-03 r2 1.061e-02  *
[ 344] train th 2.338e-07 om 4.059e-05 r1 8.948e-03 r2 1.060e-02 | val th 7.221e-08 om 3.691e-05 r1 8.963e-03 r2 1.061e-02  *
[ 345] train th 2.206e-07 om 3.754e-05 r1 8.946e-03 r2 1.060e-02 | val th 1.719e-07 om 4.832e-05 r1 8.959e-03 r2 1.061e-02  *
[ 346] train th 2.283e-07 om 3.851e-05 r1 8.945e-03 r2 1.060e-02 | val th 1.989e-07 om 5.016e-05 r1 8.959e-03 r2 1.061e-02
[ 347] train th 1.950e-07 om 3.861e-05 r1 8.942e-03 r2 1.059e-02 | val th 3.094e-07 om 5.843e-05 r1 8.952e-03 r2 1.061e-02  *
[ 348] train th 2.071e-07 om 3.799e-05 r1 8.941e-03 r2 1.059e-02 | val th 3.042e-07 om 4.616e-05 r1 8.951e-03 r2 1.061e-02  *
[ 349] train th 2.251e-07 om 3.889e-05 r1 8.938e-03 r2 1.059e-02 | val th 1.700e-07 om 5.679e-05 r1 8.951e-03 r2 1.061e-02
[ 350] train th 2.285e-07 om 3.859e-05 r1 8.935e-03 r2 1.059e-02 | val th 3.043e-07 om 3.630e-05 r1 8.948e-03 r2 1.061e-02  *
[ 351] train th 2.410e-07 om 4.172e-05 r1 8.936e-03 r2 1.060e-02 | val th 2.342e-07 om 5.109e-05 r1 8.951e-03 r2 1.061e-02
[ 352] train th 2.025e-07 om 3.560e-05 r1 8.932e-03 r2 1.059e-02 | val th 1.805e-07 om 4.001e-05 r1 8.946e-03 r2 1.061e-02  *
[ 353] train th 2.171e-07 om 4.085e-05 r1 8.930e-03 r2 1.059e-02 | val th 2.380e-07 om 4.470e-05 r1 8.943e-03 r2 1.061e-02  *
[ 354] train th 2.093e-07 om 4.956e-05 r1 8.931e-03 r2 1.059e-02 | val th 1.246e-07 om 6.333e-05 r1 8.939e-03 r2 1.061e-02  *
[ 355] train th 2.176e-07 om 4.084e-05 r1 8.926e-03 r2 1.059e-02 | val th 1.638e-07 om 4.780e-05 r1 8.936e-03 r2 1.060e-02  *
[ 356] train th 1.982e-07 om 4.070e-05 r1 8.925e-03 r2 1.059e-02 | val th 3.467e-07 om 4.312e-05 r1 8.945e-03 r2 1.061e-02
[ 357] train th 5.211e-07 om 6.007e-05 r1 8.937e-03 r2 1.060e-02 | val th 3.640e-07 om 9.991e-05 r1 8.942e-03 r2 1.061e-02
[ 358] train th 2.497e-07 om 5.254e-05 r1 8.923e-03 r2 1.059e-02 | val th 2.619e-07 om 4.202e-05 r1 8.936e-03 r2 1.061e-02
[ 359] train th 2.381e-07 om 4.099e-05 r1 8.923e-03 r2 1.059e-02 | val th 1.907e-07 om 3.938e-05 r1 8.940e-03 r2 1.061e-02
[ 360] train th 2.337e-07 om 4.185e-05 r1 8.922e-03 r2 1.059e-02 | val th 3.187e-07 om 3.586e-05 r1 8.932e-03 r2 1.060e-02  *
[ 361] train th 2.058e-07 om 4.233e-05 r1 8.919e-03 r2 1.059e-02 | val th 1.300e-07 om 4.374e-05 r1 8.932e-03 r2 1.060e-02
[ 362] train th 2.122e-07 om 3.949e-05 r1 8.917e-03 r2 1.058e-02 | val th 2.052e-07 om 4.555e-05 r1 8.931e-03 r2 1.060e-02
[ 363] train th 1.990e-07 om 4.096e-05 r1 8.917e-03 r2 1.059e-02 | val th 1.396e-07 om 4.524e-05 r1 8.930e-03 r2 1.060e-02  *
[ 364] train th 2.006e-07 om 3.963e-05 r1 8.914e-03 r2 1.058e-02 | val th 2.779e-07 om 4.294e-05 r1 8.928e-03 r2 1.060e-02  *
[ 365] train th 1.679e-07 om 4.141e-05 r1 8.914e-03 r2 1.058e-02 | val th 2.378e-07 om 3.999e-05 r1 8.926e-03 r2 1.059e-02  *
[ 366] train th 1.885e-07 om 4.155e-05 r1 8.912e-03 r2 1.058e-02 | val th 5.227e-07 om 4.467e-05 r1 8.925e-03 r2 1.060e-02
[ 367] train th 1.884e-07 om 3.867e-05 r1 8.911e-03 r2 1.058e-02 | val th 2.487e-07 om 4.866e-05 r1 8.924e-03 r2 1.059e-02  *
[ 368] train th 2.221e-07 om 3.867e-05 r1 8.909e-03 r2 1.058e-02 | val th 2.074e-07 om 3.784e-05 r1 8.921e-03 r2 1.059e-02  *
[ 369] train th 1.857e-07 om 3.860e-05 r1 8.907e-03 r2 1.058e-02 | val th 4.997e-07 om 4.693e-05 r1 8.920e-03 r2 1.059e-02
[ 370] train th 2.126e-07 om 4.218e-05 r1 8.907e-03 r2 1.058e-02 | val th 2.571e-07 om 4.170e-05 r1 8.921e-03 r2 1.059e-02
[ 371] train th 2.333e-07 om 4.148e-05 r1 8.905e-03 r2 1.057e-02 | val th 1.737e-07 om 4.706e-05 r1 8.917e-03 r2 1.059e-02  *
[ 372] train th 2.078e-07 om 4.156e-05 r1 8.904e-03 r2 1.057e-02 | val th 1.322e-07 om 4.690e-05 r1 8.912e-03 r2 1.059e-02  *
[ 373] train th 2.033e-07 om 3.841e-05 r1 8.902e-03 r2 1.057e-02 | val th 1.181e-07 om 4.198e-05 r1 8.914e-03 r2 1.059e-02
[ 374] train th 2.164e-07 om 4.637e-05 r1 8.900e-03 r2 1.057e-02 | val th 1.098e-07 om 4.744e-05 r1 8.909e-03 r2 1.058e-02  *
[ 375] train th 2.002e-07 om 4.259e-05 r1 8.897e-03 r2 1.057e-02 | val th 2.400e-07 om 4.460e-05 r1 8.907e-03 r2 1.058e-02  *
[ 376] train th 1.996e-07 om 4.455e-05 r1 8.896e-03 r2 1.056e-02 | val th 1.300e-07 om 4.445e-05 r1 8.909e-03 r2 1.058e-02
[ 377] train th 2.102e-07 om 4.848e-05 r1 8.893e-03 r2 1.056e-02 | val th 2.584e-07 om 5.066e-05 r1 8.904e-03 r2 1.058e-02  *
[ 378] train th 2.328e-07 om 4.293e-05 r1 8.892e-03 r2 1.056e-02 | val th 2.380e-07 om 5.356e-05 r1 8.903e-03 r2 1.058e-02  *
[ 379] train th 1.935e-07 om 4.372e-05 r1 8.889e-03 r2 1.056e-02 | val th 2.308e-07 om 4.142e-05 r1 8.903e-03 r2 1.057e-02  *
[ 380] train th 2.214e-07 om 4.462e-05 r1 8.888e-03 r2 1.055e-02 | val th 3.772e-07 om 4.973e-05 r1 8.894e-03 r2 1.057e-02  *
[ 381] train th 2.129e-07 om 4.317e-05 r1 8.886e-03 r2 1.055e-02 | val th 1.406e-07 om 5.402e-05 r1 8.895e-03 r2 1.056e-02  *
[ 382] train th 2.022e-07 om 4.530e-05 r1 8.886e-03 r2 1.055e-02 | val th 1.807e-07 om 5.099e-05 r1 8.895e-03 r2 1.056e-02  *
[ 383] train th 2.277e-07 om 4.389e-05 r1 8.883e-03 r2 1.054e-02 | val th 3.607e-07 om 4.858e-05 r1 8.892e-03 r2 1.055e-02  *
[ 384] train th 2.057e-07 om 4.511e-05 r1 8.882e-03 r2 1.054e-02 | val th 2.874e-07 om 5.153e-05 r1 8.892e-03 r2 1.055e-02  *
[ 385] train th 2.281e-07 om 4.423e-05 r1 8.882e-03 r2 1.054e-02 | val th 2.603e-07 om 5.398e-05 r1 8.893e-03 r2 1.055e-02
[ 386] train th 2.456e-07 om 4.660e-05 r1 8.881e-03 r2 1.053e-02 | val th 2.912e-07 om 5.437e-05 r1 8.892e-03 r2 1.054e-02  *
[ 387] train th 2.109e-07 om 4.480e-05 r1 8.879e-03 r2 1.053e-02 | val th 4.860e-07 om 4.999e-05 r1 8.889e-03 r2 1.054e-02  *
[ 388] train th 1.999e-07 om 4.488e-05 r1 8.879e-03 r2 1.052e-02 | val th 1.662e-07 om 4.780e-05 r1 8.889e-03 r2 1.053e-02  *
[ 389] train th 2.902e-07 om 4.683e-05 r1 8.883e-03 r2 1.052e-02 | val th 2.778e-07 om 4.466e-05 r1 8.887e-03 r2 1.053e-02  *
[ 390] train th 2.086e-07 om 4.516e-05 r1 8.877e-03 r2 1.051e-02 | val th 1.048e-07 om 5.683e-05 r1 8.885e-03 r2 1.052e-02  *
[ 391] train th 2.050e-07 om 4.751e-05 r1 8.877e-03 r2 1.051e-02 | val th 3.542e-07 om 4.643e-05 r1 8.885e-03 r2 1.052e-02  *
[ 392] train th 2.245e-07 om 4.630e-05 r1 8.877e-03 r2 1.051e-02 | val th 1.844e-07 om 6.462e-05 r1 8.890e-03 r2 1.052e-02
[ 393] train th 2.064e-07 om 4.737e-05 r1 8.877e-03 r2 1.050e-02 | val th 1.008e-07 om 4.361e-05 r1 8.884e-03 r2 1.051e-02  *
[ 394] train th 2.119e-07 om 4.730e-05 r1 8.876e-03 r2 1.050e-02 | val th 1.989e-07 om 6.024e-05 r1 8.888e-03 r2 1.051e-02
[ 395] train th 2.246e-07 om 4.662e-05 r1 8.876e-03 r2 1.050e-02 | val th 1.719e-07 om 5.978e-05 r1 8.882e-03 r2 1.051e-02  *
[ 396] train th 2.123e-07 om 4.490e-05 r1 8.876e-03 r2 1.050e-02 | val th 1.589e-07 om 6.179e-05 r1 8.885e-03 r2 1.051e-02
[ 397] train th 2.008e-07 om 4.497e-05 r1 8.873e-03 r2 1.049e-02 | val th 1.684e-07 om 5.895e-05 r1 8.884e-03 r2 1.051e-02  *
[ 398] train th 1.969e-07 om 4.583e-05 r1 8.875e-03 r2 1.049e-02 | val th 1.797e-07 om 4.621e-05 r1 8.884e-03 r2 1.051e-02
[ 399] train th 2.193e-07 om 4.360e-05 r1 8.872e-03 r2 1.049e-02 | val th 1.597e-07 om 4.194e-05 r1 8.884e-03 r2 1.050e-02  *
[ 400] train th 1.703e-07 om 4.498e-05 r1 8.872e-03 r2 1.049e-02 | val th 3.031e-07 om 4.562e-05 r1 8.881e-03 r2 1.050e-02  *
[ 401] train th 2.029e-07 om 4.513e-05 r1 8.872e-03 r2 1.049e-02 | val th 3.955e-07 om 6.602e-05 r1 8.881e-03 r2 1.050e-02  *
[ 402] train th 2.136e-07 om 4.858e-05 r1 8.873e-03 r2 1.049e-02 | val th 2.198e-07 om 4.886e-05 r1 8.883e-03 r2 1.050e-02
[ 403] train th 1.793e-07 om 4.477e-05 r1 8.870e-03 r2 1.049e-02 | val th 1.301e-07 om 4.982e-05 r1 8.882e-03 r2 1.050e-02  *
[ 404] train th 1.902e-07 om 4.507e-05 r1 8.871e-03 r2 1.048e-02 | val th 3.193e-07 om 4.418e-05 r1 8.879e-03 r2 1.050e-02  *
[ 405] train th 1.985e-07 om 4.667e-05 r1 8.871e-03 r2 1.049e-02 | val th 1.798e-07 om 4.827e-05 r1 8.877e-03 r2 1.049e-02  *
[ 406] train th 2.166e-07 om 4.652e-05 r1 8.869e-03 r2 1.048e-02 | val th 1.242e-07 om 5.979e-05 r1 8.879e-03 r2 1.049e-02
[ 407] train th 1.983e-07 om 4.357e-05 r1 8.870e-03 r2 1.048e-02 | val th 4.243e-07 om 5.296e-05 r1 8.882e-03 r2 1.049e-02
[ 408] train th 1.824e-07 om 4.310e-05 r1 8.870e-03 r2 1.048e-02 | val th 1.023e-07 om 5.154e-05 r1 8.892e-03 r2 1.051e-02
[ 409] train th 2.266e-07 om 4.137e-05 r1 8.869e-03 r2 1.048e-02 | val th 1.659e-07 om 5.405e-05 r1 8.878e-03 r2 1.049e-02  *
[ 410] train th 2.086e-07 om 4.426e-05 r1 8.870e-03 r2 1.048e-02 | val th 1.502e-07 om 5.495e-05 r1 8.877e-03 r2 1.049e-02
[ 411] train th 1.726e-07 om 4.581e-05 r1 8.868e-03 r2 1.048e-02 | val th 9.049e-08 om 5.248e-05 r1 8.881e-03 r2 1.049e-02
[ 412] train th 1.922e-07 om 4.294e-05 r1 8.868e-03 r2 1.048e-02 | val th 1.934e-07 om 4.962e-05 r1 8.881e-03 r2 1.049e-02
[ 413] train th 1.997e-07 om 4.236e-05 r1 8.868e-03 r2 1.048e-02 | val th 2.281e-07 om 4.155e-05 r1 8.874e-03 r2 1.049e-02  *
[ 414] train th 2.134e-07 om 4.685e-05 r1 8.868e-03 r2 1.048e-02 | val th 1.317e-07 om 4.299e-05 r1 8.875e-03 r2 1.049e-02
[ 415] train th 1.958e-07 om 4.080e-05 r1 8.866e-03 r2 1.048e-02 | val th 1.154e-07 om 5.356e-05 r1 8.878e-03 r2 1.049e-02
[ 416] train th 1.951e-07 om 4.537e-05 r1 8.867e-03 r2 1.048e-02 | val th 8.745e-08 om 5.506e-05 r1 8.878e-03 r2 1.049e-02
[ 417] train th 1.700e-07 om 4.251e-05 r1 8.865e-03 r2 1.048e-02 | val th 1.869e-07 om 5.083e-05 r1 8.874e-03 r2 1.049e-02
[ 418] train th 1.831e-07 om 4.010e-05 r1 8.867e-03 r2 1.048e-02 | val th 2.370e-07 om 4.124e-05 r1 8.873e-03 r2 1.049e-02  *
[ 419] train th 1.828e-07 om 4.033e-05 r1 8.865e-03 r2 1.048e-02 | val th 2.249e-07 om 4.965e-05 r1 8.875e-03 r2 1.049e-02
[ 420] train th 2.012e-07 om 3.839e-05 r1 8.867e-03 r2 1.048e-02 | val th 1.591e-07 om 4.097e-05 r1 8.876e-03 r2 1.049e-02
[ 421] train th 2.065e-07 om 3.931e-05 r1 8.866e-03 r2 1.048e-02 | val th 3.092e-07 om 5.391e-05 r1 8.873e-03 r2 1.048e-02
[ 422] train th 2.024e-07 om 4.148e-05 r1 8.864e-03 r2 1.048e-02 | val th 2.884e-07 om 4.882e-05 r1 8.875e-03 r2 1.049e-02
[ 423] train th 1.915e-07 om 4.026e-05 r1 8.865e-03 r2 1.048e-02 | val th 1.658e-07 om 4.655e-05 r1 8.875e-03 r2 1.049e-02
[ 424] train th 1.808e-07 om 4.063e-05 r1 8.864e-03 r2 1.048e-02 | val th 1.730e-07 om 5.914e-05 r1 8.870e-03 r2 1.048e-02  *
[ 425] train th 1.976e-07 om 4.052e-05 r1 8.865e-03 r2 1.048e-02 | val th 2.175e-07 om 4.390e-05 r1 8.873e-03 r2 1.049e-02
[ 426] train th 1.871e-07 om 4.175e-05 r1 8.863e-03 r2 1.047e-02 | val th 3.099e-07 om 4.908e-05 r1 8.872e-03 r2 1.049e-02
[ 427] train th 1.988e-07 om 3.920e-05 r1 8.864e-03 r2 1.047e-02 | val th 1.716e-07 om 5.122e-05 r1 8.881e-03 r2 1.049e-02
[ 428] train th 2.267e-07 om 4.096e-05 r1 8.863e-03 r2 1.047e-02 | val th 1.920e-07 om 4.863e-05 r1 8.870e-03 r2 1.048e-02  *
[ 429] train th 1.943e-07 om 4.095e-05 r1 8.866e-03 r2 1.048e-02 | val th 2.602e-07 om 5.175e-05 r1 8.868e-03 r2 1.048e-02  *
[ 430] train th 1.950e-07 om 4.154e-05 r1 8.865e-03 r2 1.048e-02 | val th 1.384e-07 om 4.664e-05 r1 8.871e-03 r2 1.048e-02
[ 431] train th 2.423e-07 om 4.132e-05 r1 8.866e-03 r2 1.048e-02 | val th 1.610e-07 om 4.691e-05 r1 8.873e-03 r2 1.048e-02
[ 432] train th 1.928e-07 om 3.850e-05 r1 8.863e-03 r2 1.047e-02 | val th 2.063e-07 om 4.163e-05 r1 8.870e-03 r2 1.048e-02
[ 433] train th 2.104e-07 om 3.874e-05 r1 8.862e-03 r2 1.047e-02 | val th 2.062e-07 om 4.560e-05 r1 8.866e-03 r2 1.048e-02  *
[ 434] train th 1.895e-07 om 3.951e-05 r1 8.862e-03 r2 1.047e-02 | val th 1.091e-07 om 3.971e-05 r1 8.869e-03 r2 1.048e-02
[ 435] train th 1.998e-07 om 3.929e-05 r1 8.862e-03 r2 1.047e-02 | val th 2.092e-07 om 4.723e-05 r1 8.870e-03 r2 1.048e-02
[ 436] train th 1.687e-07 om 3.823e-05 r1 8.862e-03 r2 1.047e-02 | val th 3.688e-07 om 5.400e-05 r1 8.870e-03 r2 1.048e-02
[ 437] train th 1.945e-07 om 3.953e-05 r1 8.862e-03 r2 1.047e-02 | val th 3.055e-07 om 4.082e-05 r1 8.870e-03 r2 1.048e-02
[ 438] train th 1.891e-07 om 4.068e-05 r1 8.863e-03 r2 1.047e-02 | val th 1.044e-07 om 5.065e-05 r1 8.869e-03 r2 1.048e-02
[ 439] train th 1.940e-07 om 4.016e-05 r1 8.863e-03 r2 1.047e-02 | val th 1.024e-07 om 4.870e-05 r1 8.866e-03 r2 1.048e-02
[ 440] train th 1.890e-07 om 3.750e-05 r1 8.861e-03 r2 1.047e-02 | val th 2.184e-07 om 5.944e-05 r1 8.869e-03 r2 1.048e-02
[ 441] train th 1.728e-07 om 3.804e-05 r1 8.861e-03 r2 1.047e-02 | val th 8.119e-08 om 5.291e-05 r1 8.868e-03 r2 1.048e-02
[ 442] train th 1.772e-07 om 3.929e-05 r1 8.861e-03 r2 1.047e-02 | val th 1.266e-07 om 4.794e-05 r1 8.879e-03 r2 1.049e-02
[ 443] train th 2.534e-07 om 3.742e-05 r1 8.863e-03 r2 1.047e-02 | val th 2.231e-07 om 3.818e-05 r1 8.868e-03 r2 1.048e-02
[ 444] train th 1.800e-07 om 3.469e-05 r1 8.860e-03 r2 1.047e-02 | val th 1.553e-07 om 3.682e-05 r1 8.869e-03 r2 1.048e-02
[ 445] train th 1.775e-07 om 3.764e-05 r1 8.860e-03 r2 1.047e-02 | val th 2.713e-07 om 4.796e-05 r1 8.868e-03 r2 1.048e-02
[ 446] train th 1.690e-07 om 3.548e-05 r1 8.860e-03 r2 1.047e-02 | val th 1.011e-07 om 3.802e-05 r1 8.868e-03 r2 1.048e-02
[ 447] train th 1.737e-07 om 3.411e-05 r1 8.867e-03 r2 1.048e-02 | val th 8.561e-08 om 4.989e-05 r1 8.869e-03 r2 1.048e-02
[ 448] train th 1.126e-07 om 2.900e-05 r1 8.853e-03 r2 1.046e-02 | val th 8.773e-08 om 3.512e-05 r1 8.860e-03 r2 1.047e-02  *
[ 449] train th 1.342e-07 om 2.864e-05 r1 8.853e-03 r2 1.046e-02 | val th 1.366e-07 om 3.575e-05 r1 8.862e-03 r2 1.047e-02
[ 450] train th 1.379e-07 om 2.917e-05 r1 8.853e-03 r2 1.046e-02 | val th 1.372e-07 om 3.586e-05 r1 8.861e-03 r2 1.047e-02  *
[ 451] train th 1.214e-07 om 2.798e-05 r1 8.853e-03 r2 1.046e-02 | val th 6.804e-08 om 3.637e-05 r1 8.860e-03 r2 1.047e-02  *
[ 452] train th 1.432e-07 om 2.792e-05 r1 8.852e-03 r2 1.046e-02 | val th 8.080e-08 om 3.320e-05 r1 8.862e-03 r2 1.047e-02
[ 453] train th 1.033e-07 om 2.717e-05 r1 8.852e-03 r2 1.046e-02 | val th 9.946e-08 om 3.534e-05 r1 8.860e-03 r2 1.047e-02  *
[ 454] train th 1.295e-07 om 2.805e-05 r1 8.851e-03 r2 1.046e-02 | val th 8.940e-08 om 3.265e-05 r1 8.860e-03 r2 1.047e-02
[ 455] train th 1.253e-07 om 2.815e-05 r1 8.852e-03 r2 1.046e-02 | val th 1.352e-07 om 3.207e-05 r1 8.860e-03 r2 1.047e-02  *
[ 456] train th 1.046e-07 om 2.709e-05 r1 8.851e-03 r2 1.046e-02 | val th 7.232e-08 om 3.594e-05 r1 8.861e-03 r2 1.047e-02
[ 457] train th 1.300e-07 om 2.738e-05 r1 8.852e-03 r2 1.046e-02 | val th 1.768e-07 om 3.161e-05 r1 8.859e-03 r2 1.047e-02  *
[ 458] train th 1.355e-07 om 2.796e-05 r1 8.851e-03 r2 1.046e-02 | val th 7.718e-08 om 3.481e-05 r1 8.859e-03 r2 1.047e-02  *
[ 459] train th 1.183e-07 om 2.671e-05 r1 8.851e-03 r2 1.046e-02 | val th 1.086e-07 om 2.976e-05 r1 8.859e-03 r2 1.047e-02  *
[ 460] train th 1.301e-07 om 2.707e-05 r1 8.852e-03 r2 1.046e-02 | val th 1.023e-07 om 3.459e-05 r1 8.859e-03 r2 1.047e-02  *
[ 461] train th 1.493e-07 om 2.845e-05 r1 8.852e-03 r2 1.046e-02 | val th 1.049e-07 om 3.346e-05 r1 8.862e-03 r2 1.047e-02
[ 462] train th 1.277e-07 om 2.574e-05 r1 8.851e-03 r2 1.046e-02 | val th 8.115e-08 om 3.194e-05 r1 8.860e-03 r2 1.047e-02
[ 463] train th 1.230e-07 om 2.563e-05 r1 8.852e-03 r2 1.046e-02 | val th 1.679e-07 om 3.375e-05 r1 8.860e-03 r2 1.047e-02
[ 464] train th 1.502e-07 om 2.635e-05 r1 8.851e-03 r2 1.046e-02 | val th 4.127e-08 om 2.980e-05 r1 8.856e-03 r2 1.047e-02  *
[ 465] train th 1.185e-07 om 2.535e-05 r1 8.851e-03 r2 1.046e-02 | val th 2.802e-07 om 2.959e-05 r1 8.859e-03 r2 1.047e-02
[ 466] train th 1.268e-07 om 2.542e-05 r1 8.850e-03 r2 1.046e-02 | val th 1.561e-07 om 3.382e-05 r1 8.860e-03 r2 1.047e-02
[ 467] train th 1.355e-07 om 2.596e-05 r1 8.851e-03 r2 1.046e-02 | val th 4.478e-08 om 2.973e-05 r1 8.858e-03 r2 1.047e-02
[ 468] train th 1.282e-07 om 2.594e-05 r1 8.851e-03 r2 1.046e-02 | val th 1.231e-07 om 3.305e-05 r1 8.858e-03 r2 1.047e-02
[ 469] train th 1.364e-07 om 2.787e-05 r1 8.851e-03 r2 1.046e-02 | val th 1.143e-07 om 3.235e-05 r1 8.857e-03 r2 1.047e-02
[ 470] train th 1.276e-07 om 2.700e-05 r1 8.852e-03 r2 1.046e-02 | val th 1.056e-07 om 3.117e-05 r1 8.858e-03 r2 1.047e-02
[ 471] train th 1.463e-07 om 2.635e-05 r1 8.850e-03 r2 1.046e-02 | val th 9.409e-08 om 3.645e-05 r1 8.862e-03 r2 1.047e-02
[ 472] train th 1.350e-07 om 2.738e-05 r1 8.850e-03 r2 1.046e-02 | val th 8.517e-08 om 3.485e-05 r1 8.858e-03 r2 1.047e-02
[ 473] train th 1.227e-07 om 2.624e-05 r1 8.851e-03 r2 1.046e-02 | val th 1.361e-07 om 2.949e-05 r1 8.856e-03 r2 1.047e-02  *
[ 474] train th 1.154e-07 om 2.668e-05 r1 8.851e-03 r2 1.046e-02 | val th 1.135e-07 om 3.268e-05 r1 8.857e-03 r2 1.047e-02
[ 475] train th 1.061e-07 om 2.462e-05 r1 8.850e-03 r2 1.046e-02 | val th 1.070e-07 om 2.978e-05 r1 8.859e-03 r2 1.047e-02
[ 476] train th 1.464e-07 om 2.645e-05 r1 8.851e-03 r2 1.046e-02 | val th 2.229e-07 om 3.694e-05 r1 8.860e-03 r2 1.047e-02
[ 477] train th 1.243e-07 om 2.642e-05 r1 8.852e-03 r2 1.046e-02 | val th 1.620e-07 om 3.101e-05 r1 8.859e-03 r2 1.047e-02
[ 478] train th 1.210e-07 om 2.561e-05 r1 8.850e-03 r2 1.046e-02 | val th 7.847e-08 om 3.028e-05 r1 8.857e-03 r2 1.047e-02
[ 479] train th 8.944e-08 om 2.161e-05 r1 8.846e-03 r2 1.046e-02 | val th 3.534e-08 om 2.612e-05 r1 8.854e-03 r2 1.047e-02  *
[ 480] train th 8.045e-08 om 2.134e-05 r1 8.846e-03 r2 1.046e-02 | val th 7.706e-08 om 2.969e-05 r1 8.853e-03 r2 1.046e-02  *
[ 481] train th 9.675e-08 om 2.105e-05 r1 8.846e-03 r2 1.046e-02 | val th 6.269e-08 om 2.645e-05 r1 8.854e-03 r2 1.047e-02
[ 482] train th 9.900e-08 om 2.103e-05 r1 8.846e-03 r2 1.046e-02 | val th 9.990e-08 om 2.854e-05 r1 8.854e-03 r2 1.047e-02
[ 483] train th 1.107e-07 om 2.172e-05 r1 8.846e-03 r2 1.046e-02 | val th 9.424e-08 om 2.844e-05 r1 8.853e-03 r2 1.047e-02
[ 484] train th 9.836e-08 om 2.180e-05 r1 8.846e-03 r2 1.046e-02 | val th 5.605e-08 om 2.579e-05 r1 8.854e-03 r2 1.046e-02
[ 485] train th 1.026e-07 om 2.149e-05 r1 8.846e-03 r2 1.046e-02 | val th 8.857e-08 om 2.784e-05 r1 8.853e-03 r2 1.046e-02
[ 486] train th 1.077e-07 om 2.123e-05 r1 8.845e-03 r2 1.046e-02 | val th 7.747e-08 om 2.835e-05 r1 8.853e-03 r2 1.046e-02
[ 487] train th 1.009e-07 om 2.166e-05 r1 8.846e-03 r2 1.046e-02 | val th 7.282e-08 om 2.830e-05 r1 8.853e-03 r2 1.046e-02  *
[ 488] train th 8.200e-08 om 2.147e-05 r1 8.845e-03 r2 1.046e-02 | val th 1.005e-07 om 2.642e-05 r1 8.853e-03 r2 1.046e-02  *
[ 489] train th 8.809e-08 om 2.029e-05 r1 8.846e-03 r2 1.046e-02 | val th 8.552e-08 om 2.650e-05 r1 8.854e-03 r2 1.046e-02
[ 490] train th 1.029e-07 om 2.129e-05 r1 8.846e-03 r2 1.046e-02 | val th 1.013e-07 om 2.604e-05 r1 8.853e-03 r2 1.046e-02
[ 491] train th 1.045e-07 om 2.228e-05 r1 8.846e-03 r2 1.046e-02 | val th 1.483e-07 om 2.852e-05 r1 8.855e-03 r2 1.047e-02
[ 492] train th 7.560e-08 om 2.068e-05 r1 8.845e-03 r2 1.046e-02 | val th 7.114e-08 om 2.467e-05 r1 8.853e-03 r2 1.047e-02
[ 493] train th 8.953e-08 om 2.134e-05 r1 8.845e-03 r2 1.046e-02 | val th 1.888e-07 om 2.964e-05 r1 8.854e-03 r2 1.047e-02
[ 494] train th 9.065e-08 om 2.027e-05 r1 8.845e-03 r2 1.046e-02 | val th 1.038e-07 om 2.631e-05 r1 8.853e-03 r2 1.047e-02
[ 495] train th 1.038e-07 om 2.042e-05 r1 8.846e-03 r2 1.046e-02 | val th 6.674e-08 om 2.582e-05 r1 8.854e-03 r2 1.047e-02
[ 496] train th 9.796e-08 om 2.106e-05 r1 8.845e-03 r2 1.046e-02 | val th 3.868e-08 om 2.591e-05 r1 8.854e-03 r2 1.047e-02
[ 497] train th 9.988e-08 om 2.015e-05 r1 8.845e-03 r2 1.045e-02 | val th 2.042e-07 om 2.827e-05 r1 8.853e-03 r2 1.046e-02
[ 498] train th 8.133e-08 om 2.071e-05 r1 8.845e-03 r2 1.046e-02 | val th 7.281e-08 om 2.658e-05 r1 8.853e-03 r2 1.047e-02
[ 499] train th 9.766e-08 om 1.989e-05 r1 8.845e-03 r2 1.046e-02 | val th 4.015e-08 om 2.421e-05 r1 8.853e-03 r2 1.046e-02  *
[ 500] train th 1.019e-07 om 2.164e-05 r1 8.845e-03 r2 1.046e-02 | val th 1.077e-07 om 3.324e-05 r1 8.853e-03 r2 1.046e-02
[ 501] train th 7.971e-08 om 2.036e-05 r1 8.845e-03 r2 1.046e-02 | val th 1.373e-07 om 2.623e-05 r1 8.853e-03 r2 1.046e-02
[ 502] train th 9.386e-08 om 2.047e-05 r1 8.845e-03 r2 1.046e-02 | val th 5.088e-08 om 3.487e-05 r1 8.854e-03 r2 1.046e-02
[ 503] train th 7.484e-08 om 2.487e-05 r1 8.847e-03 r2 1.046e-02 | val th 3.308e-08 om 2.466e-05 r1 8.850e-03 r2 1.046e-02  *
[ 504] train th 6.537e-08 om 1.896e-05 r1 8.845e-03 r2 1.045e-02 | val th 6.272e-08 om 2.556e-05 r1 8.853e-03 r2 1.046e-02
[ 505] train th 5.167e-08 om 1.816e-05 r1 8.843e-03 r2 1.045e-02 | val th 3.907e-08 om 2.578e-05 r1 8.850e-03 r2 1.046e-02
[ 506] train th 5.290e-08 om 1.788e-05 r1 8.843e-03 r2 1.045e-02 | val th 7.635e-08 om 2.691e-05 r1 8.851e-03 r2 1.046e-02
[ 507] train th 5.780e-08 om 1.835e-05 r1 8.843e-03 r2 1.045e-02 | val th 4.339e-08 om 2.517e-05 r1 8.851e-03 r2 1.046e-02
[ 508] train th 4.941e-08 om 1.824e-05 r1 8.843e-03 r2 1.045e-02 | val th 3.468e-08 om 2.534e-05 r1 8.851e-03 r2 1.046e-02
[ 509] train th 3.773e-08 om 1.835e-05 r1 8.843e-03 r2 1.045e-02 | val th 3.802e-08 om 2.705e-05 r1 8.851e-03 r2 1.046e-02
[ 510] train th 4.839e-08 om 1.795e-05 r1 8.843e-03 r2 1.045e-02 | val th 1.080e-07 om 2.344e-05 r1 8.850e-03 r2 1.046e-02  *
[ 511] train th 5.966e-08 om 1.817e-05 r1 8.843e-03 r2 1.045e-02 | val th 7.299e-08 om 2.729e-05 r1 8.850e-03 r2 1.046e-02
[ 512] train th 5.167e-08 om 1.776e-05 r1 8.843e-03 r2 1.045e-02 | val th 4.574e-08 om 2.647e-05 r1 8.852e-03 r2 1.046e-02
[ 513] train th 5.038e-08 om 1.800e-05 r1 8.843e-03 r2 1.045e-02 | val th 3.146e-08 om 2.545e-05 r1 8.851e-03 r2 1.046e-02
[ 514] train th 6.130e-08 om 1.792e-05 r1 8.843e-03 r2 1.045e-02 | val th 4.283e-08 om 2.401e-05 r1 8.851e-03 r2 1.046e-02
[ 515] train th 4.819e-08 om 1.793e-05 r1 8.843e-03 r2 1.045e-02 | val th 4.540e-08 om 2.409e-05 r1 8.851e-03 r2 1.046e-02
[ 516] train th 4.175e-08 om 1.812e-05 r1 8.843e-03 r2 1.045e-02 | val th 5.951e-08 om 2.501e-05 r1 8.851e-03 r2 1.046e-02
[ 517] train th 5.035e-08 om 1.803e-05 r1 8.843e-03 r2 1.045e-02 | val th 6.466e-08 om 2.276e-05 r1 8.850e-03 r2 1.046e-02
[ 518] train th 2.949e-08 om 1.699e-05 r1 8.842e-03 r2 1.045e-02 | val th 2.667e-08 om 2.296e-05 r1 8.850e-03 r2 1.046e-02  *
[ 519] train th 3.316e-08 om 1.718e-05 r1 8.842e-03 r2 1.045e-02 | val th 5.952e-08 om 2.546e-05 r1 8.851e-03 r2 1.046e-02
[ 520] train th 3.335e-08 om 1.718e-05 r1 8.842e-03 r2 1.045e-02 | val th 3.351e-08 om 2.326e-05 r1 8.850e-03 r2 1.046e-02  *
[ 521] train th 3.441e-08 om 1.724e-05 r1 8.842e-03 r2 1.045e-02 | val th 3.381e-08 om 2.366e-05 r1 8.850e-03 r2 1.046e-02  *
[ 522] train th 3.837e-08 om 1.770e-05 r1 8.842e-03 r2 1.045e-02 | val th 3.087e-08 om 2.313e-05 r1 8.850e-03 r2 1.046e-02
[ 523] train th 2.793e-08 om 1.713e-05 r1 8.842e-03 r2 1.045e-02 | val th 2.648e-08 om 2.444e-05 r1 8.850e-03 r2 1.046e-02  *
[ 524] train th 3.508e-08 om 1.708e-05 r1 8.842e-03 r2 1.045e-02 | val th 3.155e-08 om 2.356e-05 r1 8.851e-03 r2 1.046e-02
[ 525] train th 3.003e-08 om 1.747e-05 r1 8.842e-03 r2 1.045e-02 | val th 2.889e-08 om 2.323e-05 r1 8.849e-03 r2 1.046e-02  *
[ 526] train th 2.833e-08 om 1.695e-05 r1 8.841e-03 r2 1.045e-02 | val th 4.349e-08 om 2.382e-05 r1 8.850e-03 r2 1.046e-02
[ 527] train th 3.125e-08 om 1.701e-05 r1 8.842e-03 r2 1.045e-02 | val th 3.182e-08 om 2.393e-05 r1 8.850e-03 r2 1.046e-02
[ 528] train th 3.718e-08 om 1.717e-05 r1 8.841e-03 r2 1.045e-02 | val th 2.895e-08 om 2.272e-05 r1 8.849e-03 r2 1.046e-02
[ 529] train th 3.156e-08 om 1.716e-05 r1 8.842e-03 r2 1.045e-02 | val th 2.839e-08 om 2.324e-05 r1 8.850e-03 r2 1.046e-02
[ 530] train th 3.395e-08 om 1.713e-05 r1 8.842e-03 r2 1.045e-02 | val th 3.361e-08 om 2.334e-05 r1 8.850e-03 r2 1.046e-02
[ 531] train th 2.992e-08 om 1.735e-05 r1 8.842e-03 r2 1.045e-02 | val th 3.631e-08 om 2.356e-05 r1 8.850e-03 r2 1.046e-02
[ 532] train th 3.585e-08 om 1.751e-05 r1 8.842e-03 r2 1.045e-02 | val th 3.177e-08 om 2.399e-05 r1 8.850e-03 r2 1.046e-02
[ 533] train th 3.477e-08 om 1.720e-05 r1 8.842e-03 r2 1.045e-02 | val th 3.048e-08 om 2.424e-05 r1 8.850e-03 r2 1.046e-02
[ 534] train th 2.628e-08 om 1.729e-05 r1 8.841e-03 r2 1.045e-02 | val th 3.276e-08 om 2.306e-05 r1 8.850e-03 r2 1.046e-02
[ 535] train th 3.038e-08 om 1.736e-05 r1 8.841e-03 r2 1.045e-02 | val th 2.765e-08 om 2.291e-05 r1 8.849e-03 r2 1.046e-02
[ 536] train th 2.978e-08 om 1.709e-05 r1 8.841e-03 r2 1.045e-02 | val th 6.214e-08 om 2.405e-05 r1 8.850e-03 r2 1.046e-02
[ 537] train th 3.438e-08 om 1.683e-05 r1 8.841e-03 r2 1.045e-02 | val th 3.721e-08 om 2.307e-05 r1 8.850e-03 r2 1.046e-02
[ 538] train th 3.512e-08 om 1.692e-05 r1 8.841e-03 r2 1.045e-02 | val th 2.607e-08 om 2.270e-05 r1 8.850e-03 r2 1.046e-02
[ 539] train th 3.114e-08 om 1.707e-05 r1 8.841e-03 r2 1.045e-02 | val th 2.400e-08 om 2.271e-05 r1 8.849e-03 r2 1.046e-02
[ 540] train th 2.540e-08 om 1.647e-05 r1 8.841e-03 r2 1.045e-02 | val th 2.140e-08 om 2.237e-05 r1 8.849e-03 r2 1.046e-02
[ 541] train th 2.950e-08 om 1.674e-05 r1 8.841e-03 r2 1.045e-02 | val th 2.223e-08 om 2.333e-05 r1 8.849e-03 r2 1.046e-02  *
[ 542] train th 2.572e-08 om 1.681e-05 r1 8.841e-03 r2 1.045e-02 | val th 2.947e-08 om 2.287e-05 r1 8.850e-03 r2 1.046e-02
[ 543] train th 2.494e-08 om 1.639e-05 r1 8.841e-03 r2 1.045e-02 | val th 2.601e-08 om 2.271e-05 r1 8.849e-03 r2 1.046e-02  *
[ 544] train th 3.180e-08 om 1.638e-05 r1 8.841e-03 r2 1.045e-02 | val th 2.350e-08 om 2.248e-05 r1 8.849e-03 r2 1.046e-02
[ 545] train th 2.861e-08 om 1.636e-05 r1 8.841e-03 r2 1.045e-02 | val th 2.285e-08 om 2.347e-05 r1 8.849e-03 r2 1.046e-02
[ 546] train th 2.445e-08 om 1.638e-05 r1 8.841e-03 r2 1.045e-02 | val th 2.653e-08 om 2.333e-05 r1 8.849e-03 r2 1.046e-02
[ 547] train th 2.762e-08 om 1.623e-05 r1 8.840e-03 r2 1.045e-02 | val th 2.249e-08 om 2.329e-05 r1 8.850e-03 r2 1.046e-02
[ 548] train th 2.528e-08 om 1.644e-05 r1 8.841e-03 r2 1.045e-02 | val th 2.250e-08 om 2.461e-05 r1 8.849e-03 r2 1.046e-02
[ 549] train th 2.587e-08 om 1.657e-05 r1 8.841e-03 r2 1.045e-02 | val th 2.312e-08 om 2.318e-05 r1 8.849e-03 r2 1.046e-02
[ 550] train th 2.887e-08 om 1.633e-05 r1 8.841e-03 r2 1.045e-02 | val th 3.168e-08 om 2.288e-05 r1 8.849e-03 r2 1.046e-02  *
[ 551] train th 2.532e-08 om 1.644e-05 r1 8.840e-03 r2 1.045e-02 | val th 2.284e-08 om 2.262e-05 r1 8.849e-03 r2 1.046e-02
[ 552] train th 2.421e-08 om 1.640e-05 r1 8.841e-03 r2 1.045e-02 | val th 2.173e-08 om 2.258e-05 r1 8.849e-03 r2 1.046e-02
[ 553] train th 2.984e-08 om 1.624e-05 r1 8.841e-03 r2 1.045e-02 | val th 2.728e-08 om 2.328e-05 r1 8.849e-03 r2 1.046e-02
[ 554] train th 2.404e-08 om 1.595e-05 r1 8.840e-03 r2 1.045e-02 | val th 2.475e-08 om 2.234e-05 r1 8.849e-03 r2 1.046e-02
[ 555] train th 2.449e-08 om 1.587e-05 r1 8.840e-03 r2 1.045e-02 | val th 2.690e-08 om 2.276e-05 r1 8.849e-03 r2 1.046e-02  *
[ 556] train th 2.117e-08 om 1.588e-05 r1 8.840e-03 r2 1.045e-02 | val th 2.737e-08 om 2.236e-05 r1 8.849e-03 r2 1.046e-02  *
[ 557] train th 2.264e-08 om 1.594e-05 r1 8.840e-03 r2 1.045e-02 | val th 2.900e-08 om 2.248e-05 r1 8.849e-03 r2 1.046e-02
[ 558] train th 2.350e-08 om 1.599e-05 r1 8.840e-03 r2 1.045e-02 | val th 2.574e-08 om 2.248e-05 r1 8.849e-03 r2 1.046e-02
[ 559] train th 1.895e-08 om 1.590e-05 r1 8.840e-03 r2 1.045e-02 | val th 2.478e-08 om 2.246e-05 r1 8.849e-03 r2 1.046e-02
[ 560] train th 2.278e-08 om 1.593e-05 r1 8.840e-03 r2 1.045e-02 | val th 2.137e-08 om 2.264e-05 r1 8.849e-03 r2 1.046e-02
[ 561] train th 2.530e-08 om 1.590e-05 r1 8.840e-03 r2 1.045e-02 | val th 3.177e-08 om 2.246e-05 r1 8.849e-03 r2 1.046e-02
[ 562] train th 2.140e-08 om 1.595e-05 r1 8.840e-03 r2 1.045e-02 | val th 2.683e-08 om 2.296e-05 r1 8.849e-03 r2 1.046e-02
[ 563] train th 2.402e-08 om 1.584e-05 r1 8.840e-03 r2 1.045e-02 | val th 2.638e-08 om 2.246e-05 r1 8.849e-03 r2 1.046e-02
[ 564] train th 2.360e-08 om 1.588e-05 r1 8.840e-03 r2 1.045e-02 | val th 2.354e-08 om 2.263e-05 r1 8.849e-03 r2 1.046e-02
[ 565] train th 2.498e-08 om 1.591e-05 r1 8.840e-03 r2 1.045e-02 | val th 2.948e-08 om 2.229e-05 r1 8.848e-03 r2 1.046e-02  *
[ 566] train th 2.330e-08 om 1.588e-05 r1 8.840e-03 r2 1.045e-02 | val th 3.877e-08 om 2.217e-05 r1 8.849e-03 r2 1.046e-02
[ 567] train th 2.430e-08 om 1.584e-05 r1 8.840e-03 r2 1.045e-02 | val th 2.682e-08 om 2.400e-05 r1 8.849e-03 r2 1.046e-02
[ 568] train th 2.107e-08 om 1.576e-05 r1 8.840e-03 r2 1.045e-02 | val th 2.569e-08 om 2.224e-05 r1 8.849e-03 r2 1.046e-02  *
[ 569] train th 1.961e-08 om 1.566e-05 r1 8.840e-03 r2 1.045e-02 | val th 2.332e-08 om 2.214e-05 r1 8.848e-03 r2 1.046e-02  *
[ 570] train th 2.237e-08 om 1.560e-05 r1 8.840e-03 r2 1.045e-02 | val th 2.695e-08 om 2.219e-05 r1 8.848e-03 r2 1.046e-02
[ 571] train th 2.060e-08 om 1.569e-05 r1 8.840e-03 r2 1.045e-02 | val th 2.321e-08 om 2.317e-05 r1 8.848e-03 r2 1.046e-02
[ 572] train th 1.939e-08 om 1.563e-05 r1 8.840e-03 r2 1.045e-02 | val th 2.620e-08 om 2.236e-05 r1 8.848e-03 r2 1.046e-02
[ 573] train th 2.002e-08 om 1.570e-05 r1 8.840e-03 r2 1.045e-02 | val th 2.072e-08 om 2.249e-05 r1 8.848e-03 r2 1.046e-02
[ 574] train th 2.150e-08 om 1.568e-05 r1 8.840e-03 r2 1.045e-02 | val th 2.827e-08 om 2.208e-05 r1 8.848e-03 r2 1.046e-02  *
[ 575] train th 2.174e-08 om 1.564e-05 r1 8.840e-03 r2 1.045e-02 | val th 2.219e-08 om 2.207e-05 r1 8.848e-03 r2 1.046e-02
[ 576] train th 2.022e-08 om 1.566e-05 r1 8.840e-03 r2 1.045e-02 | val th 2.485e-08 om 2.210e-05 r1 8.848e-03 r2 1.046e-02
[ 577] train th 1.905e-08 om 1.574e-05 r1 8.840e-03 r2 1.045e-02 | val th 2.931e-08 om 2.236e-05 r1 8.848e-03 r2 1.046e-02
[ 578] train th 1.921e-08 om 1.566e-05 r1 8.840e-03 r2 1.045e-02 | val th 2.167e-08 om 2.212e-05 r1 8.848e-03 r2 1.046e-02  *
[ 579] train th 1.930e-08 om 1.568e-05 r1 8.840e-03 r2 1.045e-02 | val th 2.756e-08 om 2.224e-05 r1 8.848e-03 r2 1.046e-02
[ 580] train th 1.823e-08 om 1.560e-05 r1 8.840e-03 r2 1.045e-02 | val th 2.889e-08 om 2.238e-05 r1 8.848e-03 r2 1.046e-02
[ 581] train th 2.016e-08 om 1.567e-05 r1 8.840e-03 r2 1.045e-02 | val th 3.193e-08 om 2.248e-05 r1 8.848e-03 r2 1.046e-02
[ 582] train th 1.941e-08 om 1.548e-05 r1 8.840e-03 r2 1.045e-02 | val th 2.275e-08 om 2.216e-05 r1 8.848e-03 r2 1.046e-02  *
[ 583] train th 1.812e-08 om 1.551e-05 r1 8.840e-03 r2 1.045e-02 | val th 2.524e-08 om 2.208e-05 r1 8.848e-03 r2 1.046e-02
[ 584] train th 1.770e-08 om 1.546e-05 r1 8.840e-03 r2 1.045e-02 | val th 2.149e-08 om 2.213e-05 r1 8.848e-03 r2 1.046e-02
[ 585] train th 1.704e-08 om 1.553e-05 r1 8.840e-03 r2 1.045e-02 | val th 2.372e-08 om 2.207e-05 r1 8.848e-03 r2 1.046e-02  *
[ 586] train th 1.767e-08 om 1.550e-05 r1 8.840e-03 r2 1.045e-02 | val th 2.301e-08 om 2.223e-05 r1 8.848e-03 r2 1.046e-02
[ 587] train th 1.711e-08 om 1.556e-05 r1 8.840e-03 r2 1.045e-02 | val th 2.183e-08 om 2.238e-05 r1 8.848e-03 r2 1.046e-02
[ 588] train th 1.757e-08 om 1.555e-05 r1 8.840e-03 r2 1.045e-02 | val th 2.666e-08 om 2.202e-05 r1 8.848e-03 r2 1.046e-02
[ 589] train th 1.691e-08 om 1.549e-05 r1 8.840e-03 r2 1.045e-02 | val th 2.318e-08 om 2.294e-05 r1 8.848e-03 r2 1.046e-02
[ 590] train th 1.669e-08 om 1.551e-05 r1 8.840e-03 r2 1.045e-02 | val th 2.419e-08 om 2.208e-05 r1 8.848e-03 r2 1.046e-02
[ 591] train th 1.777e-08 om 1.553e-05 r1 8.840e-03 r2 1.045e-02 | val th 2.217e-08 om 2.210e-05 r1 8.848e-03 r2 1.046e-02
[ 592] train th 1.705e-08 om 1.550e-05 r1 8.840e-03 r2 1.045e-02 | val th 2.931e-08 om 2.215e-05 r1 8.848e-03 r2 1.046e-02
[ 593] train th 1.765e-08 om 1.557e-05 r1 8.840e-03 r2 1.045e-02 | val th 2.377e-08 om 2.217e-05 r1 8.848e-03 r2 1.046e-02
[ 594] train th 1.733e-08 om 1.555e-05 r1 8.840e-03 r2 1.045e-02 | val th 2.565e-08 om 2.225e-05 r1 8.848e-03 r2 1.046e-02
[ 595] train th 1.812e-08 om 1.549e-05 r1 8.840e-03 r2 1.045e-02 | val th 2.252e-08 om 2.212e-05 r1 8.848e-03 r2 1.046e-02
[ 596] train th 1.714e-08 om 1.544e-05 r1 8.839e-03 r2 1.045e-02 | val th 2.115e-08 om 2.212e-05 r1 8.848e-03 r2 1.046e-02
[ 597] train th 1.644e-08 om 1.546e-05 r1 8.840e-03 r2 1.045e-02 | val th 2.167e-08 om 2.215e-05 r1 8.848e-03 r2 1.046e-02  *
[ 598] train th 1.582e-08 om 1.546e-05 r1 8.840e-03 r2 1.045e-02 | val th 2.366e-08 om 2.201e-05 r1 8.848e-03 r2 1.046e-02
[ 599] train th 1.577e-08 om 1.541e-05 r1 8.840e-03 r2 1.045e-02 | val th 2.292e-08 om 2.215e-05 r1 8.848e-03 r2 1.046e-02
[ 600] train th 1.611e-08 om 1.541e-05 r1 8.840e-03 r2 1.045e-02 | val th 2.047e-08 om 2.215e-05 r1 8.848e-03 r2 1.046e-02
[ 601] train th 1.582e-08 om 1.539e-05 r1 8.840e-03 r2 1.045e-02 | val th 2.266e-08 om 2.208e-05 r1 8.848e-03 r2 1.046e-02
[ 602] train th 1.589e-08 om 1.537e-05 r1 8.839e-03 r2 1.045e-02 | val th 2.078e-08 om 2.216e-05 r1 8.848e-03 r2 1.046e-02
[ 603] train th 1.550e-08 om 1.538e-05 r1 8.839e-03 r2 1.045e-02 | val th 2.033e-08 om 2.209e-05 r1 8.848e-03 r2 1.046e-02
[ 604] train th 1.597e-08 om 1.538e-05 r1 8.840e-03 r2 1.045e-02 | val th 2.208e-08 om 2.220e-05 r1 8.848e-03 r2 1.046e-02  *
[ 605] train th 1.607e-08 om 1.542e-05 r1 8.840e-03 r2 1.045e-02 | val th 2.084e-08 om 2.200e-05 r1 8.848e-03 r2 1.046e-02  *
[ 606] train th 1.557e-08 om 1.539e-05 r1 8.840e-03 r2 1.045e-02 | val th 2.094e-08 om 2.203e-05 r1 8.848e-03 r2 1.046e-02
[ 607] train th 1.641e-08 om 1.537e-05 r1 8.840e-03 r2 1.045e-02 | val th 2.122e-08 om 2.198e-05 r1 8.848e-03 r2 1.046e-02
[ 608] train th 1.560e-08 om 1.540e-05 r1 8.840e-03 r2 1.045e-02 | val th 2.107e-08 om 2.211e-05 r1 8.848e-03 r2 1.046e-02
[ 609] train th 1.588e-08 om 1.539e-05 r1 8.840e-03 r2 1.045e-02 | val th 2.085e-08 om 2.207e-05 r1 8.848e-03 r2 1.046e-02  *
[ 610] train th 1.573e-08 om 1.542e-05 r1 8.840e-03 r2 1.045e-02 | val th 2.101e-08 om 2.205e-05 r1 8.848e-03 r2 1.046e-02
[ 611] train th 1.506e-08 om 1.533e-05 r1 8.840e-03 r2 1.045e-02 | val th 2.069e-08 om 2.209e-05 r1 8.848e-03 r2 1.046e-02  *
[ 612] train th 1.513e-08 om 1.533e-05 r1 8.840e-03 r2 1.045e-02 | val th 2.048e-08 om 2.215e-05 r1 8.848e-03 r2 1.046e-02
[ 613] train th 1.491e-08 om 1.534e-05 r1 8.840e-03 r2 1.045e-02 | val th 2.062e-08 om 2.204e-05 r1 8.848e-03 r2 1.046e-02  *
[ 614] train th 1.506e-08 om 1.535e-05 r1 8.840e-03 r2 1.045e-02 | val th 2.196e-08 om 2.207e-05 r1 8.848e-03 r2 1.046e-02
[ 615] train th 1.486e-08 om 1.535e-05 r1 8.840e-03 r2 1.045e-02 | val th 2.046e-08 om 2.198e-05 r1 8.848e-03 r2 1.046e-02
[ 616] train th 1.511e-08 om 1.535e-05 r1 8.840e-03 r2 1.045e-02 | val th 2.163e-08 om 2.209e-05 r1 8.848e-03 r2 1.046e-02
[ 617] train th 1.499e-08 om 1.533e-05 r1 8.840e-03 r2 1.045e-02 | val th 2.098e-08 om 2.198e-05 r1 8.848e-03 r2 1.046e-02  *
[ 618] train th 1.494e-08 om 1.532e-05 r1 8.840e-03 r2 1.045e-02 | val th 2.042e-08 om 2.197e-05 r1 8.848e-03 r2 1.046e-02  *
[ 619] train th 1.498e-08 om 1.535e-05 r1 8.840e-03 r2 1.045e-02 | val th 2.081e-08 om 2.203e-05 r1 8.848e-03 r2 1.046e-02
[ 620] train th 1.506e-08 om 1.531e-05 r1 8.840e-03 r2 1.045e-02 | val th 2.059e-08 om 2.200e-05 r1 8.848e-03 r2 1.046e-02
[ 621] train th 1.510e-08 om 1.534e-05 r1 8.840e-03 r2 1.045e-02 | val th 2.114e-08 om 2.200e-05 r1 8.848e-03 r2 1.046e-02
[ 622] train th 1.499e-08 om 1.531e-05 r1 8.840e-03 r2 1.045e-02 | val th 2.044e-08 om 2.214e-05 r1 8.848e-03 r2 1.046e-02
[ 623] train th 1.499e-08 om 1.537e-05 r1 8.840e-03 r2 1.045e-02 | val th 2.145e-08 om 2.212e-05 r1 8.848e-03 r2 1.046e-02
[ 624] train th 1.511e-08 om 1.533e-05 r1 8.840e-03 r2 1.045e-02 | val th 2.059e-08 om 2.196e-05 r1 8.848e-03 r2 1.046e-02
[ 625] train th 1.469e-08 om 1.530e-05 r1 8.840e-03 r2 1.045e-02 | val th 2.054e-08 om 2.199e-05 r1 8.848e-03 r2 1.046e-02
[ 626] train th 1.476e-08 om 1.530e-05 r1 8.840e-03 r2 1.045e-02 | val th 2.114e-08 om 2.216e-05 r1 8.848e-03 r2 1.046e-02
[ 627] train th 1.461e-08 om 1.529e-05 r1 8.839e-03 r2 1.045e-02 | val th 2.020e-08 om 2.198e-05 r1 8.848e-03 r2 1.046e-02  *
[ 628] train th 1.466e-08 om 1.530e-05 r1 8.840e-03 r2 1.045e-02 | val th 2.038e-08 om 2.202e-05 r1 8.848e-03 r2 1.046e-02
[ 629] train th 1.467e-08 om 1.530e-05 r1 8.840e-03 r2 1.045e-02 | val th 2.046e-08 om 2.206e-05 r1 8.848e-03 r2 1.046e-02
[ 630] train th 1.469e-08 om 1.530e-05 r1 8.840e-03 r2 1.045e-02 | val th 2.025e-08 om 2.199e-05 r1 8.848e-03 r2 1.046e-02
[ 631] train th 1.469e-08 om 1.531e-05 r1 8.840e-03 r2 1.045e-02 | val th 2.033e-08 om 2.196e-05 r1 8.848e-03 r2 1.046e-02
[ 632] train th 1.480e-08 om 1.529e-05 r1 8.840e-03 r2 1.045e-02 | val th 2.055e-08 om 2.203e-05 r1 8.848e-03 r2 1.046e-02
[ 633] train th 1.466e-08 om 1.529e-05 r1 8.840e-03 r2 1.045e-02 | val th 2.027e-08 om 2.198e-05 r1 8.848e-03 r2 1.046e-02
[ 634] train th 1.462e-08 om 1.529e-05 r1 8.840e-03 r2 1.045e-02 | val th 2.026e-08 om 2.200e-05 r1 8.848e-03 r2 1.046e-02
[ 635] train th 1.456e-08 om 1.529e-05 r1 8.840e-03 r2 1.045e-02 | val th 2.040e-08 om 2.201e-05 r1 8.848e-03 r2 1.046e-02
[ 636] train th 1.464e-08 om 1.531e-05 r1 8.840e-03 r2 1.045e-02 | val th 2.034e-08 om 2.202e-05 r1 8.848e-03 r2 1.046e-02
[ 637] train th 1.475e-08 om 1.530e-05 r1 8.840e-03 r2 1.045e-02 | val th 2.050e-08 om 2.198e-05 r1 8.848e-03 r2 1.046e-02
[ 638] train th 1.461e-08 om 1.530e-05 r1 8.840e-03 r2 1.045e-02 | val th 2.045e-08 om 2.198e-05 r1 8.848e-03 r2 1.046e-02
[ 639] train th 1.451e-08 om 1.528e-05 r1 8.840e-03 r2 1.045e-02 | val th 2.027e-08 om 2.197e-05 r1 8.848e-03 r2 1.046e-02
[ 640] train th 1.452e-08 om 1.524e-05 r1 8.839e-03 r2 1.045e-02 | val th 2.019e-08 om 2.204e-05 r1 8.848e-03 r2 1.046e-02
[ 641] train th 1.451e-08 om 1.528e-05 r1 8.840e-03 r2 1.045e-02 | val th 2.040e-08 om 2.198e-05 r1 8.848e-03 r2 1.046e-02
[ 642] train th 1.448e-08 om 1.528e-05 r1 8.840e-03 r2 1.045e-02 | val th 2.027e-08 om 2.198e-05 r1 8.848e-03 r2 1.046e-02
[ 643] train th 1.452e-08 om 1.528e-05 r1 8.840e-03 r2 1.045e-02 | val th 2.021e-08 om 2.198e-05 r1 8.848e-03 r2 1.046e-02  *
[ 644] train th 1.450e-08 om 1.528e-05 r1 8.840e-03 r2 1.045e-02 | val th 2.032e-08 om 2.197e-05 r1 8.848e-03 r2 1.046e-02  *
[ 645] train th 1.451e-08 om 1.528e-05 r1 8.840e-03 r2 1.045e-02 | val th 2.019e-08 om 2.201e-05 r1 8.848e-03 r2 1.046e-02
[ 646] train th 1.450e-08 om 1.528e-05 r1 8.840e-03 r2 1.045e-02 | val th 2.025e-08 om 2.199e-05 r1 8.848e-03 r2 1.046e-02
[ 647] train th 1.450e-08 om 1.528e-05 r1 8.840e-03 r2 1.045e-02 | val th 2.024e-08 om 2.198e-05 r1 8.848e-03 r2 1.046e-02
[ 648] train th 1.454e-08 om 1.528e-05 r1 8.840e-03 r2 1.045e-02 | val th 2.038e-08 om 2.198e-05 r1 8.848e-03 r2 1.046e-02
[ 649] train th 1.454e-08 om 1.528e-05 r1 8.840e-03 r2 1.045e-02 | val th 2.027e-08 om 2.198e-05 r1 8.848e-03 r2 1.046e-02
[ 650] train th 1.448e-08 om 1.528e-05 r1 8.840e-03 r2 1.045e-02 | val th 2.026e-08 om 2.200e-05 r1 8.848e-03 r2 1.046e-02
[ 651] train th 1.447e-08 om 1.528e-05 r1 8.840e-03 r2 1.045e-02 | val th 2.029e-08 om 2.198e-05 r1 8.848e-03 r2 1.046e-02
[ 652] train th 1.454e-08 om 1.528e-05 r1 8.840e-03 r2 1.045e-02 | val th 2.026e-08 om 2.198e-05 r1 8.848e-03 r2 1.046e-02
[ 653] train th 1.444e-08 om 1.527e-05 r1 8.839e-03 r2 1.045e-02 | val th 2.016e-08 om 2.198e-05 r1 8.848e-03 r2 1.046e-02  *
[ 654] train th 1.444e-08 om 1.527e-05 r1 8.840e-03 r2 1.045e-02 | val th 2.020e-08 om 2.198e-05 r1 8.848e-03 r2 1.046e-02
[ 655] train th 1.444e-08 om 1.527e-05 r1 8.840e-03 r2 1.045e-02 | val th 2.019e-08 om 2.198e-05 r1 8.848e-03 r2 1.046e-02
[ 656] train th 1.444e-08 om 1.527e-05 r1 8.840e-03 r2 1.045e-02 | val th 2.021e-08 om 2.199e-05 r1 8.848e-03 r2 1.046e-02
[ 657] train th 1.444e-08 om 1.527e-05 r1 8.840e-03 r2 1.045e-02 | val th 2.019e-08 om 2.197e-05 r1 8.848e-03 r2 1.046e-02
[ 658] train th 1.442e-08 om 1.523e-05 r1 8.839e-03 r2 1.045e-02 | val th 2.023e-08 om 2.197e-05 r1 8.848e-03 r2 1.046e-02
[ 659] train th 1.444e-08 om 1.527e-05 r1 8.840e-03 r2 1.045e-02 | val th 2.020e-08 om 2.197e-05 r1 8.848e-03 r2 1.046e-02
[ 660] train th 1.444e-08 om 1.527e-05 r1 8.840e-03 r2 1.045e-02 | val th 2.016e-08 om 2.198e-05 r1 8.848e-03 r2 1.046e-02
[ 661] train th 1.445e-08 om 1.527e-05 r1 8.840e-03 r2 1.045e-02 | val th 2.020e-08 om 2.199e-05 r1 8.848e-03 r2 1.046e-02
[ 662] train th 1.445e-08 om 1.527e-05 r1 8.840e-03 r2 1.045e-02 | val th 2.016e-08 om 2.198e-05 r1 8.848e-03 r2 1.046e-02
[ 663] train th 1.443e-08 om 1.527e-05 r1 8.840e-03 r2 1.045e-02 | val th 2.021e-08 om 2.197e-05 r1 8.848e-03 r2 1.046e-02
[ 664] train th 1.444e-08 om 1.527e-05 r1 8.840e-03 r2 1.045e-02 | val th 2.021e-08 om 2.198e-05 r1 8.848e-03 r2 1.046e-02
[ 665] train th 1.444e-08 om 1.527e-05 r1 8.840e-03 r2 1.045e-02 | val th 2.024e-08 om 2.197e-05 r1 8.848e-03 r2 1.046e-02
[ 666] train th 1.445e-08 om 1.527e-05 r1 8.840e-03 r2 1.045e-02 | val th 2.017e-08 om 2.198e-05 r1 8.848e-03 r2 1.046e-02
[ 667] train th 1.444e-08 om 1.527e-05 r1 8.840e-03 r2 1.045e-02 | val th 2.021e-08 om 2.197e-05 r1 8.848e-03 r2 1.046e-02
[ 668] train th 1.444e-08 om 1.527e-05 r1 8.839e-03 r2 1.045e-02 | val th 2.019e-08 om 2.198e-05 r1 8.848e-03 r2 1.046e-02
[ 669] train th 1.444e-08 om 1.527e-05 r1 8.840e-03 r2 1.045e-02 | val th 2.016e-08 om 2.200e-05 r1 8.848e-03 r2 1.046e-02
[ 670] train th 1.446e-08 om 1.527e-05 r1 8.840e-03 r2 1.045e-02 | val th 2.018e-08 om 2.197e-05 r1 8.848e-03 r2 1.046e-02
[ 671] train th 1.443e-08 om 1.527e-05 r1 8.840e-03 r2 1.045e-02 | val th 2.016e-08 om 2.197e-05 r1 8.848e-03 r2 1.046e-02
[ 672] train th 1.444e-08 om 1.527e-05 r1 8.840e-03 r2 1.045e-02 | val th 2.017e-08 om 2.198e-05 r1 8.848e-03 r2 1.046e-02
[ 673] train th 1.445e-08 om 1.527e-05 r1 8.840e-03 r2 1.045e-02 | val th 2.025e-08 om 2.197e-05 r1 8.848e-03 r2 1.046e-02
[ 674] train th 1.444e-08 om 1.527e-05 r1 8.840e-03 r2 1.045e-02 | val th 2.018e-08 om 2.198e-05 r1 8.848e-03 r2 1.046e-02
[ 675] train th 1.445e-08 om 1.527e-05 r1 8.840e-03 r2 1.045e-02 | val th 2.024e-08 om 2.197e-05 r1 8.848e-03 r2 1.046e-02
[ 676] train th 1.444e-08 om 1.527e-05 r1 8.840e-03 r2 1.045e-02 | val th 2.020e-08 om 2.199e-05 r1 8.848e-03 r2 1.046e-02
[ 677] train th 1.444e-08 om 1.527e-05 r1 8.840e-03 r2 1.045e-02 | val th 2.019e-08 om 2.197e-05 r1 8.848e-03 r2 1.046e-02
[ 678] train th 1.445e-08 om 1.527e-05 r1 8.840e-03 r2 1.045e-02 | val th 2.027e-08 om 2.198e-05 r1 8.848e-03 r2 1.046e-02
[ 679] train th 1.445e-08 om 1.527e-05 r1 8.840e-03 r2 1.045e-02 | val th 2.019e-08 om 2.197e-05 r1 8.848e-03 r2 1.046e-02
[ 680] train th 1.444e-08 om 1.527e-05 r1 8.840e-03 r2 1.045e-02 | val th 2.025e-08 om 2.198e-05 r1 8.848e-03 r2 1.046e-02
[ 681] train th 1.444e-08 om 1.527e-05 r1 8.840e-03 r2 1.045e-02 | val th 2.017e-08 om 2.198e-05 r1 8.848e-03 r2 1.046e-02
[ 682] train th 1.443e-08 om 1.527e-05 r1 8.840e-03 r2 1.045e-02 | val th 2.017e-08 om 2.198e-05 r1 8.848e-03 r2 1.046e-02
[ 683] train th 1.443e-08 om 1.527e-05 r1 8.840e-03 r2 1.045e-02 | val th 2.024e-08 om 2.198e-05 r1 8.848e-03 r2 1.046e-02
[ 684] train th 1.445e-08 om 1.527e-05 r1 8.840e-03 r2 1.045e-02 | val th 2.018e-08 om 2.198e-05 r1 8.848e-03 r2 1.046e-02
[ 685] train th 1.444e-08 om 1.527e-05 r1 8.840e-03 r2 1.045e-02 | val th 2.019e-08 om 2.197e-05 r1 8.848e-03 r2 1.046e-02
[ 686] train th 1.445e-08 om 1.527e-05 r1 8.840e-03 r2 1.045e-02 | val th 2.018e-08 om 2.198e-05 r1 8.848e-03 r2 1.046e-02
[ 687] train th 1.443e-08 om 1.527e-05 r1 8.840e-03 r2 1.045e-02 | val th 2.019e-08 om 2.198e-05 r1 8.848e-03 r2 1.046e-02
[ 688] train th 1.446e-08 om 1.527e-05 r1 8.840e-03 r2 1.045e-02 | val th 2.022e-08 om 2.197e-05 r1 8.848e-03 r2 1.046e-02
[ 689] train th 1.444e-08 om 1.527e-05 r1 8.840e-03 r2 1.045e-02 | val th 2.018e-08 om 2.197e-05 r1 8.848e-03 r2 1.046e-02
[ 690] train th 1.443e-08 om 1.527e-05 r1 8.840e-03 r2 1.045e-02 | val th 2.019e-08 om 2.197e-05 r1 8.848e-03 r2 1.046e-02
[ 691] train th 1.445e-08 om 1.527e-05 r1 8.839e-03 r2 1.045e-02 | val th 2.023e-08 om 2.200e-05 r1 8.848e-03 r2 1.046e-02
[ 692] train th 1.443e-08 om 1.527e-05 r1 8.839e-03 r2 1.045e-02 | val th 2.017e-08 om 2.198e-05 r1 8.848e-03 r2 1.046e-02
[ 693] train th 1.444e-08 om 1.527e-05 r1 8.840e-03 r2 1.045e-02 | val th 2.019e-08 om 2.197e-05 r1 8.848e-03 r2 1.046e-02
early stop at 693 (best 653)
[famD_W40_n5000_W40_F4_mf503_wp0.3_s2sp0] rollout_full_rms 4.3005e-04  compounding 3.21x  (5314s)
=== seed 3 starting Thu Aug 20 00:25:03 CEST 2026 ===
/Users/andreasodontopoulos/Desktop/DTU/Summer_Internship_2026/PLL_Attempt/.venv/lib/python3.14/site-packages/pytorch_optimizer/optimizer/soap.py:164: UserWarning: The operator 'aten::_linalg_eigh.eigenvalues' is not currently supported on the MPS backend and will fall back to run on the CPU. This may have performance implications. (Triggered internally at /Users/runner/work/pytorch/pytorch/aten/src/ATen/mps/MPSFallback.mm:34.)
  _, q = torch.linalg.eigh(m + 1e-30 * torch.eye(m.shape[0], device=m.device, dtype=m.dtype))
theta 0 shape: torch.Size([200000]) theta_0 unsqueezed shape: torch.Size([200000, 1])
t shape: torch.Size([125]) t unsqueezed shape: torch.Size([1, 125])
device mps | 170000 train / 30000 val rows
mu=-0.0121 sd=5.4396 w_omega=3.5787e-02 | s1=6.158 rad/s  s2=67.969 rad/s^2
[famD_W40_n5000_W40_F4_mf503_wp0.3_s3sp0] arch=deeponet residual=eq4 output_dim=2 branch_in=378 trunk_in=9 params=45,696
[   1] train th 2.043e-03 om 5.004e+00 r1 8.181e-01 r2 5.275e-01 | val th 6.649e-05 om 1.940e-02 r1 2.198e-02 r2 2.299e-02  *
[   2] train th 4.024e-05 om 9.818e-03 r1 1.863e-02 r2 2.041e-02 | val th 1.831e-05 om 7.285e-03 r1 1.498e-02 r2 1.673e-02  *
[   3] train th 2.755e-05 om 6.267e-03 r1 1.516e-02 r2 1.648e-02 | val th 4.846e-05 om 1.017e-02 r1 1.508e-02 r2 1.687e-02
[   4] train th 2.804e-05 om 9.058e-03 r1 1.548e-02 r2 1.694e-02 | val th 3.018e-05 om 8.327e-03 r1 1.562e-02 r2 1.630e-02
[   5] train th 2.520e-05 om 8.760e-03 r1 1.433e-02 r2 1.600e-02 | val th 3.653e-05 om 1.158e-02 r1 1.360e-02 r2 1.528e-02  *
[   6] train th 2.396e-05 om 7.342e-03 r1 1.390e-02 r2 1.569e-02 | val th 2.461e-05 om 5.855e-03 r1 1.338e-02 r2 1.570e-02  *
[   7] train th 3.105e-05 om 8.429e-03 r1 1.400e-02 r2 1.584e-02 | val th 1.923e-05 om 1.135e-02 r1 1.401e-02 r2 1.557e-02
[   8] train th 2.761e-05 om 8.724e-03 r1 1.350e-02 r2 1.538e-02 | val th 2.851e-05 om 8.783e-03 r1 1.334e-02 r2 1.529e-02  *
[   9] train th 2.601e-05 om 7.958e-03 r1 1.330e-02 r2 1.520e-02 | val th 3.330e-05 om 1.348e-02 r1 1.302e-02 r2 1.497e-02  *
[  10] train th 2.768e-05 om 8.628e-03 r1 1.338e-02 r2 1.533e-02 | val th 7.568e-05 om 6.427e-03 r1 1.363e-02 r2 1.602e-02
[  11] train th 3.474e-05 om 9.373e-03 r1 1.291e-02 r2 1.480e-02 | val th 1.030e-05 om 8.211e-03 r1 1.266e-02 r2 1.440e-02  *
[  12] train th 3.058e-05 om 8.609e-03 r1 1.259e-02 r2 1.436e-02 | val th 1.812e-05 om 5.952e-03 r1 1.312e-02 r2 1.477e-02
[  13] train th 3.309e-05 om 8.679e-03 r1 1.259e-02 r2 1.437e-02 | val th 2.118e-05 om 8.690e-03 r1 1.377e-02 r2 1.566e-02
[  14] train th 2.678e-05 om 6.783e-03 r1 1.242e-02 r2 1.423e-02 | val th 2.413e-05 om 8.224e-03 r1 1.318e-02 r2 1.484e-02
[  15] train th 3.288e-05 om 8.628e-03 r1 1.255e-02 r2 1.438e-02 | val th 2.220e-05 om 6.298e-03 r1 1.235e-02 r2 1.423e-02  *
[  16] train th 2.810e-05 om 7.213e-03 r1 1.244e-02 r2 1.429e-02 | val th 5.262e-05 om 5.959e-03 r1 1.246e-02 r2 1.439e-02
[  17] train th 2.780e-05 om 7.443e-03 r1 1.230e-02 r2 1.416e-02 | val th 5.561e-05 om 5.942e-03 r1 1.227e-02 r2 1.403e-02  *
[  18] train th 3.241e-05 om 9.048e-03 r1 1.230e-02 r2 1.414e-02 | val th 1.266e-04 om 6.555e-03 r1 1.227e-02 r2 1.420e-02
[  19] train th 3.235e-05 om 8.414e-03 r1 1.226e-02 r2 1.411e-02 | val th 1.799e-05 om 7.770e-03 r1 1.203e-02 r2 1.388e-02  *
[  20] train th 2.994e-05 om 6.054e-03 r1 1.220e-02 r2 1.405e-02 | val th 2.999e-05 om 8.910e-03 r1 1.236e-02 r2 1.408e-02
[  21] train th 3.182e-05 om 7.476e-03 r1 1.230e-02 r2 1.414e-02 | val th 2.745e-05 om 7.376e-03 r1 1.235e-02 r2 1.404e-02
[  22] train th 3.045e-05 om 8.935e-03 r1 1.213e-02 r2 1.395e-02 | val th 4.463e-05 om 6.256e-03 r1 1.195e-02 r2 1.389e-02  *
[  23] train th 2.628e-05 om 6.042e-03 r1 1.213e-02 r2 1.398e-02 | val th 2.779e-05 om 6.824e-03 r1 1.186e-02 r2 1.378e-02  *
[  24] train th 2.577e-05 om 5.881e-03 r1 1.213e-02 r2 1.399e-02 | val th 2.889e-05 om 6.337e-03 r1 1.210e-02 r2 1.410e-02
[  25] train th 2.973e-05 om 6.789e-03 r1 1.214e-02 r2 1.398e-02 | val th 2.723e-05 om 6.074e-03 r1 1.199e-02 r2 1.383e-02
[  26] train th 2.951e-05 om 7.618e-03 r1 1.207e-02 r2 1.393e-02 | val th 4.202e-05 om 6.442e-03 r1 1.223e-02 r2 1.400e-02
[  27] train th 2.228e-05 om 6.234e-03 r1 1.198e-02 r2 1.383e-02 | val th 2.424e-05 om 6.276e-03 r1 1.206e-02 r2 1.388e-02
[  28] train th 2.752e-05 om 5.698e-03 r1 1.204e-02 r2 1.388e-02 | val th 1.955e-05 om 5.660e-03 r1 1.180e-02 r2 1.370e-02  *
[  29] train th 2.532e-05 om 6.676e-03 r1 1.198e-02 r2 1.380e-02 | val th 1.526e-05 om 8.355e-03 r1 1.218e-02 r2 1.411e-02
[  30] train th 2.667e-05 om 6.294e-03 r1 1.192e-02 r2 1.376e-02 | val th 1.820e-05 om 4.505e-03 r1 1.189e-02 r2 1.363e-02  *
[  31] train th 2.339e-05 om 5.390e-03 r1 1.186e-02 r2 1.370e-02 | val th 2.160e-05 om 4.255e-03 r1 1.183e-02 r2 1.386e-02
[  32] train th 2.661e-05 om 6.084e-03 r1 1.195e-02 r2 1.375e-02 | val th 3.417e-05 om 6.046e-03 r1 1.176e-02 r2 1.367e-02
[  33] train th 2.336e-05 om 5.478e-03 r1 1.177e-02 r2 1.361e-02 | val th 2.085e-05 om 6.647e-03 r1 1.159e-02 r2 1.345e-02  *
[  34] train th 2.905e-05 om 7.103e-03 r1 1.193e-02 r2 1.374e-02 | val th 2.331e-05 om 3.554e-03 r1 1.171e-02 r2 1.351e-02  *
[  35] train th 2.476e-05 om 5.238e-03 r1 1.182e-02 r2 1.363e-02 | val th 4.933e-05 om 5.463e-03 r1 1.185e-02 r2 1.365e-02
[  36] train th 2.353e-05 om 5.658e-03 r1 1.186e-02 r2 1.366e-02 | val th 1.951e-05 om 5.096e-03 r1 1.190e-02 r2 1.377e-02
[  37] train th 2.716e-05 om 6.328e-03 r1 1.185e-02 r2 1.365e-02 | val th 3.390e-05 om 7.551e-03 r1 1.173e-02 r2 1.375e-02
[  38] train th 2.480e-05 om 6.806e-03 r1 1.175e-02 r2 1.355e-02 | val th 1.977e-05 om 5.544e-03 r1 1.171e-02 r2 1.344e-02
[  39] train th 2.525e-05 om 6.439e-03 r1 1.174e-02 r2 1.356e-02 | val th 2.805e-05 om 5.432e-03 r1 1.208e-02 r2 1.362e-02
[  40] train th 2.524e-05 om 6.419e-03 r1 1.170e-02 r2 1.351e-02 | val th 2.562e-05 om 4.675e-03 r1 1.212e-02 r2 1.348e-02
[  41] train th 2.499e-05 om 6.829e-03 r1 1.170e-02 r2 1.352e-02 | val th 3.235e-05 om 5.245e-03 r1 1.167e-02 r2 1.351e-02
[  42] train th 2.522e-05 om 7.269e-03 r1 1.173e-02 r2 1.354e-02 | val th 4.357e-05 om 7.989e-03 r1 1.172e-02 r2 1.348e-02
[  43] train th 2.527e-05 om 6.162e-03 r1 1.157e-02 r2 1.338e-02 | val th 3.120e-05 om 4.375e-03 r1 1.150e-02 r2 1.334e-02  *
[  44] train th 2.736e-05 om 7.409e-03 r1 1.157e-02 r2 1.338e-02 | val th 2.787e-05 om 5.681e-03 r1 1.160e-02 r2 1.339e-02
[  45] train th 2.669e-05 om 5.850e-03 r1 1.162e-02 r2 1.341e-02 | val th 1.865e-05 om 4.991e-03 r1 1.192e-02 r2 1.372e-02
[  46] train th 2.491e-05 om 5.269e-03 r1 1.173e-02 r2 1.355e-02 | val th 3.160e-05 om 4.752e-03 r1 1.139e-02 r2 1.337e-02  *
[  47] train th 2.530e-05 om 5.833e-03 r1 1.154e-02 r2 1.333e-02 | val th 6.953e-05 om 7.231e-03 r1 1.154e-02 r2 1.337e-02
[  48] train th 2.498e-05 om 6.139e-03 r1 1.143e-02 r2 1.320e-02 | val th 2.076e-05 om 3.845e-03 r1 1.138e-02 r2 1.310e-02  *
[  49] train th 2.599e-05 om 5.499e-03 r1 1.137e-02 r2 1.312e-02 | val th 1.897e-05 om 3.903e-03 r1 1.113e-02 r2 1.289e-02  *
[  50] train th 2.509e-05 om 6.290e-03 r1 1.132e-02 r2 1.307e-02 | val th 1.801e-05 om 1.410e-02 r1 1.124e-02 r2 1.307e-02
[  51] train th 2.844e-05 om 6.463e-03 r1 1.137e-02 r2 1.312e-02 | val th 2.375e-05 om 5.194e-03 r1 1.149e-02 r2 1.319e-02
[  52] train th 2.636e-05 om 6.009e-03 r1 1.119e-02 r2 1.298e-02 | val th 2.966e-05 om 6.817e-03 r1 1.124e-02 r2 1.306e-02
[  53] train th 2.346e-05 om 5.412e-03 r1 1.127e-02 r2 1.302e-02 | val th 2.052e-05 om 7.184e-03 r1 1.124e-02 r2 1.293e-02
[  54] train th 2.691e-05 om 7.956e-03 r1 1.118e-02 r2 1.289e-02 | val th 3.177e-05 om 5.036e-03 r1 1.118e-02 r2 1.298e-02
[  55] train th 2.366e-05 om 5.520e-03 r1 1.117e-02 r2 1.286e-02 | val th 1.818e-05 om 3.982e-03 r1 1.112e-02 r2 1.285e-02  *
[  56] train th 2.369e-05 om 5.334e-03 r1 1.099e-02 r2 1.267e-02 | val th 1.424e-05 om 5.287e-03 r1 1.127e-02 r2 1.297e-02
[  57] train th 2.521e-05 om 5.536e-03 r1 1.107e-02 r2 1.270e-02 | val th 2.190e-05 om 5.356e-03 r1 1.099e-02 r2 1.269e-02  *
[  58] train th 2.424e-05 om 6.495e-03 r1 1.106e-02 r2 1.270e-02 | val th 2.433e-05 om 3.616e-03 r1 1.084e-02 r2 1.251e-02  *
[  59] train th 2.314e-05 om 4.738e-03 r1 1.086e-02 r2 1.251e-02 | val th 1.227e-05 om 5.852e-03 r1 1.102e-02 r2 1.266e-02
[  60] train th 2.637e-05 om 6.411e-03 r1 1.103e-02 r2 1.268e-02 | val th 2.132e-05 om 5.124e-03 r1 1.087e-02 r2 1.254e-02
[  61] train th 2.391e-05 om 5.584e-03 r1 1.100e-02 r2 1.263e-02 | val th 1.469e-05 om 5.421e-03 r1 1.072e-02 r2 1.242e-02  *
[  62] train th 2.446e-05 om 6.157e-03 r1 1.099e-02 r2 1.260e-02 | val th 1.246e-05 om 5.074e-03 r1 1.106e-02 r2 1.283e-02
[  63] train th 2.525e-05 om 5.984e-03 r1 1.096e-02 r2 1.261e-02 | val th 1.194e-05 om 4.075e-03 r1 1.120e-02 r2 1.271e-02
[  64] train th 2.256e-05 om 4.649e-03 r1 1.088e-02 r2 1.253e-02 | val th 2.192e-05 om 3.981e-03 r1 1.086e-02 r2 1.265e-02
[  65] train th 2.421e-05 om 5.185e-03 r1 1.094e-02 r2 1.258e-02 | val th 2.540e-05 om 4.619e-03 r1 1.096e-02 r2 1.254e-02
[  66] train th 2.853e-05 om 6.653e-03 r1 1.096e-02 r2 1.261e-02 | val th 3.005e-05 om 6.927e-03 r1 1.111e-02 r2 1.271e-02
[  67] train th 2.394e-05 om 5.522e-03 r1 1.095e-02 r2 1.258e-02 | val th 3.094e-05 om 1.077e-02 r1 1.092e-02 r2 1.257e-02
[  68] train th 2.488e-05 om 6.082e-03 r1 1.094e-02 r2 1.260e-02 | val th 5.141e-05 om 3.260e-03 r1 1.112e-02 r2 1.262e-02
[  69] train th 2.411e-05 om 5.357e-03 r1 1.100e-02 r2 1.266e-02 | val th 2.192e-05 om 4.800e-03 r1 1.081e-02 r2 1.254e-02
[  70] train th 2.350e-05 om 4.893e-03 r1 1.082e-02 r2 1.250e-02 | val th 1.790e-05 om 4.549e-03 r1 1.086e-02 r2 1.264e-02
[  71] train th 2.571e-05 om 6.196e-03 r1 1.120e-02 r2 1.289e-02 | val th 2.216e-05 om 4.436e-03 r1 1.078e-02 r2 1.254e-02
[  72] train th 2.369e-05 om 4.826e-03 r1 1.077e-02 r2 1.244e-02 | val th 2.099e-05 om 4.135e-03 r1 1.076e-02 r2 1.241e-02  *
[  73] train th 2.273e-05 om 4.826e-03 r1 1.085e-02 r2 1.250e-02 | val th 1.732e-05 om 5.713e-03 r1 1.087e-02 r2 1.254e-02
[  74] train th 2.463e-05 om 5.938e-03 r1 1.086e-02 r2 1.252e-02 | val th 1.798e-05 om 4.748e-03 r1 1.061e-02 r2 1.227e-02  *
[  75] train th 2.065e-05 om 5.491e-03 r1 1.074e-02 r2 1.242e-02 | val th 2.082e-05 om 4.496e-03 r1 1.081e-02 r2 1.249e-02
[  76] train th 2.658e-05 om 4.919e-03 r1 1.090e-02 r2 1.257e-02 | val th 1.512e-05 om 4.625e-03 r1 1.092e-02 r2 1.274e-02
[  77] train th 2.284e-05 om 4.548e-03 r1 1.075e-02 r2 1.241e-02 | val th 1.471e-05 om 3.133e-03 r1 1.079e-02 r2 1.252e-02
[  78] train th 2.373e-05 om 5.558e-03 r1 1.080e-02 r2 1.250e-02 | val th 1.770e-05 om 4.625e-03 r1 1.073e-02 r2 1.245e-02
[  79] train th 2.267e-05 om 5.100e-03 r1 1.074e-02 r2 1.242e-02 | val th 2.323e-05 om 4.220e-03 r1 1.076e-02 r2 1.250e-02
[  80] train th 2.287e-05 om 5.856e-03 r1 1.101e-02 r2 1.268e-02 | val th 1.760e-05 om 5.646e-03 r1 1.072e-02 r2 1.243e-02
[  81] train th 2.351e-05 om 5.439e-03 r1 1.077e-02 r2 1.248e-02 | val th 2.416e-05 om 3.386e-03 r1 1.093e-02 r2 1.279e-02
[  82] train th 2.262e-05 om 5.717e-03 r1 1.085e-02 r2 1.256e-02 | val th 2.189e-05 om 4.247e-03 r1 1.095e-02 r2 1.266e-02
[  83] train th 2.491e-05 om 5.417e-03 r1 1.082e-02 r2 1.250e-02 | val th 9.953e-06 om 4.580e-03 r1 1.059e-02 r2 1.224e-02  *
[  84] train th 2.277e-05 om 5.738e-03 r1 1.073e-02 r2 1.243e-02 | val th 2.692e-05 om 6.986e-03 r1 1.135e-02 r2 1.300e-02
[  85] train th 2.279e-05 om 4.935e-03 r1 1.094e-02 r2 1.267e-02 | val th 2.648e-05 om 4.232e-03 r1 1.094e-02 r2 1.257e-02
[  86] train th 2.127e-05 om 6.129e-03 r1 1.080e-02 r2 1.248e-02 | val th 1.529e-05 om 7.822e-03 r1 1.100e-02 r2 1.257e-02
[  87] train th 2.586e-05 om 4.413e-03 r1 1.079e-02 r2 1.251e-02 | val th 1.798e-05 om 4.300e-03 r1 1.078e-02 r2 1.252e-02
[  88] train th 2.143e-05 om 5.654e-03 r1 1.070e-02 r2 1.241e-02 | val th 3.284e-05 om 5.643e-03 r1 1.067e-02 r2 1.257e-02
[  89] train th 2.163e-05 om 4.776e-03 r1 1.068e-02 r2 1.239e-02 | val th 9.167e-06 om 3.187e-03 r1 1.073e-02 r2 1.238e-02
[  90] train th 2.448e-05 om 5.056e-03 r1 1.077e-02 r2 1.247e-02 | val th 2.681e-05 om 4.357e-03 r1 1.068e-02 r2 1.242e-02
[  91] train th 2.206e-05 om 5.181e-03 r1 1.070e-02 r2 1.241e-02 | val th 1.978e-05 om 4.667e-03 r1 1.089e-02 r2 1.269e-02
[  92] train th 2.293e-05 om 4.841e-03 r1 1.073e-02 r2 1.245e-02 | val th 1.316e-05 om 4.994e-03 r1 1.071e-02 r2 1.235e-02
[  93] train th 2.324e-05 om 4.575e-03 r1 1.072e-02 r2 1.241e-02 | val th 4.638e-05 om 3.207e-03 r1 1.062e-02 r2 1.244e-02
[  94] train th 1.953e-05 om 4.426e-03 r1 1.078e-02 r2 1.250e-02 | val th 1.315e-05 om 3.659e-03 r1 1.063e-02 r2 1.237e-02
[  95] train th 2.204e-05 om 5.600e-03 r1 1.073e-02 r2 1.247e-02 | val th 1.886e-05 om 4.947e-03 r1 1.059e-02 r2 1.234e-02
[  96] train th 1.994e-05 om 4.786e-03 r1 1.078e-02 r2 1.250e-02 | val th 1.824e-05 om 3.662e-03 r1 1.077e-02 r2 1.258e-02
[  97] train th 2.280e-05 om 4.476e-03 r1 1.078e-02 r2 1.250e-02 | val th 1.964e-05 om 4.087e-03 r1 1.075e-02 r2 1.246e-02
[  98] train th 7.750e-06 om 2.577e-03 r1 1.016e-02 r2 1.192e-02 | val th 4.968e-06 om 1.475e-03 r1 1.010e-02 r2 1.190e-02  *
[  99] train th 7.791e-06 om 1.799e-03 r1 1.008e-02 r2 1.184e-02 | val th 1.409e-05 om 2.253e-03 r1 1.009e-02 r2 1.189e-02
[ 100] train th 7.854e-06 om 1.952e-03 r1 1.005e-02 r2 1.181e-02 | val th 6.570e-06 om 1.932e-03 r1 1.008e-02 r2 1.181e-02  *
[ 101] train th 8.243e-06 om 1.557e-03 r1 1.004e-02 r2 1.180e-02 | val th 4.300e-06 om 1.645e-03 r1 1.010e-02 r2 1.180e-02  *
[ 102] train th 6.291e-06 om 1.337e-03 r1 1.003e-02 r2 1.178e-02 | val th 6.221e-06 om 1.309e-03 r1 1.010e-02 r2 1.182e-02  *
[ 103] train th 6.977e-06 om 1.525e-03 r1 1.007e-02 r2 1.182e-02 | val th 1.678e-05 om 2.468e-03 r1 1.006e-02 r2 1.185e-02
[ 104] train th 6.857e-06 om 1.825e-03 r1 1.006e-02 r2 1.182e-02 | val th 4.690e-06 om 1.454e-03 r1 1.015e-02 r2 1.187e-02
[ 105] train th 7.089e-06 om 1.545e-03 r1 1.007e-02 r2 1.183e-02 | val th 3.683e-06 om 1.112e-03 r1 9.999e-03 r2 1.175e-02  *
[ 106] train th 6.984e-06 om 1.247e-03 r1 1.001e-02 r2 1.176e-02 | val th 7.701e-06 om 1.199e-03 r1 1.016e-02 r2 1.187e-02
[ 107] train th 7.562e-06 om 1.282e-03 r1 1.009e-02 r2 1.184e-02 | val th 5.962e-06 om 1.605e-03 r1 1.007e-02 r2 1.183e-02
[ 108] train th 6.788e-06 om 1.491e-03 r1 1.003e-02 r2 1.179e-02 | val th 6.135e-06 om 2.642e-03 r1 1.003e-02 r2 1.179e-02
[ 109] train th 9.011e-06 om 1.825e-03 r1 1.008e-02 r2 1.183e-02 | val th 1.266e-05 om 1.412e-03 r1 1.008e-02 r2 1.185e-02
[ 110] train th 7.351e-06 om 1.702e-03 r1 1.004e-02 r2 1.179e-02 | val th 5.203e-06 om 1.430e-03 r1 1.003e-02 r2 1.179e-02
[ 111] train th 7.987e-06 om 1.658e-03 r1 1.003e-02 r2 1.178e-02 | val th 5.331e-06 om 1.589e-03 r1 1.002e-02 r2 1.180e-02
[ 112] train th 7.508e-06 om 1.554e-03 r1 1.005e-02 r2 1.181e-02 | val th 6.798e-06 om 1.722e-03 r1 1.009e-02 r2 1.189e-02
[ 113] train th 6.784e-06 om 1.485e-03 r1 1.000e-02 r2 1.175e-02 | val th 1.044e-05 om 9.899e-04 r1 9.978e-03 r2 1.170e-02  *
[ 114] train th 7.751e-06 om 1.465e-03 r1 1.001e-02 r2 1.176e-02 | val th 2.037e-05 om 1.218e-03 r1 1.008e-02 r2 1.185e-02
[ 115] train th 7.029e-06 om 1.508e-03 r1 1.005e-02 r2 1.181e-02 | val th 6.828e-06 om 1.048e-03 r1 9.995e-03 r2 1.172e-02
[ 116] train th 6.726e-06 om 1.336e-03 r1 1.001e-02 r2 1.177e-02 | val th 5.423e-06 om 1.625e-03 r1 9.987e-03 r2 1.175e-02
[ 117] train th 8.659e-06 om 2.055e-03 r1 1.000e-02 r2 1.176e-02 | val th 4.767e-06 om 2.149e-03 r1 1.003e-02 r2 1.174e-02
[ 118] train th 7.637e-06 om 1.497e-03 r1 9.996e-03 r2 1.176e-02 | val th 5.290e-06 om 1.531e-03 r1 1.001e-02 r2 1.177e-02
[ 119] train th 7.175e-06 om 1.389e-03 r1 9.940e-03 r2 1.175e-02 | val th 5.954e-06 om 1.061e-03 r1 9.936e-03 r2 1.173e-02  *
[ 120] train th 7.283e-06 om 1.694e-03 r1 9.866e-03 r2 1.170e-02 | val th 1.037e-05 om 1.528e-03 r1 9.941e-03 r2 1.182e-02
[ 121] train th 6.053e-06 om 1.665e-03 r1 9.872e-03 r2 1.170e-02 | val th 4.839e-06 om 1.912e-03 r1 9.901e-03 r2 1.163e-02  *
[ 122] train th 7.124e-06 om 1.555e-03 r1 9.869e-03 r2 1.161e-02 | val th 8.728e-06 om 1.632e-03 r1 9.846e-03 r2 1.158e-02  *
[ 123] train th 7.519e-06 om 1.623e-03 r1 9.796e-03 r2 1.150e-02 | val th 8.252e-06 om 1.570e-03 r1 9.824e-03 r2 1.154e-02  *
[ 124] train th 7.250e-06 om 1.429e-03 r1 9.790e-03 r2 1.149e-02 | val th 6.533e-06 om 1.412e-03 r1 9.853e-03 r2 1.156e-02
[ 125] train th 6.031e-06 om 1.556e-03 r1 9.793e-03 r2 1.150e-02 | val th 9.366e-06 om 9.291e-04 r1 9.746e-03 r2 1.146e-02  *
[ 126] train th 6.863e-06 om 1.491e-03 r1 9.781e-03 r2 1.148e-02 | val th 1.140e-05 om 1.284e-03 r1 9.769e-03 r2 1.146e-02
[ 127] train th 7.479e-06 om 1.469e-03 r1 9.726e-03 r2 1.143e-02 | val th 7.997e-06 om 1.275e-03 r1 9.772e-03 r2 1.150e-02
[ 128] train th 7.074e-06 om 1.613e-03 r1 9.786e-03 r2 1.149e-02 | val th 4.854e-06 om 1.731e-03 r1 9.822e-03 r2 1.149e-02
[ 129] train th 7.870e-06 om 1.367e-03 r1 9.769e-03 r2 1.146e-02 | val th 9.090e-06 om 1.523e-03 r1 9.825e-03 r2 1.156e-02
[ 130] train th 7.188e-06 om 1.578e-03 r1 9.798e-03 r2 1.150e-02 | val th 4.289e-06 om 1.233e-03 r1 9.848e-03 r2 1.155e-02
[ 131] train th 6.637e-06 om 1.311e-03 r1 9.778e-03 r2 1.148e-02 | val th 4.944e-06 om 1.302e-03 r1 9.780e-03 r2 1.149e-02
[ 132] train th 6.373e-06 om 1.309e-03 r1 9.798e-03 r2 1.149e-02 | val th 6.451e-06 om 2.319e-03 r1 1.006e-02 r2 1.167e-02
[ 133] train th 6.427e-06 om 1.417e-03 r1 9.786e-03 r2 1.148e-02 | val th 8.154e-06 om 1.306e-03 r1 9.930e-03 r2 1.156e-02
[ 134] train th 7.997e-06 om 1.634e-03 r1 9.798e-03 r2 1.150e-02 | val th 6.108e-06 om 1.127e-03 r1 9.839e-03 r2 1.158e-02
[ 135] train th 6.392e-06 om 1.203e-03 r1 9.800e-03 r2 1.150e-02 | val th 8.315e-06 om 1.655e-03 r1 9.774e-03 r2 1.148e-02
[ 136] train th 7.897e-06 om 1.628e-03 r1 9.761e-03 r2 1.146e-02 | val th 3.057e-06 om 1.311e-03 r1 9.868e-03 r2 1.155e-02
[ 137] train th 6.692e-06 om 1.304e-03 r1 9.778e-03 r2 1.147e-02 | val th 3.735e-06 om 1.078e-03 r1 9.755e-03 r2 1.149e-02
[ 138] train th 6.117e-06 om 1.336e-03 r1 9.737e-03 r2 1.144e-02 | val th 8.387e-06 om 9.444e-04 r1 9.900e-03 r2 1.157e-02
[ 139] train th 6.833e-06 om 1.368e-03 r1 9.817e-03 r2 1.152e-02 | val th 5.546e-06 om 1.116e-03 r1 9.891e-03 r2 1.156e-02
[ 140] train th 2.788e-06 om 5.551e-04 r1 9.574e-03 r2 1.128e-02 | val th 4.583e-06 om 4.426e-04 r1 9.578e-03 r2 1.128e-02  *
[ 141] train th 3.501e-06 om 3.986e-04 r1 9.522e-03 r2 1.122e-02 | val th 3.596e-06 om 4.711e-04 r1 9.520e-03 r2 1.124e-02  *
[ 142] train th 2.635e-06 om 4.088e-04 r1 9.501e-03 r2 1.120e-02 | val th 1.503e-06 om 4.146e-04 r1 9.535e-03 r2 1.128e-02
[ 143] train th 2.585e-06 om 4.889e-04 r1 9.492e-03 r2 1.119e-02 | val th 1.800e-06 om 6.330e-04 r1 9.524e-03 r2 1.125e-02
[ 144] train th 2.560e-06 om 4.859e-04 r1 9.485e-03 r2 1.118e-02 | val th 2.275e-06 om 5.573e-04 r1 9.508e-03 r2 1.123e-02  *
[ 145] train th 3.243e-06 om 4.954e-04 r1 9.489e-03 r2 1.120e-02 | val th 2.030e-06 om 3.548e-04 r1 9.494e-03 r2 1.120e-02  *
[ 146] train th 2.716e-06 om 4.503e-04 r1 9.492e-03 r2 1.120e-02 | val th 2.098e-06 om 3.981e-04 r1 9.546e-03 r2 1.126e-02
[ 147] train th 2.936e-06 om 4.969e-04 r1 9.506e-03 r2 1.122e-02 | val th 3.366e-06 om 1.060e-03 r1 9.542e-03 r2 1.125e-02
[ 148] train th 3.527e-06 om 5.365e-04 r1 9.465e-03 r2 1.118e-02 | val th 3.058e-06 om 4.702e-04 r1 9.494e-03 r2 1.122e-02
[ 149] train th 2.944e-06 om 5.052e-04 r1 9.437e-03 r2 1.118e-02 | val th 3.317e-06 om 4.215e-04 r1 9.480e-03 r2 1.125e-02
[ 150] train th 2.470e-06 om 4.290e-04 r1 9.429e-03 r2 1.118e-02 | val th 2.900e-06 om 4.505e-04 r1 9.489e-03 r2 1.125e-02
[ 151] train th 2.834e-06 om 5.412e-04 r1 9.411e-03 r2 1.116e-02 | val th 3.712e-06 om 4.176e-04 r1 9.444e-03 r2 1.122e-02  *
[ 152] train th 3.147e-06 om 5.003e-04 r1 9.395e-03 r2 1.113e-02 | val th 2.882e-06 om 3.808e-04 r1 9.424e-03 r2 1.116e-02  *
[ 153] train th 2.566e-06 om 5.007e-04 r1 9.406e-03 r2 1.111e-02 | val th 1.753e-06 om 8.209e-04 r1 9.381e-03 r2 1.106e-02  *
[ 154] train th 2.875e-06 om 5.370e-04 r1 9.354e-03 r2 1.102e-02 | val th 1.169e-06 om 3.998e-04 r1 9.360e-03 r2 1.102e-02  *
[ 155] train th 2.334e-06 om 5.251e-04 r1 9.360e-03 r2 1.103e-02 | val th 1.345e-06 om 6.901e-04 r1 9.340e-03 r2 1.101e-02
[ 156] train th 2.374e-06 om 5.726e-04 r1 9.351e-03 r2 1.101e-02 | val th 1.494e-06 om 4.967e-04 r1 9.418e-03 r2 1.107e-02
[ 157] train th 3.226e-06 om 4.955e-04 r1 9.338e-03 r2 1.100e-02 | val th 3.241e-06 om 6.906e-04 r1 9.373e-03 r2 1.105e-02
[ 158] train th 2.895e-06 om 4.370e-04 r1 9.333e-03 r2 1.099e-02 | val th 1.000e-06 om 5.165e-04 r1 9.321e-03 r2 1.099e-02  *
[ 159] train th 2.486e-06 om 5.484e-04 r1 9.332e-03 r2 1.099e-02 | val th 3.603e-06 om 3.352e-04 r1 9.361e-03 r2 1.102e-02
[ 160] train th 2.710e-06 om 4.663e-04 r1 9.330e-03 r2 1.099e-02 | val th 4.830e-06 om 4.706e-04 r1 9.332e-03 r2 1.100e-02
[ 161] train th 3.107e-06 om 5.023e-04 r1 9.321e-03 r2 1.098e-02 | val th 2.410e-06 om 7.813e-04 r1 9.345e-03 r2 1.100e-02
[ 162] train th 2.561e-06 om 4.575e-04 r1 9.308e-03 r2 1.097e-02 | val th 1.182e-06 om 9.211e-04 r1 9.368e-03 r2 1.104e-02
[ 163] train th 2.632e-06 om 6.010e-04 r1 9.315e-03 r2 1.097e-02 | val th 3.441e-06 om 4.605e-04 r1 9.340e-03 r2 1.101e-02
[ 164] train th 2.733e-06 om 5.383e-04 r1 9.319e-03 r2 1.098e-02 | val th 4.240e-06 om 4.053e-04 r1 9.327e-03 r2 1.099e-02
[ 165] train th 2.678e-06 om 5.021e-04 r1 9.312e-03 r2 1.097e-02 | val th 2.676e-06 om 4.169e-04 r1 9.306e-03 r2 1.095e-02  *
[ 166] train th 2.775e-06 om 3.911e-04 r1 9.298e-03 r2 1.096e-02 | val th 2.972e-06 om 5.042e-04 r1 9.357e-03 r2 1.099e-02
[ 167] train th 3.002e-06 om 4.588e-04 r1 9.345e-03 r2 1.101e-02 | val th 5.130e-06 om 4.567e-04 r1 9.309e-03 r2 1.097e-02
[ 168] train th 3.079e-06 om 5.786e-04 r1 9.307e-03 r2 1.097e-02 | val th 2.184e-06 om 4.767e-04 r1 9.332e-03 r2 1.097e-02
[ 169] train th 3.211e-06 om 5.048e-04 r1 9.313e-03 r2 1.097e-02 | val th 4.368e-06 om 4.826e-04 r1 9.366e-03 r2 1.103e-02
[ 170] train th 2.966e-06 om 4.908e-04 r1 9.332e-03 r2 1.099e-02 | val th 2.469e-06 om 3.461e-04 r1 9.319e-03 r2 1.100e-02
[ 171] train th 3.663e-06 om 6.539e-04 r1 9.326e-03 r2 1.098e-02 | val th 2.143e-06 om 5.272e-04 r1 9.326e-03 r2 1.099e-02
[ 172] train th 2.535e-06 om 4.630e-04 r1 9.314e-03 r2 1.097e-02 | val th 1.324e-06 om 3.311e-04 r1 9.307e-03 r2 1.099e-02
[ 173] train th 2.478e-06 om 3.963e-04 r1 9.319e-03 r2 1.098e-02 | val th 3.056e-06 om 4.372e-04 r1 9.377e-03 r2 1.101e-02
[ 174] train th 2.560e-06 om 3.926e-04 r1 9.321e-03 r2 1.098e-02 | val th 2.259e-06 om 3.980e-04 r1 9.327e-03 r2 1.099e-02
[ 175] train th 2.534e-06 om 4.293e-04 r1 9.325e-03 r2 1.099e-02 | val th 3.292e-06 om 5.588e-04 r1 9.343e-03 r2 1.099e-02
[ 176] train th 3.018e-06 om 5.414e-04 r1 9.314e-03 r2 1.097e-02 | val th 2.532e-06 om 5.813e-04 r1 9.300e-03 r2 1.097e-02
[ 177] train th 2.465e-06 om 4.433e-04 r1 9.306e-03 r2 1.097e-02 | val th 2.875e-06 om 4.798e-04 r1 9.334e-03 r2 1.099e-02
[ 178] train th 2.487e-06 om 3.797e-04 r1 9.299e-03 r2 1.096e-02 | val th 3.704e-06 om 3.555e-04 r1 9.281e-03 r2 1.095e-02  *
[ 179] train th 2.206e-06 om 4.145e-04 r1 9.301e-03 r2 1.096e-02 | val th 1.781e-06 om 4.633e-04 r1 9.321e-03 r2 1.098e-02
[ 180] train th 2.558e-06 om 4.610e-04 r1 9.295e-03 r2 1.095e-02 | val th 1.696e-06 om 4.518e-04 r1 9.298e-03 r2 1.096e-02
[ 181] train th 2.154e-06 om 4.008e-04 r1 9.293e-03 r2 1.095e-02 | val th 1.760e-06 om 5.962e-04 r1 9.314e-03 r2 1.099e-02
[ 182] train th 2.606e-06 om 3.536e-04 r1 9.289e-03 r2 1.095e-02 | val th 3.082e-06 om 5.692e-04 r1 9.293e-03 r2 1.095e-02
[ 183] train th 2.690e-06 om 4.083e-04 r1 9.285e-03 r2 1.095e-02 | val th 1.706e-06 om 4.528e-04 r1 9.304e-03 r2 1.097e-02
[ 184] train th 3.127e-06 om 6.279e-04 r1 9.292e-03 r2 1.096e-02 | val th 1.407e-06 om 2.572e-04 r1 9.283e-03 r2 1.098e-02
[ 185] train th 2.655e-06 om 4.440e-04 r1 9.277e-03 r2 1.096e-02 | val th 2.962e-06 om 3.823e-04 r1 9.265e-03 r2 1.097e-02
[ 186] train th 3.017e-06 om 5.900e-04 r1 9.258e-03 r2 1.095e-02 | val th 2.345e-06 om 3.803e-04 r1 9.266e-03 r2 1.096e-02  *
[ 187] train th 2.655e-06 om 3.735e-04 r1 9.268e-03 r2 1.098e-02 | val th 1.619e-06 om 4.550e-04 r1 9.231e-03 r2 1.093e-02  *
[ 188] train th 3.038e-06 om 4.841e-04 r1 9.251e-03 r2 1.097e-02 | val th 3.146e-06 om 5.684e-04 r1 9.257e-03 r2 1.100e-02
[ 189] train th 2.922e-06 om 5.175e-04 r1 9.250e-03 r2 1.097e-02 | val th 1.766e-06 om 3.955e-04 r1 9.220e-03 r2 1.096e-02
[ 190] train th 3.029e-06 om 4.424e-04 r1 9.215e-03 r2 1.094e-02 | val th 2.784e-06 om 4.685e-04 r1 9.231e-03 r2 1.096e-02
[ 191] train th 2.584e-06 om 4.766e-04 r1 9.198e-03 r2 1.091e-02 | val th 4.627e-06 om 6.565e-04 r1 9.230e-03 r2 1.094e-02
[ 192] train th 3.322e-06 om 6.008e-04 r1 9.226e-03 r2 1.092e-02 | val th 3.320e-06 om 4.535e-04 r1 9.213e-03 r2 1.089e-02  *
[ 193] train th 2.754e-06 om 4.988e-04 r1 9.208e-03 r2 1.087e-02 | val th 2.142e-06 om 8.192e-04 r1 9.209e-03 r2 1.085e-02  *
[ 194] train th 2.559e-06 om 5.732e-04 r1 9.188e-03 r2 1.082e-02 | val th 1.893e-06 om 6.949e-04 r1 9.191e-03 r2 1.083e-02  *
[ 195] train th 2.726e-06 om 6.384e-04 r1 9.200e-03 r2 1.083e-02 | val th 2.993e-06 om 4.502e-04 r1 9.237e-03 r2 1.084e-02
[ 196] train th 2.500e-06 om 4.895e-04 r1 9.200e-03 r2 1.083e-02 | val th 8.372e-07 om 5.114e-04 r1 9.254e-03 r2 1.084e-02
[ 197] train th 2.647e-06 om 5.049e-04 r1 9.173e-03 r2 1.080e-02 | val th 1.510e-06 om 4.899e-04 r1 9.201e-03 r2 1.082e-02  *
[ 198] train th 3.165e-06 om 4.316e-04 r1 9.199e-03 r2 1.083e-02 | val th 2.264e-06 om 3.440e-04 r1 9.243e-03 r2 1.088e-02
[ 199] train th 2.320e-06 om 5.413e-04 r1 9.168e-03 r2 1.079e-02 | val th 1.446e-06 om 4.107e-04 r1 9.190e-03 r2 1.083e-02  *
[ 200] train th 2.576e-06 om 5.948e-04 r1 9.170e-03 r2 1.080e-02 | val th 3.547e-06 om 5.078e-04 r1 9.198e-03 r2 1.082e-02
[ 201] train th 2.696e-06 om 4.979e-04 r1 9.170e-03 r2 1.080e-02 | val th 2.811e-06 om 7.260e-04 r1 9.200e-03 r2 1.082e-02
[ 202] train th 3.054e-06 om 5.325e-04 r1 9.188e-03 r2 1.082e-02 | val th 3.715e-06 om 3.739e-04 r1 9.204e-03 r2 1.083e-02
[ 203] train th 3.124e-06 om 4.302e-04 r1 9.183e-03 r2 1.081e-02 | val th 1.510e-06 om 5.048e-04 r1 9.192e-03 r2 1.084e-02
[ 204] train th 2.618e-06 om 5.127e-04 r1 9.166e-03 r2 1.079e-02 | val th 1.676e-06 om 5.933e-04 r1 9.204e-03 r2 1.085e-02
[ 205] train th 2.417e-06 om 4.620e-04 r1 9.176e-03 r2 1.080e-02 | val th 2.937e-06 om 3.435e-04 r1 9.199e-03 r2 1.084e-02
[ 206] train th 2.536e-06 om 5.294e-04 r1 9.177e-03 r2 1.080e-02 | val th 1.904e-06 om 6.609e-04 r1 9.201e-03 r2 1.082e-02
[ 207] train th 3.040e-06 om 4.600e-04 r1 9.179e-03 r2 1.081e-02 | val th 2.146e-06 om 3.333e-04 r1 9.207e-03 r2 1.084e-02
[ 208] train th 2.625e-06 om 4.167e-04 r1 9.171e-03 r2 1.080e-02 | val th 2.184e-06 om 5.283e-04 r1 9.223e-03 r2 1.086e-02
[ 209] train th 2.855e-06 om 4.157e-04 r1 9.191e-03 r2 1.081e-02 | val th 5.882e-06 om 3.449e-04 r1 9.171e-03 r2 1.082e-02  *
[ 210] train th 2.859e-06 om 4.656e-04 r1 9.177e-03 r2 1.081e-02 | val th 7.717e-07 om 5.482e-04 r1 9.187e-03 r2 1.082e-02
[ 211] train th 2.962e-06 om 4.433e-04 r1 9.188e-03 r2 1.082e-02 | val th 4.441e-06 om 4.523e-04 r1 9.220e-03 r2 1.085e-02
[ 212] train th 3.026e-06 om 5.253e-04 r1 9.181e-03 r2 1.081e-02 | val th 2.045e-06 om 4.440e-04 r1 9.185e-03 r2 1.083e-02
[ 213] train th 2.679e-06 om 5.111e-04 r1 9.162e-03 r2 1.079e-02 | val th 2.445e-06 om 6.289e-04 r1 9.165e-03 r2 1.081e-02
[ 214] train th 2.577e-06 om 4.746e-04 r1 9.177e-03 r2 1.080e-02 | val th 1.155e-06 om 4.577e-04 r1 9.216e-03 r2 1.084e-02
[ 215] train th 2.410e-06 om 4.165e-04 r1 9.167e-03 r2 1.079e-02 | val th 1.682e-06 om 6.745e-04 r1 9.181e-03 r2 1.082e-02
[ 216] train th 2.872e-06 om 4.417e-04 r1 9.165e-03 r2 1.078e-02 | val th 2.746e-06 om 4.528e-04 r1 9.399e-03 r2 1.105e-02
[ 217] train th 2.904e-06 om 4.386e-04 r1 9.177e-03 r2 1.080e-02 | val th 1.521e-06 om 6.104e-04 r1 9.215e-03 r2 1.086e-02
[ 218] train th 2.873e-06 om 4.372e-04 r1 9.164e-03 r2 1.079e-02 | val th 2.715e-06 om 4.487e-04 r1 9.184e-03 r2 1.082e-02
[ 219] train th 3.324e-06 om 5.340e-04 r1 9.169e-03 r2 1.079e-02 | val th 5.061e-06 om 6.477e-04 r1 9.230e-03 r2 1.086e-02
[ 220] train th 2.436e-06 om 4.068e-04 r1 9.167e-03 r2 1.079e-02 | val th 9.774e-07 om 3.836e-04 r1 9.202e-03 r2 1.082e-02
[ 221] train th 2.466e-06 om 4.131e-04 r1 9.171e-03 r2 1.079e-02 | val th 3.569e-06 om 4.804e-04 r1 9.209e-03 r2 1.087e-02
[ 222] train th 2.850e-06 om 4.775e-04 r1 9.178e-03 r2 1.080e-02 | val th 4.409e-06 om 6.156e-04 r1 9.193e-03 r2 1.084e-02
[ 223] train th 3.128e-06 om 4.572e-04 r1 9.190e-03 r2 1.081e-02 | val th 2.533e-06 om 3.671e-04 r1 9.226e-03 r2 1.084e-02
[ 224] train th 1.336e-06 om 2.803e-04 r1 9.075e-03 r2 1.070e-02 | val th 1.135e-06 om 2.905e-04 r1 9.081e-03 r2 1.071e-02  *
[ 225] train th 1.549e-06 om 2.160e-04 r1 9.059e-03 r2 1.069e-02 | val th 8.582e-07 om 3.268e-04 r1 9.077e-03 r2 1.071e-02  *
[ 226] train th 1.270e-06 om 2.560e-04 r1 9.054e-03 r2 1.068e-02 | val th 9.424e-07 om 2.396e-04 r1 9.072e-03 r2 1.071e-02  *
[ 227] train th 4.236e-06 om 6.217e-04 r1 9.068e-03 r2 1.069e-02 | val th 1.688e-06 om 3.580e-04 r1 9.070e-03 r2 1.070e-02
[ 228] train th 1.735e-06 om 2.696e-04 r1 9.054e-03 r2 1.068e-02 | val th 1.761e-06 om 3.316e-04 r1 9.063e-03 r2 1.070e-02  *
[ 229] train th 1.659e-06 om 2.922e-04 r1 9.044e-03 r2 1.067e-02 | val th 3.161e-06 om 2.715e-04 r1 9.074e-03 r2 1.070e-02
[ 230] train th 1.320e-06 om 2.414e-04 r1 9.047e-03 r2 1.067e-02 | val th 1.401e-06 om 3.075e-04 r1 9.089e-03 r2 1.073e-02
[ 231] train th 1.314e-06 om 2.290e-04 r1 9.044e-03 r2 1.067e-02 | val th 1.810e-06 om 2.163e-04 r1 9.063e-03 r2 1.070e-02  *
[ 232] train th 1.459e-06 om 2.300e-04 r1 9.041e-03 r2 1.067e-02 | val th 2.148e-06 om 2.638e-04 r1 9.068e-03 r2 1.070e-02
[ 233] train th 2.306e-06 om 3.252e-04 r1 9.045e-03 r2 1.067e-02 | val th 2.043e-06 om 2.219e-04 r1 9.058e-03 r2 1.069e-02  *
[ 234] train th 1.396e-06 om 2.240e-04 r1 9.047e-03 r2 1.067e-02 | val th 1.467e-06 om 2.945e-04 r1 9.080e-03 r2 1.070e-02
[ 235] train th 1.522e-06 om 2.405e-04 r1 9.041e-03 r2 1.067e-02 | val th 2.146e-06 om 1.876e-04 r1 9.061e-03 r2 1.069e-02  *
[ 236] train th 1.863e-06 om 3.068e-04 r1 9.045e-03 r2 1.067e-02 | val th 1.502e-06 om 2.653e-04 r1 9.072e-03 r2 1.070e-02
[ 237] train th 1.507e-06 om 1.952e-04 r1 9.041e-03 r2 1.067e-02 | val th 1.468e-06 om 2.655e-04 r1 9.080e-03 r2 1.070e-02
[ 238] train th 1.343e-06 om 2.225e-04 r1 9.038e-03 r2 1.066e-02 | val th 1.826e-06 om 3.209e-04 r1 9.062e-03 r2 1.069e-02
[ 239] train th 1.283e-06 om 2.019e-04 r1 9.032e-03 r2 1.066e-02 | val th 4.679e-07 om 1.946e-04 r1 9.075e-03 r2 1.070e-02
[ 240] train th 1.267e-06 om 2.141e-04 r1 9.037e-03 r2 1.066e-02 | val th 5.945e-07 om 2.590e-04 r1 9.081e-03 r2 1.070e-02
[ 241] train th 1.368e-06 om 2.460e-04 r1 9.037e-03 r2 1.066e-02 | val th 1.489e-06 om 4.021e-04 r1 9.070e-03 r2 1.069e-02
[ 242] train th 1.329e-06 om 3.028e-04 r1 9.035e-03 r2 1.066e-02 | val th 6.507e-07 om 2.753e-04 r1 9.068e-03 r2 1.069e-02
[ 243] train th 1.401e-06 om 2.309e-04 r1 9.040e-03 r2 1.067e-02 | val th 2.079e-06 om 6.580e-04 r1 9.076e-03 r2 1.069e-02
[ 244] train th 1.309e-06 om 2.117e-04 r1 9.039e-03 r2 1.066e-02 | val th 9.761e-07 om 2.697e-04 r1 9.061e-03 r2 1.069e-02
[ 245] train th 1.509e-06 om 2.438e-04 r1 9.041e-03 r2 1.067e-02 | val th 9.578e-07 om 3.213e-04 r1 9.076e-03 r2 1.070e-02
[ 246] train th 2.253e-06 om 2.737e-04 r1 9.042e-03 r2 1.066e-02 | val th 5.586e-07 om 1.607e-04 r1 9.061e-03 r2 1.069e-02  *
[ 247] train th 1.356e-06 om 2.181e-04 r1 9.031e-03 r2 1.066e-02 | val th 7.962e-07 om 1.881e-04 r1 9.047e-03 r2 1.068e-02  *
[ 248] train th 1.167e-06 om 2.044e-04 r1 9.034e-03 r2 1.066e-02 | val th 1.390e-06 om 2.596e-04 r1 9.069e-03 r2 1.070e-02
[ 249] train th 1.504e-06 om 2.499e-04 r1 9.036e-03 r2 1.066e-02 | val th 9.874e-07 om 2.182e-04 r1 9.062e-03 r2 1.069e-02
[ 250] train th 2.071e-06 om 2.814e-04 r1 9.041e-03 r2 1.066e-02 | val th 4.042e-06 om 2.228e-04 r1 9.073e-03 r2 1.070e-02
[ 251] train th 1.455e-06 om 1.975e-04 r1 9.037e-03 r2 1.066e-02 | val th 1.309e-06 om 3.235e-04 r1 9.064e-03 r2 1.069e-02
[ 252] train th 1.647e-06 om 2.611e-04 r1 9.043e-03 r2 1.067e-02 | val th 4.385e-06 om 1.124e-03 r1 9.081e-03 r2 1.070e-02
[ 253] train th 1.353e-06 om 2.432e-04 r1 9.034e-03 r2 1.066e-02 | val th 9.302e-07 om 2.235e-04 r1 9.060e-03 r2 1.069e-02
[ 254] train th 1.321e-06 om 2.396e-04 r1 9.034e-03 r2 1.066e-02 | val th 8.250e-07 om 3.110e-04 r1 9.051e-03 r2 1.068e-02
[ 255] train th 1.231e-06 om 2.120e-04 r1 9.042e-03 r2 1.067e-02 | val th 2.613e-06 om 3.320e-04 r1 9.063e-03 r2 1.069e-02
[ 256] train th 1.357e-06 om 2.390e-04 r1 9.033e-03 r2 1.066e-02 | val th 2.384e-06 om 6.350e-04 r1 9.065e-03 r2 1.068e-02
[ 257] train th 1.240e-06 om 2.058e-04 r1 9.031e-03 r2 1.066e-02 | val th 8.251e-07 om 1.776e-04 r1 9.045e-03 r2 1.068e-02  *
[ 258] train th 1.312e-06 om 2.014e-04 r1 9.029e-03 r2 1.066e-02 | val th 1.412e-06 om 2.305e-04 r1 9.053e-03 r2 1.067e-02
[ 259] train th 1.212e-06 om 1.738e-04 r1 9.027e-03 r2 1.065e-02 | val th 2.457e-06 om 1.770e-04 r1 9.046e-03 r2 1.067e-02  *
[ 260] train th 1.707e-06 om 2.259e-04 r1 9.029e-03 r2 1.066e-02 | val th 4.952e-07 om 1.646e-04 r1 9.066e-03 r2 1.070e-02
[ 261] train th 1.399e-06 om 2.238e-04 r1 9.031e-03 r2 1.066e-02 | val th 9.653e-07 om 1.683e-04 r1 9.045e-03 r2 1.067e-02  *
[ 262] train th 1.167e-06 om 1.864e-04 r1 9.027e-03 r2 1.066e-02 | val th 1.513e-06 om 2.218e-04 r1 9.060e-03 r2 1.069e-02
[ 263] train th 1.434e-06 om 2.348e-04 r1 9.027e-03 r2 1.066e-02 | val th 1.720e-06 om 4.684e-04 r1 9.043e-03 r2 1.068e-02
[ 264] train th 1.367e-06 om 2.651e-04 r1 9.031e-03 r2 1.066e-02 | val th 1.183e-06 om 1.572e-04 r1 9.050e-03 r2 1.068e-02
[ 265] train th 1.344e-06 om 1.905e-04 r1 9.025e-03 r2 1.066e-02 | val th 8.111e-07 om 1.731e-04 r1 9.047e-03 r2 1.068e-02
[ 266] train th 1.743e-06 om 2.506e-04 r1 9.019e-03 r2 1.066e-02 | val th 7.433e-07 om 2.636e-04 r1 9.041e-03 r2 1.069e-02
[ 267] train th 2.090e-06 om 3.151e-04 r1 9.024e-03 r2 1.067e-02 | val th 1.003e-05 om 4.598e-04 r1 9.049e-03 r2 1.070e-02
[ 268] train th 1.973e-06 om 2.786e-04 r1 9.008e-03 r2 1.066e-02 | val th 1.343e-06 om 2.104e-04 r1 9.052e-03 r2 1.069e-02
[ 269] train th 1.251e-06 om 2.626e-04 r1 9.000e-03 r2 1.065e-02 | val th 2.311e-06 om 3.227e-04 r1 9.008e-03 r2 1.069e-02
[ 270] train th 1.457e-06 om 2.562e-04 r1 8.998e-03 r2 1.066e-02 | val th 3.251e-07 om 1.892e-04 r1 8.998e-03 r2 1.067e-02  *
[ 271] train th 1.449e-06 om 2.351e-04 r1 8.989e-03 r2 1.066e-02 | val th 7.308e-07 om 1.946e-04 r1 9.013e-03 r2 1.069e-02
[ 272] train th 1.450e-06 om 2.288e-04 r1 8.985e-03 r2 1.065e-02 | val th 1.029e-06 om 1.929e-04 r1 9.002e-03 r2 1.068e-02
[ 273] train th 1.253e-06 om 1.959e-04 r1 8.983e-03 r2 1.065e-02 | val th 1.080e-06 om 1.653e-04 r1 9.005e-03 r2 1.068e-02
[ 274] train th 9.824e-07 om 2.058e-04 r1 8.971e-03 r2 1.065e-02 | val th 6.710e-07 om 1.700e-04 r1 8.992e-03 r2 1.067e-02  *
[ 275] train th 1.307e-06 om 2.255e-04 r1 8.982e-03 r2 1.066e-02 | val th 4.878e-07 om 1.831e-04 r1 8.988e-03 r2 1.068e-02
[ 276] train th 1.275e-06 om 2.091e-04 r1 8.966e-03 r2 1.065e-02 | val th 9.315e-07 om 2.523e-04 r1 8.999e-03 r2 1.068e-02
[ 277] train th 1.378e-06 om 2.466e-04 r1 8.959e-03 r2 1.064e-02 | val th 2.948e-06 om 2.299e-04 r1 8.986e-03 r2 1.068e-02
[ 278] train th 1.152e-06 om 2.224e-04 r1 8.956e-03 r2 1.064e-02 | val th 9.303e-07 om 4.866e-04 r1 8.985e-03 r2 1.067e-02
[ 279] train th 1.163e-06 om 2.100e-04 r1 8.954e-03 r2 1.064e-02 | val th 1.419e-06 om 1.592e-04 r1 8.976e-03 r2 1.067e-02  *
[ 280] train th 1.513e-06 om 2.483e-04 r1 8.955e-03 r2 1.064e-02 | val th 1.316e-06 om 1.592e-04 r1 8.971e-03 r2 1.065e-02  *
[ 281] train th 1.147e-06 om 2.234e-04 r1 8.948e-03 r2 1.063e-02 | val th 8.621e-07 om 4.076e-04 r1 8.980e-03 r2 1.065e-02
[ 282] train th 1.171e-06 om 2.055e-04 r1 8.948e-03 r2 1.062e-02 | val th 1.169e-06 om 2.389e-04 r1 8.957e-03 r2 1.063e-02  *
[ 283] train th 1.280e-06 om 2.224e-04 r1 8.950e-03 r2 1.061e-02 | val th 7.986e-07 om 2.204e-04 r1 8.974e-03 r2 1.064e-02
[ 284] train th 1.541e-06 om 2.319e-04 r1 8.949e-03 r2 1.060e-02 | val th 3.837e-06 om 6.784e-04 r1 8.975e-03 r2 1.063e-02
[ 285] train th 1.132e-06 om 1.748e-04 r1 8.944e-03 r2 1.058e-02 | val th 2.581e-06 om 1.680e-04 r1 8.962e-03 r2 1.060e-02  *
[ 286] train th 1.125e-06 om 2.012e-04 r1 8.949e-03 r2 1.057e-02 | val th 1.602e-06 om 3.901e-04 r1 8.989e-03 r2 1.061e-02
[ 287] train th 1.213e-06 om 2.047e-04 r1 8.943e-03 r2 1.056e-02 | val th 1.271e-06 om 2.400e-04 r1 8.980e-03 r2 1.058e-02
[ 288] train th 1.291e-06 om 2.209e-04 r1 8.943e-03 r2 1.056e-02 | val th 1.152e-06 om 2.119e-04 r1 8.959e-03 r2 1.058e-02  *
[ 289] train th 1.080e-06 om 1.935e-04 r1 8.939e-03 r2 1.055e-02 | val th 1.036e-06 om 2.498e-04 r1 8.952e-03 r2 1.057e-02  *
[ 290] train th 1.119e-06 om 2.522e-04 r1 8.941e-03 r2 1.055e-02 | val th 6.838e-07 om 2.177e-04 r1 8.961e-03 r2 1.056e-02  *
[ 291] train th 1.306e-06 om 2.031e-04 r1 8.937e-03 r2 1.054e-02 | val th 1.614e-06 om 1.395e-04 r1 8.955e-03 r2 1.057e-02  *
[ 292] train th 1.337e-06 om 2.176e-04 r1 8.938e-03 r2 1.054e-02 | val th 8.660e-07 om 1.958e-04 r1 8.957e-03 r2 1.057e-02
[ 293] train th 2.929e-06 om 3.001e-04 r1 8.947e-03 r2 1.055e-02 | val th 1.720e-06 om 1.561e-04 r1 8.970e-03 r2 1.058e-02
[ 294] train th 1.675e-06 om 2.843e-04 r1 8.950e-03 r2 1.055e-02 | val th 3.621e-06 om 4.148e-04 r1 8.977e-03 r2 1.057e-02
[ 295] train th 1.254e-06 om 2.207e-04 r1 8.944e-03 r2 1.055e-02 | val th 6.555e-07 om 1.964e-04 r1 8.949e-03 r2 1.056e-02  *
[ 296] train th 1.138e-06 om 1.783e-04 r1 8.936e-03 r2 1.054e-02 | val th 8.873e-07 om 2.148e-04 r1 8.962e-03 r2 1.056e-02
[ 297] train th 1.248e-06 om 2.223e-04 r1 8.939e-03 r2 1.054e-02 | val th 1.330e-06 om 2.963e-04 r1 8.965e-03 r2 1.057e-02
[ 298] train th 1.081e-06 om 2.090e-04 r1 8.930e-03 r2 1.053e-02 | val th 2.303e-06 om 2.129e-04 r1 8.961e-03 r2 1.056e-02
[ 299] train th 1.161e-06 om 2.245e-04 r1 8.934e-03 r2 1.054e-02 | val th 9.224e-07 om 1.820e-04 r1 8.954e-03 r2 1.056e-02
[ 300] train th 1.306e-06 om 2.440e-04 r1 8.936e-03 r2 1.054e-02 | val th 1.339e-06 om 1.470e-04 r1 8.963e-03 r2 1.057e-02
[ 301] train th 1.441e-06 om 2.228e-04 r1 8.944e-03 r2 1.055e-02 | val th 1.837e-06 om 1.757e-04 r1 8.959e-03 r2 1.057e-02
[ 302] train th 1.705e-06 om 2.421e-04 r1 8.938e-03 r2 1.054e-02 | val th 4.764e-07 om 1.397e-04 r1 8.952e-03 r2 1.056e-02  *
[ 303] train th 1.526e-06 om 2.584e-04 r1 8.939e-03 r2 1.054e-02 | val th 4.083e-07 om 1.857e-04 r1 8.947e-03 r2 1.056e-02  *
[ 304] train th 1.243e-06 om 2.366e-04 r1 8.951e-03 r2 1.055e-02 | val th 1.159e-06 om 1.894e-04 r1 8.942e-03 r2 1.056e-02  *
[ 305] train th 1.079e-06 om 1.847e-04 r1 8.931e-03 r2 1.054e-02 | val th 1.673e-06 om 3.041e-04 r1 8.952e-03 r2 1.056e-02
[ 306] train th 1.205e-06 om 2.507e-04 r1 8.937e-03 r2 1.054e-02 | val th 1.999e-06 om 3.568e-04 r1 8.964e-03 r2 1.056e-02
[ 307] train th 1.105e-06 om 2.179e-04 r1 8.930e-03 r2 1.053e-02 | val th 5.341e-07 om 1.602e-04 r1 8.938e-03 r2 1.055e-02  *
[ 308] train th 1.126e-06 om 2.039e-04 r1 8.930e-03 r2 1.053e-02 | val th 1.727e-06 om 2.663e-04 r1 8.953e-03 r2 1.057e-02
[ 309] train th 1.135e-06 om 2.179e-04 r1 8.933e-03 r2 1.054e-02 | val th 5.214e-07 om 2.597e-04 r1 8.947e-03 r2 1.055e-02
[ 310] train th 1.362e-06 om 2.250e-04 r1 8.932e-03 r2 1.054e-02 | val th 1.191e-06 om 2.198e-04 r1 8.966e-03 r2 1.058e-02
[ 311] train th 1.204e-06 om 2.156e-04 r1 8.937e-03 r2 1.054e-02 | val th 5.440e-07 om 1.881e-04 r1 8.955e-03 r2 1.056e-02
[ 312] train th 1.181e-06 om 2.619e-04 r1 8.935e-03 r2 1.054e-02 | val th 1.006e-06 om 1.779e-04 r1 8.970e-03 r2 1.058e-02
[ 313] train th 1.399e-06 om 2.067e-04 r1 8.939e-03 r2 1.054e-02 | val th 7.656e-07 om 1.403e-04 r1 8.950e-03 r2 1.056e-02
[ 314] train th 1.138e-06 om 1.862e-04 r1 8.932e-03 r2 1.053e-02 | val th 8.486e-07 om 1.968e-04 r1 8.937e-03 r2 1.055e-02
[ 315] train th 1.098e-06 om 1.570e-04 r1 8.933e-03 r2 1.054e-02 | val th 6.469e-07 om 2.067e-04 r1 8.954e-03 r2 1.054e-02
[ 316] train th 1.188e-06 om 2.050e-04 r1 8.932e-03 r2 1.054e-02 | val th 7.687e-07 om 1.215e-04 r1 8.947e-03 r2 1.054e-02
[ 317] train th 1.029e-06 om 1.830e-04 r1 8.929e-03 r2 1.053e-02 | val th 7.893e-07 om 1.864e-04 r1 8.964e-03 r2 1.057e-02
[ 318] train th 1.205e-06 om 1.910e-04 r1 8.935e-03 r2 1.054e-02 | val th 6.447e-07 om 4.722e-04 r1 8.962e-03 r2 1.055e-02
[ 319] train th 1.166e-06 om 2.704e-04 r1 8.928e-03 r2 1.053e-02 | val th 6.552e-07 om 1.742e-04 r1 8.946e-03 r2 1.055e-02
[ 320] train th 1.178e-06 om 1.912e-04 r1 8.928e-03 r2 1.053e-02 | val th 9.843e-07 om 1.548e-04 r1 8.944e-03 r2 1.056e-02
[ 321] train th 1.046e-06 om 2.169e-04 r1 8.924e-03 r2 1.053e-02 | val th 4.525e-07 om 2.662e-04 r1 8.943e-03 r2 1.056e-02
[ 322] train th 5.688e-07 om 1.499e-04 r1 8.891e-03 r2 1.050e-02 | val th 8.483e-07 om 1.122e-04 r1 8.912e-03 r2 1.052e-02  *
[ 323] train th 5.229e-07 om 1.091e-04 r1 8.884e-03 r2 1.049e-02 | val th 4.114e-07 om 1.567e-04 r1 8.904e-03 r2 1.052e-02  *
[ 324] train th 4.734e-07 om 9.634e-05 r1 8.883e-03 r2 1.049e-02 | val th 5.017e-07 om 1.050e-04 r1 8.900e-03 r2 1.051e-02  *
[ 325] train th 4.645e-07 om 9.158e-05 r1 8.885e-03 r2 1.049e-02 | val th 5.178e-07 om 1.125e-04 r1 8.903e-03 r2 1.051e-02
[ 326] train th 4.972e-07 om 8.268e-05 r1 8.883e-03 r2 1.049e-02 | val th 3.611e-07 om 9.328e-05 r1 8.906e-03 r2 1.052e-02
[ 327] train th 4.061e-07 om 8.523e-05 r1 8.883e-03 r2 1.049e-02 | val th 6.266e-07 om 1.062e-04 r1 8.895e-03 r2 1.051e-02  *
[ 328] train th 4.030e-07 om 9.125e-05 r1 8.881e-03 r2 1.049e-02 | val th 3.751e-07 om 9.813e-05 r1 8.896e-03 r2 1.051e-02  *
[ 329] train th 5.596e-07 om 1.076e-04 r1 8.881e-03 r2 1.049e-02 | val th 5.989e-07 om 1.149e-04 r1 8.896e-03 r2 1.051e-02
[ 330] train th 4.377e-07 om 8.642e-05 r1 8.881e-03 r2 1.049e-02 | val th 1.892e-07 om 8.724e-05 r1 8.901e-03 r2 1.051e-02
[ 331] train th 4.319e-07 om 8.985e-05 r1 8.882e-03 r2 1.049e-02 | val th 7.742e-07 om 9.582e-05 r1 8.904e-03 r2 1.051e-02
[ 332] train th 5.058e-07 om 9.140e-05 r1 8.880e-03 r2 1.049e-02 | val th 1.010e-06 om 6.972e-05 r1 8.905e-03 r2 1.051e-02
[ 333] train th 4.625e-07 om 8.831e-05 r1 8.880e-03 r2 1.049e-02 | val th 5.724e-07 om 1.064e-04 r1 8.904e-03 r2 1.051e-02
[ 334] train th 4.210e-07 om 7.564e-05 r1 8.878e-03 r2 1.049e-02 | val th 6.827e-07 om 7.702e-05 r1 8.900e-03 r2 1.051e-02
[ 335] train th 4.872e-07 om 8.470e-05 r1 8.880e-03 r2 1.049e-02 | val th 4.094e-07 om 7.277e-05 r1 8.896e-03 r2 1.050e-02  *
[ 336] train th 4.482e-07 om 8.241e-05 r1 8.879e-03 r2 1.049e-02 | val th 4.559e-07 om 9.962e-05 r1 8.901e-03 r2 1.051e-02
[ 337] train th 4.990e-07 om 8.481e-05 r1 8.877e-03 r2 1.048e-02 | val th 3.555e-07 om 9.759e-05 r1 8.902e-03 r2 1.050e-02
[ 338] train th 4.747e-07 om 8.033e-05 r1 8.878e-03 r2 1.049e-02 | val th 3.772e-07 om 8.149e-05 r1 8.890e-03 r2 1.050e-02  *
[ 339] train th 4.817e-07 om 7.358e-05 r1 8.877e-03 r2 1.048e-02 | val th 5.600e-07 om 1.213e-04 r1 8.906e-03 r2 1.051e-02
[ 340] train th 4.240e-07 om 8.196e-05 r1 8.877e-03 r2 1.048e-02 | val th 7.237e-07 om 7.450e-05 r1 8.898e-03 r2 1.050e-02
[ 341] train th 4.252e-07 om 7.971e-05 r1 8.880e-03 r2 1.049e-02 | val th 2.114e-07 om 1.030e-04 r1 8.898e-03 r2 1.050e-02
[ 342] train th 4.429e-07 om 7.092e-05 r1 8.876e-03 r2 1.048e-02 | val th 2.495e-07 om 8.541e-05 r1 8.890e-03 r2 1.050e-02  *
[ 343] train th 4.371e-07 om 8.066e-05 r1 8.876e-03 r2 1.048e-02 | val th 6.083e-07 om 9.409e-05 r1 8.900e-03 r2 1.051e-02
[ 344] train th 4.070e-07 om 9.515e-05 r1 8.878e-03 r2 1.049e-02 | val th 5.076e-07 om 8.317e-05 r1 8.891e-03 r2 1.050e-02
[ 345] train th 3.929e-07 om 8.579e-05 r1 8.875e-03 r2 1.048e-02 | val th 4.610e-07 om 1.055e-04 r1 8.890e-03 r2 1.050e-02
[ 346] train th 4.222e-07 om 7.072e-05 r1 8.877e-03 r2 1.048e-02 | val th 2.675e-07 om 7.708e-05 r1 8.897e-03 r2 1.050e-02
[ 347] train th 3.755e-07 om 7.552e-05 r1 8.875e-03 r2 1.048e-02 | val th 1.512e-07 om 1.073e-04 r1 8.892e-03 r2 1.050e-02
[ 348] train th 3.977e-07 om 7.428e-05 r1 8.875e-03 r2 1.048e-02 | val th 7.716e-07 om 9.499e-05 r1 8.897e-03 r2 1.050e-02
[ 349] train th 4.196e-07 om 7.277e-05 r1 8.877e-03 r2 1.048e-02 | val th 1.629e-07 om 6.857e-05 r1 8.889e-03 r2 1.050e-02  *
[ 350] train th 4.182e-07 om 7.394e-05 r1 8.875e-03 r2 1.048e-02 | val th 2.702e-07 om 1.508e-04 r1 8.892e-03 r2 1.050e-02
[ 351] train th 4.192e-07 om 8.947e-05 r1 8.876e-03 r2 1.048e-02 | val th 5.296e-07 om 9.414e-05 r1 8.901e-03 r2 1.051e-02
[ 352] train th 4.213e-07 om 8.045e-05 r1 8.876e-03 r2 1.048e-02 | val th 2.596e-07 om 7.627e-05 r1 8.889e-03 r2 1.050e-02  *
[ 353] train th 3.895e-07 om 7.526e-05 r1 8.874e-03 r2 1.048e-02 | val th 5.548e-07 om 2.135e-04 r1 8.893e-03 r2 1.050e-02
[ 354] train th 4.009e-07 om 7.441e-05 r1 8.874e-03 r2 1.048e-02 | val th 1.787e-07 om 6.177e-05 r1 8.894e-03 r2 1.050e-02
[ 355] train th 3.805e-07 om 6.872e-05 r1 8.877e-03 r2 1.048e-02 | val th 5.470e-07 om 8.654e-05 r1 8.897e-03 r2 1.050e-02
[ 356] train th 4.036e-07 om 7.853e-05 r1 8.877e-03 r2 1.048e-02 | val th 5.475e-07 om 2.049e-04 r1 8.894e-03 r2 1.050e-02
[ 357] train th 3.973e-07 om 6.836e-05 r1 8.874e-03 r2 1.048e-02 | val th 5.182e-07 om 1.330e-04 r1 8.893e-03 r2 1.050e-02
[ 358] train th 4.079e-07 om 6.458e-05 r1 8.873e-03 r2 1.048e-02 | val th 3.153e-07 om 7.280e-05 r1 8.896e-03 r2 1.050e-02
[ 359] train th 4.358e-07 om 7.494e-05 r1 8.877e-03 r2 1.048e-02 | val th 5.158e-07 om 6.443e-05 r1 8.886e-03 r2 1.050e-02  *
[ 360] train th 4.275e-07 om 7.925e-05 r1 8.877e-03 r2 1.049e-02 | val th 2.145e-07 om 6.900e-05 r1 8.888e-03 r2 1.050e-02
[ 361] train th 3.895e-07 om 6.709e-05 r1 8.873e-03 r2 1.048e-02 | val th 3.804e-07 om 8.215e-05 r1 8.892e-03 r2 1.050e-02
[ 362] train th 4.346e-07 om 8.049e-05 r1 8.873e-03 r2 1.048e-02 | val th 2.483e-07 om 7.995e-05 r1 8.884e-03 r2 1.050e-02  *
[ 363] train th 4.162e-07 om 8.662e-05 r1 8.874e-03 r2 1.048e-02 | val th 6.714e-07 om 8.592e-05 r1 8.887e-03 r2 1.050e-02
[ 364] train th 3.747e-07 om 8.115e-05 r1 8.873e-03 r2 1.048e-02 | val th 3.667e-07 om 1.122e-04 r1 8.894e-03 r2 1.050e-02
[ 365] train th 3.423e-07 om 7.103e-05 r1 8.874e-03 r2 1.048e-02 | val th 2.746e-07 om 9.115e-05 r1 8.890e-03 r2 1.050e-02
[ 366] train th 3.991e-07 om 6.909e-05 r1 8.873e-03 r2 1.048e-02 | val th 8.140e-07 om 1.132e-04 r1 8.894e-03 r2 1.050e-02
[ 367] train th 4.129e-07 om 9.143e-05 r1 8.874e-03 r2 1.048e-02 | val th 6.218e-07 om 8.297e-05 r1 8.891e-03 r2 1.050e-02
[ 368] train th 4.119e-07 om 7.042e-05 r1 8.871e-03 r2 1.048e-02 | val th 1.620e-07 om 1.279e-04 r1 8.884e-03 r2 1.049e-02
[ 369] train th 3.846e-07 om 6.848e-05 r1 8.872e-03 r2 1.048e-02 | val th 4.790e-07 om 8.215e-05 r1 8.886e-03 r2 1.050e-02
[ 370] train th 3.988e-07 om 7.336e-05 r1 8.873e-03 r2 1.048e-02 | val th 3.448e-07 om 1.009e-04 r1 8.884e-03 r2 1.049e-02
[ 371] train th 4.353e-07 om 8.831e-05 r1 8.870e-03 r2 1.048e-02 | val th 8.239e-07 om 7.534e-05 r1 8.887e-03 r2 1.050e-02
[ 372] train th 3.804e-07 om 6.756e-05 r1 8.873e-03 r2 1.048e-02 | val th 2.651e-07 om 6.849e-05 r1 8.886e-03 r2 1.050e-02
[ 373] train th 3.490e-07 om 7.288e-05 r1 8.869e-03 r2 1.048e-02 | val th 4.798e-07 om 8.685e-05 r1 8.886e-03 r2 1.050e-02
[ 374] train th 3.859e-07 om 6.560e-05 r1 8.870e-03 r2 1.048e-02 | val th 4.562e-07 om 6.764e-05 r1 8.886e-03 r2 1.050e-02
[ 375] train th 4.133e-07 om 6.566e-05 r1 8.872e-03 r2 1.048e-02 | val th 3.678e-07 om 9.511e-05 r1 8.889e-03 r2 1.050e-02
[ 376] train th 3.630e-07 om 6.908e-05 r1 8.870e-03 r2 1.048e-02 | val th 3.135e-07 om 1.200e-04 r1 8.890e-03 r2 1.050e-02
[ 377] train th 2.164e-07 om 4.266e-05 r1 8.858e-03 r2 1.047e-02 | val th 1.909e-07 om 5.242e-05 r1 8.877e-03 r2 1.048e-02  *
[ 378] train th 2.029e-07 om 4.445e-05 r1 8.857e-03 r2 1.047e-02 | val th 1.697e-07 om 4.310e-05 r1 8.873e-03 r2 1.048e-02  *
[ 379] train th 2.223e-07 om 3.733e-05 r1 8.856e-03 r2 1.046e-02 | val th 3.280e-07 om 4.796e-05 r1 8.872e-03 r2 1.048e-02  *
[ 380] train th 2.365e-07 om 4.108e-05 r1 8.859e-03 r2 1.047e-02 | val th 1.461e-07 om 4.813e-05 r1 8.875e-03 r2 1.048e-02
[ 381] train th 1.982e-07 om 4.213e-05 r1 8.856e-03 r2 1.046e-02 | val th 3.367e-07 om 4.497e-05 r1 8.875e-03 r2 1.048e-02
[ 382] train th 2.110e-07 om 3.915e-05 r1 8.856e-03 r2 1.046e-02 | val th 2.878e-07 om 4.479e-05 r1 8.871e-03 r2 1.048e-02  *
[ 383] train th 2.281e-07 om 4.076e-05 r1 8.855e-03 r2 1.046e-02 | val th 3.021e-07 om 4.281e-05 r1 8.870e-03 r2 1.048e-02  *
[ 384] train th 2.044e-07 om 3.884e-05 r1 8.856e-03 r2 1.046e-02 | val th 1.330e-07 om 5.452e-05 r1 8.872e-03 r2 1.048e-02
[ 385] train th 2.248e-07 om 3.979e-05 r1 8.858e-03 r2 1.047e-02 | val th 8.924e-08 om 4.666e-05 r1 8.869e-03 r2 1.048e-02  *
[ 386] train th 2.029e-07 om 3.564e-05 r1 8.857e-03 r2 1.046e-02 | val th 3.447e-07 om 6.242e-05 r1 8.880e-03 r2 1.049e-02
[ 387] train th 2.331e-07 om 4.066e-05 r1 8.856e-03 r2 1.046e-02 | val th 2.583e-07 om 5.071e-05 r1 8.868e-03 r2 1.048e-02  *
[ 388] train th 2.058e-07 om 3.794e-05 r1 8.856e-03 r2 1.046e-02 | val th 2.019e-07 om 4.995e-05 r1 8.873e-03 r2 1.048e-02
[ 389] train th 2.136e-07 om 3.899e-05 r1 8.855e-03 r2 1.046e-02 | val th 2.783e-07 om 4.817e-05 r1 8.871e-03 r2 1.048e-02
[ 390] train th 1.914e-07 om 3.907e-05 r1 8.856e-03 r2 1.046e-02 | val th 2.113e-07 om 4.948e-05 r1 8.873e-03 r2 1.048e-02
[ 391] train th 1.965e-07 om 3.948e-05 r1 8.854e-03 r2 1.046e-02 | val th 3.842e-07 om 7.238e-05 r1 8.873e-03 r2 1.048e-02
[ 392] train th 2.227e-07 om 3.755e-05 r1 8.856e-03 r2 1.046e-02 | val th 9.462e-08 om 3.979e-05 r1 8.868e-03 r2 1.048e-02  *
[ 393] train th 2.179e-07 om 3.730e-05 r1 8.854e-03 r2 1.046e-02 | val th 1.566e-07 om 4.304e-05 r1 8.871e-03 r2 1.048e-02
[ 394] train th 1.867e-07 om 3.741e-05 r1 8.853e-03 r2 1.046e-02 | val th 2.726e-07 om 4.885e-05 r1 8.868e-03 r2 1.048e-02
[ 395] train th 1.745e-07 om 3.701e-05 r1 8.854e-03 r2 1.046e-02 | val th 8.922e-08 om 4.830e-05 r1 8.867e-03 r2 1.048e-02
[ 396] train th 2.006e-07 om 3.558e-05 r1 8.854e-03 r2 1.046e-02 | val th 2.095e-07 om 4.257e-05 r1 8.873e-03 r2 1.049e-02
[ 397] train th 2.202e-07 om 3.468e-05 r1 8.854e-03 r2 1.046e-02 | val th 1.793e-07 om 5.562e-05 r1 8.871e-03 r2 1.048e-02
[ 398] train th 2.162e-07 om 3.610e-05 r1 8.854e-03 r2 1.046e-02 | val th 3.505e-07 om 4.544e-05 r1 8.868e-03 r2 1.048e-02
[ 399] train th 2.028e-07 om 3.369e-05 r1 8.854e-03 r2 1.046e-02 | val th 3.715e-07 om 4.758e-05 r1 8.872e-03 r2 1.048e-02
[ 400] train th 2.026e-07 om 3.668e-05 r1 8.858e-03 r2 1.046e-02 | val th 1.714e-07 om 5.285e-05 r1 8.871e-03 r2 1.048e-02
[ 401] train th 1.924e-07 om 3.715e-05 r1 8.853e-03 r2 1.046e-02 | val th 2.434e-07 om 4.502e-05 r1 8.866e-03 r2 1.048e-02  *
[ 402] train th 1.819e-07 om 3.443e-05 r1 8.854e-03 r2 1.046e-02 | val th 1.786e-07 om 5.331e-05 r1 8.876e-03 r2 1.048e-02
[ 403] train th 1.802e-07 om 3.460e-05 r1 8.854e-03 r2 1.046e-02 | val th 1.017e-07 om 5.435e-05 r1 8.865e-03 r2 1.047e-02  *
[ 404] train th 1.858e-07 om 3.737e-05 r1 8.854e-03 r2 1.046e-02 | val th 6.634e-07 om 6.353e-05 r1 8.873e-03 r2 1.049e-02
[ 405] train th 2.280e-07 om 3.435e-05 r1 8.855e-03 r2 1.046e-02 | val th 1.993e-07 om 5.229e-05 r1 8.866e-03 r2 1.048e-02
[ 406] train th 1.915e-07 om 3.784e-05 r1 8.856e-03 r2 1.046e-02 | val th 1.059e-07 om 5.167e-05 r1 8.870e-03 r2 1.048e-02
[ 407] train th 1.893e-07 om 3.556e-05 r1 8.853e-03 r2 1.046e-02 | val th 3.093e-07 om 4.988e-05 r1 8.875e-03 r2 1.048e-02
[ 408] train th 2.247e-07 om 4.045e-05 r1 8.859e-03 r2 1.047e-02 | val th 4.377e-07 om 5.161e-05 r1 8.893e-03 r2 1.049e-02
[ 409] train th 2.079e-07 om 4.359e-05 r1 8.853e-03 r2 1.046e-02 | val th 3.915e-07 om 4.170e-05 r1 8.869e-03 r2 1.048e-02
[ 410] train th 2.189e-07 om 3.300e-05 r1 8.853e-03 r2 1.046e-02 | val th 2.578e-07 om 3.897e-05 r1 8.867e-03 r2 1.048e-02
[ 411] train th 1.986e-07 om 3.356e-05 r1 8.854e-03 r2 1.046e-02 | val th 1.323e-07 om 4.625e-05 r1 8.869e-03 r2 1.048e-02
[ 412] train th 1.909e-07 om 3.277e-05 r1 8.852e-03 r2 1.046e-02 | val th 1.642e-07 om 4.233e-05 r1 8.868e-03 r2 1.048e-02
[ 413] train th 1.907e-07 om 3.665e-05 r1 8.853e-03 r2 1.046e-02 | val th 1.583e-07 om 4.033e-05 r1 8.869e-03 r2 1.048e-02
[ 414] train th 1.780e-07 om 3.399e-05 r1 8.854e-03 r2 1.046e-02 | val th 2.793e-07 om 4.490e-05 r1 8.870e-03 r2 1.048e-02
[ 415] train th 1.724e-07 om 3.597e-05 r1 8.852e-03 r2 1.046e-02 | val th 2.601e-07 om 3.893e-05 r1 8.869e-03 r2 1.048e-02
[ 416] train th 2.532e-07 om 3.792e-05 r1 8.857e-03 r2 1.046e-02 | val th 2.722e-07 om 4.453e-05 r1 8.868e-03 r2 1.048e-02
[ 417] train th 2.020e-07 om 3.490e-05 r1 8.853e-03 r2 1.046e-02 | val th 1.435e-07 om 6.029e-05 r1 8.869e-03 r2 1.048e-02
[ 418] train th 1.693e-07 om 2.789e-05 r1 8.846e-03 r2 1.046e-02 | val th 2.146e-07 om 3.581e-05 r1 8.860e-03 r2 1.047e-02  *
[ 419] train th 1.412e-07 om 2.598e-05 r1 8.846e-03 r2 1.046e-02 | val th 1.211e-07 om 3.636e-05 r1 8.860e-03 r2 1.047e-02  *
[ 420] train th 1.206e-07 om 2.665e-05 r1 8.845e-03 r2 1.046e-02 | val th 5.939e-08 om 3.659e-05 r1 8.858e-03 r2 1.047e-02  *
[ 421] train th 1.204e-07 om 2.516e-05 r1 8.844e-03 r2 1.045e-02 | val th 5.397e-08 om 3.379e-05 r1 8.860e-03 r2 1.047e-02
[ 422] train th 1.136e-07 om 2.566e-05 r1 8.845e-03 r2 1.045e-02 | val th 1.571e-07 om 4.671e-05 r1 8.859e-03 r2 1.047e-02
[ 423] train th 1.206e-07 om 2.460e-05 r1 8.844e-03 r2 1.045e-02 | val th 7.970e-08 om 3.585e-05 r1 8.859e-03 r2 1.047e-02
[ 424] train th 1.035e-07 om 2.401e-05 r1 8.844e-03 r2 1.045e-02 | val th 2.349e-07 om 3.027e-05 r1 8.859e-03 r2 1.047e-02
[ 425] train th 1.181e-07 om 2.314e-05 r1 8.845e-03 r2 1.045e-02 | val th 7.578e-08 om 3.747e-05 r1 8.857e-03 r2 1.047e-02  *
[ 426] train th 1.227e-07 om 2.475e-05 r1 8.845e-03 r2 1.045e-02 | val th 1.941e-07 om 3.482e-05 r1 8.863e-03 r2 1.047e-02
[ 427] train th 1.210e-07 om 2.350e-05 r1 8.844e-03 r2 1.045e-02 | val th 1.687e-07 om 3.195e-05 r1 8.860e-03 r2 1.047e-02
[ 428] train th 1.138e-07 om 2.370e-05 r1 8.844e-03 r2 1.045e-02 | val th 5.269e-08 om 3.524e-05 r1 8.858e-03 r2 1.047e-02  *
[ 429] train th 9.951e-08 om 2.342e-05 r1 8.844e-03 r2 1.045e-02 | val th 1.301e-07 om 2.953e-05 r1 8.860e-03 r2 1.047e-02
[ 430] train th 1.070e-07 om 2.390e-05 r1 8.844e-03 r2 1.045e-02 | val th 8.406e-08 om 3.378e-05 r1 8.859e-03 r2 1.047e-02
[ 431] train th 1.276e-07 om 2.434e-05 r1 8.844e-03 r2 1.045e-02 | val th 1.539e-07 om 3.595e-05 r1 8.859e-03 r2 1.047e-02
[ 432] train th 1.353e-07 om 2.543e-05 r1 8.844e-03 r2 1.045e-02 | val th 1.889e-07 om 3.131e-05 r1 8.857e-03 r2 1.047e-02  *
[ 433] train th 1.147e-07 om 2.410e-05 r1 8.844e-03 r2 1.045e-02 | val th 2.163e-07 om 3.231e-05 r1 8.859e-03 r2 1.047e-02
[ 434] train th 1.204e-07 om 2.352e-05 r1 8.844e-03 r2 1.045e-02 | val th 1.387e-07 om 3.103e-05 r1 8.860e-03 r2 1.047e-02
[ 435] train th 1.283e-07 om 2.533e-05 r1 8.844e-03 r2 1.045e-02 | val th 1.216e-07 om 3.675e-05 r1 8.858e-03 r2 1.047e-02
[ 436] train th 1.612e-07 om 2.748e-05 r1 8.846e-03 r2 1.046e-02 | val th 9.989e-08 om 3.161e-05 r1 8.859e-03 r2 1.047e-02
[ 437] train th 1.181e-07 om 2.387e-05 r1 8.843e-03 r2 1.045e-02 | val th 1.131e-07 om 3.099e-05 r1 8.859e-03 r2 1.047e-02
[ 438] train th 1.300e-07 om 2.511e-05 r1 8.845e-03 r2 1.046e-02 | val th 1.021e-07 om 3.637e-05 r1 8.858e-03 r2 1.047e-02
[ 439] train th 9.910e-08 om 2.263e-05 r1 8.843e-03 r2 1.045e-02 | val th 2.094e-07 om 2.931e-05 r1 8.858e-03 r2 1.047e-02
[ 440] train th 1.080e-07 om 2.275e-05 r1 8.844e-03 r2 1.045e-02 | val th 5.456e-08 om 3.199e-05 r1 8.856e-03 r2 1.047e-02  *
[ 441] train th 9.517e-08 om 2.161e-05 r1 8.843e-03 r2 1.045e-02 | val th 1.643e-07 om 3.443e-05 r1 8.860e-03 r2 1.047e-02
[ 442] train th 1.142e-07 om 2.129e-05 r1 8.843e-03 r2 1.045e-02 | val th 1.684e-07 om 2.713e-05 r1 8.858e-03 r2 1.047e-02
[ 443] train th 1.170e-07 om 2.312e-05 r1 8.844e-03 r2 1.045e-02 | val th 2.579e-07 om 3.065e-05 r1 8.860e-03 r2 1.047e-02
[ 444] train th 1.256e-07 om 2.307e-05 r1 8.845e-03 r2 1.045e-02 | val th 3.162e-07 om 3.505e-05 r1 8.870e-03 r2 1.047e-02
[ 445] train th 1.145e-07 om 2.282e-05 r1 8.844e-03 r2 1.045e-02 | val th 8.939e-08 om 3.214e-05 r1 8.857e-03 r2 1.047e-02
[ 446] train th 1.139e-07 om 2.412e-05 r1 8.843e-03 r2 1.045e-02 | val th 6.696e-08 om 3.420e-05 r1 8.857e-03 r2 1.047e-02
[ 447] train th 1.162e-07 om 2.365e-05 r1 8.843e-03 r2 1.045e-02 | val th 1.117e-07 om 3.243e-05 r1 8.858e-03 r2 1.047e-02
[ 448] train th 1.114e-07 om 2.193e-05 r1 8.843e-03 r2 1.045e-02 | val th 7.897e-08 om 3.480e-05 r1 8.857e-03 r2 1.047e-02
[ 449] train th 9.661e-08 om 2.259e-05 r1 8.843e-03 r2 1.045e-02 | val th 6.001e-08 om 3.431e-05 r1 8.857e-03 r2 1.047e-02
[ 450] train th 1.677e-07 om 2.591e-05 r1 8.845e-03 r2 1.045e-02 | val th 7.787e-08 om 3.041e-05 r1 8.859e-03 r2 1.047e-02
[ 451] train th 1.392e-07 om 2.345e-05 r1 8.844e-03 r2 1.045e-02 | val th 1.111e-07 om 3.450e-05 r1 8.859e-03 r2 1.047e-02
[ 452] train th 1.061e-07 om 2.256e-05 r1 8.843e-03 r2 1.045e-02 | val th 8.808e-08 om 2.721e-05 r1 8.856e-03 r2 1.047e-02  *
[ 453] train th 1.047e-07 om 2.160e-05 r1 8.842e-03 r2 1.045e-02 | val th 1.267e-07 om 2.759e-05 r1 8.857e-03 r2 1.047e-02  *
[ 454] train th 1.040e-07 om 2.171e-05 r1 8.842e-03 r2 1.045e-02 | val th 1.224e-07 om 3.029e-05 r1 8.858e-03 r2 1.047e-02
[ 455] train th 1.424e-07 om 2.565e-05 r1 8.843e-03 r2 1.045e-02 | val th 6.375e-08 om 2.583e-05 r1 8.853e-03 r2 1.046e-02  *
[ 456] train th 7.031e-08 om 1.854e-05 r1 8.839e-03 r2 1.045e-02 | val th 8.413e-08 om 2.698e-05 r1 8.854e-03 r2 1.046e-02
[ 457] train th 8.386e-08 om 2.665e-05 r1 8.846e-03 r2 1.045e-02 | val th 1.013e-07 om 2.885e-05 r1 8.858e-03 r2 1.047e-02
[ 458] train th 9.356e-08 om 2.070e-05 r1 8.844e-03 r2 1.045e-02 | val th 6.668e-08 om 2.715e-05 r1 8.853e-03 r2 1.046e-02  *
[ 459] train th 6.225e-08 om 1.966e-05 r1 8.841e-03 r2 1.045e-02 | val th 2.019e-07 om 9.385e-05 r1 8.911e-03 r2 1.051e-02
[ 460] train th 1.440e-07 om 2.704e-05 r1 8.843e-03 r2 1.045e-02 | val th 1.021e-07 om 3.054e-05 r1 8.855e-03 r2 1.047e-02
[ 461] train th 9.144e-08 om 2.077e-05 r1 8.842e-03 r2 1.045e-02 | val th 1.057e-07 om 3.016e-05 r1 8.854e-03 r2 1.046e-02
[ 462] train th 6.801e-08 om 1.816e-05 r1 8.839e-03 r2 1.045e-02 | val th 7.804e-08 om 2.813e-05 r1 8.854e-03 r2 1.046e-02
[ 463] train th 8.642e-08 om 1.986e-05 r1 8.841e-03 r2 1.045e-02 | val th 6.195e-08 om 2.967e-05 r1 8.853e-03 r2 1.046e-02
[ 464] train th 8.272e-08 om 1.832e-05 r1 8.840e-03 r2 1.045e-02 | val th 7.724e-08 om 2.435e-05 r1 8.853e-03 r2 1.046e-02
[ 465] train th 8.159e-08 om 2.005e-05 r1 8.841e-03 r2 1.045e-02 | val th 1.103e-07 om 3.188e-05 r1 8.852e-03 r2 1.046e-02  *
[ 466] train th 9.397e-08 om 2.129e-05 r1 8.843e-03 r2 1.045e-02 | val th 1.143e-07 om 2.966e-05 r1 8.855e-03 r2 1.047e-02
[ 467] train th 9.161e-08 om 2.573e-05 r1 8.840e-03 r2 1.045e-02 | val th 5.030e-08 om 2.694e-05 r1 8.852e-03 r2 1.046e-02
[ 468] train th 8.623e-08 om 2.065e-05 r1 8.842e-03 r2 1.045e-02 | val th 8.355e-08 om 2.929e-05 r1 8.853e-03 r2 1.046e-02
[ 469] train th 9.587e-08 om 2.534e-05 r1 8.849e-03 r2 1.046e-02 | val th 1.331e-07 om 2.761e-05 r1 8.878e-03 r2 1.047e-02
[ 470] train th 5.496e-08 om 1.620e-05 r1 8.839e-03 r2 1.045e-02 | val th 7.236e-08 om 2.648e-05 r1 8.852e-03 r2 1.046e-02  *
[ 471] train th 4.882e-08 om 1.610e-05 r1 8.838e-03 r2 1.045e-02 | val th 4.076e-08 om 2.726e-05 r1 8.852e-03 r2 1.046e-02
[ 472] train th 5.281e-08 om 1.621e-05 r1 8.838e-03 r2 1.045e-02 | val th 3.416e-08 om 2.366e-05 r1 8.852e-03 r2 1.046e-02  *
[ 473] train th 4.815e-08 om 1.648e-05 r1 8.837e-03 r2 1.045e-02 | val th 6.553e-08 om 2.586e-05 r1 8.852e-03 r2 1.046e-02
[ 474] train th 5.195e-08 om 1.592e-05 r1 8.837e-03 r2 1.045e-02 | val th 3.312e-08 om 2.384e-05 r1 8.852e-03 r2 1.046e-02
[ 475] train th 3.994e-08 om 1.602e-05 r1 8.837e-03 r2 1.045e-02 | val th 4.149e-08 om 2.360e-05 r1 8.851e-03 r2 1.046e-02  *
[ 476] train th 4.409e-08 om 1.645e-05 r1 8.837e-03 r2 1.045e-02 | val th 6.810e-08 om 2.597e-05 r1 8.852e-03 r2 1.046e-02
[ 477] train th 3.279e-08 om 1.599e-05 r1 8.837e-03 r2 1.045e-02 | val th 6.671e-08 om 2.455e-05 r1 8.852e-03 r2 1.046e-02
[ 478] train th 4.518e-08 om 1.634e-05 r1 8.837e-03 r2 1.045e-02 | val th 4.047e-08 om 2.396e-05 r1 8.852e-03 r2 1.046e-02
[ 479] train th 4.489e-08 om 1.610e-05 r1 8.837e-03 r2 1.045e-02 | val th 4.092e-08 om 2.588e-05 r1 8.852e-03 r2 1.046e-02
[ 480] train th 4.811e-08 om 1.612e-05 r1 8.837e-03 r2 1.045e-02 | val th 5.232e-08 om 2.311e-05 r1 8.852e-03 r2 1.046e-02
[ 481] train th 5.148e-08 om 1.587e-05 r1 8.837e-03 r2 1.045e-02 | val th 4.931e-08 om 2.473e-05 r1 8.852e-03 r2 1.046e-02
[ 482] train th 3.884e-08 om 1.617e-05 r1 8.837e-03 r2 1.045e-02 | val th 4.690e-08 om 2.413e-05 r1 8.852e-03 r2 1.046e-02
[ 483] train th 4.129e-08 om 1.605e-05 r1 8.837e-03 r2 1.045e-02 | val th 3.153e-08 om 2.352e-05 r1 8.851e-03 r2 1.046e-02  *
[ 484] train th 4.496e-08 om 1.649e-05 r1 8.837e-03 r2 1.045e-02 | val th 5.234e-08 om 2.353e-05 r1 8.852e-03 r2 1.046e-02
[ 485] train th 4.592e-08 om 1.598e-05 r1 8.837e-03 r2 1.045e-02 | val th 5.631e-08 om 2.419e-05 r1 8.852e-03 r2 1.046e-02
[ 486] train th 5.361e-08 om 1.589e-05 r1 8.837e-03 r2 1.045e-02 | val th 5.482e-08 om 2.540e-05 r1 8.852e-03 r2 1.046e-02
[ 487] train th 3.176e-08 om 1.490e-05 r1 8.836e-03 r2 1.045e-02 | val th 3.112e-08 om 2.351e-05 r1 8.851e-03 r2 1.046e-02  *
[ 488] train th 4.243e-08 om 1.475e-05 r1 8.836e-03 r2 1.045e-02 | val th 3.428e-08 om 2.386e-05 r1 8.852e-03 r2 1.046e-02
[ 489] train th 2.797e-08 om 1.479e-05 r1 8.836e-03 r2 1.045e-02 | val th 2.880e-08 om 2.574e-05 r1 8.851e-03 r2 1.046e-02
[ 490] train th 2.631e-08 om 1.494e-05 r1 8.836e-03 r2 1.045e-02 | val th 4.262e-08 om 2.266e-05 r1 8.851e-03 r2 1.046e-02
[ 491] train th 2.349e-08 om 1.464e-05 r1 8.836e-03 r2 1.045e-02 | val th 2.835e-08 om 2.325e-05 r1 8.851e-03 r2 1.046e-02
[ 492] train th 3.283e-08 om 1.485e-05 r1 8.836e-03 r2 1.045e-02 | val th 2.702e-08 om 2.324e-05 r1 8.852e-03 r2 1.046e-02
[ 493] train th 2.602e-08 om 1.495e-05 r1 8.836e-03 r2 1.045e-02 | val th 2.835e-08 om 2.376e-05 r1 8.852e-03 r2 1.046e-02
[ 494] train th 2.442e-08 om 1.479e-05 r1 8.836e-03 r2 1.045e-02 | val th 2.798e-08 om 2.374e-05 r1 8.850e-03 r2 1.046e-02  *
[ 495] train th 2.148e-08 om 1.500e-05 r1 8.836e-03 r2 1.045e-02 | val th 2.860e-08 om 2.394e-05 r1 8.851e-03 r2 1.046e-02
[ 496] train th 3.030e-08 om 1.503e-05 r1 8.836e-03 r2 1.045e-02 | val th 3.802e-08 om 2.396e-05 r1 8.852e-03 r2 1.046e-02
[ 497] train th 3.515e-08 om 1.489e-05 r1 8.836e-03 r2 1.045e-02 | val th 3.111e-08 om 2.301e-05 r1 8.851e-03 r2 1.046e-02
[ 498] train th 2.802e-08 om 1.487e-05 r1 8.836e-03 r2 1.045e-02 | val th 2.685e-08 om 2.693e-05 r1 8.851e-03 r2 1.046e-02
[ 499] train th 2.819e-08 om 1.485e-05 r1 8.836e-03 r2 1.045e-02 | val th 2.658e-08 om 2.387e-05 r1 8.851e-03 r2 1.046e-02
[ 500] train th 3.237e-08 om 1.487e-05 r1 8.836e-03 r2 1.045e-02 | val th 3.539e-08 om 2.372e-05 r1 8.851e-03 r2 1.046e-02
[ 501] train th 4.102e-08 om 1.500e-05 r1 8.836e-03 r2 1.045e-02 | val th 3.600e-08 om 2.342e-05 r1 8.851e-03 r2 1.046e-02
[ 502] train th 2.908e-08 om 1.472e-05 r1 8.836e-03 r2 1.045e-02 | val th 3.387e-08 om 2.417e-05 r1 8.852e-03 r2 1.046e-02
[ 503] train th 2.755e-08 om 1.481e-05 r1 8.836e-03 r2 1.045e-02 | val th 9.453e-08 om 2.301e-05 r1 8.850e-03 r2 1.046e-02
[ 504] train th 4.166e-08 om 1.482e-05 r1 8.836e-03 r2 1.045e-02 | val th 3.192e-08 om 2.375e-05 r1 8.851e-03 r2 1.046e-02
[ 505] train th 3.050e-08 om 1.510e-05 r1 8.836e-03 r2 1.045e-02 | val th 7.771e-08 om 2.367e-05 r1 8.851e-03 r2 1.046e-02
[ 506] train th 2.244e-08 om 1.490e-05 r1 8.836e-03 r2 1.045e-02 | val th 2.936e-08 om 2.360e-05 r1 8.851e-03 r2 1.046e-02
[ 507] train th 2.582e-08 om 1.476e-05 r1 8.836e-03 r2 1.045e-02 | val th 3.090e-08 om 2.380e-05 r1 8.851e-03 r2 1.046e-02
[ 508] train th 3.812e-08 om 1.492e-05 r1 8.836e-03 r2 1.045e-02 | val th 5.940e-08 om 2.383e-05 r1 8.851e-03 r2 1.046e-02
[ 509] train th 2.466e-08 om 1.416e-05 r1 8.835e-03 r2 1.045e-02 | val th 2.522e-08 om 2.328e-05 r1 8.850e-03 r2 1.046e-02  *
[ 510] train th 2.061e-08 om 1.440e-05 r1 8.835e-03 r2 1.045e-02 | val th 2.985e-08 om 2.333e-05 r1 8.850e-03 r2 1.046e-02
[ 511] train th 2.206e-08 om 1.426e-05 r1 8.835e-03 r2 1.045e-02 | val th 3.387e-08 om 2.332e-05 r1 8.850e-03 r2 1.046e-02
[ 512] train th 2.706e-08 om 1.418e-05 r1 8.835e-03 r2 1.045e-02 | val th 3.090e-08 om 2.352e-05 r1 8.850e-03 r2 1.046e-02
[ 513] train th 2.171e-08 om 1.417e-05 r1 8.835e-03 r2 1.045e-02 | val th 2.553e-08 om 2.305e-05 r1 8.850e-03 r2 1.046e-02
[ 514] train th 2.004e-08 om 1.427e-05 r1 8.835e-03 r2 1.045e-02 | val th 2.991e-08 om 2.456e-05 r1 8.850e-03 r2 1.046e-02
[ 515] train th 2.314e-08 om 1.420e-05 r1 8.835e-03 r2 1.045e-02 | val th 3.232e-08 om 2.256e-05 r1 8.850e-03 r2 1.046e-02
[ 516] train th 2.007e-08 om 1.460e-05 r1 8.835e-03 r2 1.045e-02 | val th 3.763e-08 om 2.286e-05 r1 8.850e-03 r2 1.046e-02
[ 517] train th 1.983e-08 om 1.420e-05 r1 8.835e-03 r2 1.045e-02 | val th 2.555e-08 om 2.291e-05 r1 8.850e-03 r2 1.046e-02
[ 518] train th 1.806e-08 om 1.417e-05 r1 8.835e-03 r2 1.045e-02 | val th 3.971e-08 om 2.268e-05 r1 8.850e-03 r2 1.046e-02
[ 519] train th 1.983e-08 om 1.444e-05 r1 8.835e-03 r2 1.045e-02 | val th 2.606e-08 om 2.235e-05 r1 8.850e-03 r2 1.046e-02  *
[ 520] train th 2.188e-08 om 1.407e-05 r1 8.835e-03 r2 1.045e-02 | val th 3.040e-08 om 2.240e-05 r1 8.850e-03 r2 1.046e-02
[ 521] train th 2.548e-08 om 1.431e-05 r1 8.835e-03 r2 1.045e-02 | val th 3.120e-08 om 2.238e-05 r1 8.850e-03 r2 1.046e-02
[ 522] train th 2.299e-08 om 1.418e-05 r1 8.835e-03 r2 1.045e-02 | val th 3.330e-08 om 2.329e-05 r1 8.850e-03 r2 1.046e-02
[ 523] train th 2.081e-08 om 1.383e-05 r1 8.835e-03 r2 1.045e-02 | val th 3.052e-08 om 2.279e-05 r1 8.850e-03 r2 1.046e-02
[ 524] train th 1.892e-08 om 1.375e-05 r1 8.835e-03 r2 1.045e-02 | val th 3.053e-08 om 2.288e-05 r1 8.850e-03 r2 1.046e-02  *
[ 525] train th 2.054e-08 om 1.376e-05 r1 8.835e-03 r2 1.045e-02 | val th 2.537e-08 om 2.257e-05 r1 8.850e-03 r2 1.046e-02  *
[ 526] train th 1.858e-08 om 1.385e-05 r1 8.835e-03 r2 1.045e-02 | val th 2.647e-08 om 2.234e-05 r1 8.850e-03 r2 1.046e-02
[ 527] train th 2.221e-08 om 1.372e-05 r1 8.835e-03 r2 1.045e-02 | val th 2.680e-08 om 2.227e-05 r1 8.850e-03 r2 1.046e-02
[ 528] train th 1.952e-08 om 1.385e-05 r1 8.835e-03 r2 1.045e-02 | val th 2.817e-08 om 2.341e-05 r1 8.850e-03 r2 1.046e-02
[ 529] train th 2.318e-08 om 1.375e-05 r1 8.835e-03 r2 1.045e-02 | val th 3.562e-08 om 2.225e-05 r1 8.850e-03 r2 1.046e-02
[ 530] train th 1.831e-08 om 1.375e-05 r1 8.835e-03 r2 1.045e-02 | val th 2.472e-08 om 2.237e-05 r1 8.850e-03 r2 1.046e-02  *
[ 531] train th 1.923e-08 om 1.377e-05 r1 8.835e-03 r2 1.045e-02 | val th 3.571e-08 om 2.300e-05 r1 8.850e-03 r2 1.046e-02
[ 532] train th 2.152e-08 om 1.379e-05 r1 8.835e-03 r2 1.045e-02 | val th 2.753e-08 om 2.267e-05 r1 8.850e-03 r2 1.046e-02
[ 533] train th 2.150e-08 om 1.375e-05 r1 8.835e-03 r2 1.045e-02 | val th 2.868e-08 om 2.292e-05 r1 8.850e-03 r2 1.046e-02
[ 534] train th 2.117e-08 om 1.373e-05 r1 8.835e-03 r2 1.044e-02 | val th 2.527e-08 om 2.245e-05 r1 8.850e-03 r2 1.046e-02
[ 535] train th 1.836e-08 om 1.367e-05 r1 8.835e-03 r2 1.045e-02 | val th 2.662e-08 om 2.240e-05 r1 8.850e-03 r2 1.046e-02
[ 536] train th 2.118e-08 om 1.379e-05 r1 8.835e-03 r2 1.045e-02 | val th 3.525e-08 om 2.331e-05 r1 8.850e-03 r2 1.046e-02
[ 537] train th 1.977e-08 om 1.353e-05 r1 8.835e-03 r2 1.045e-02 | val th 2.369e-08 om 2.237e-05 r1 8.849e-03 r2 1.046e-02  *
[ 538] train th 1.893e-08 om 1.357e-05 r1 8.835e-03 r2 1.045e-02 | val th 2.603e-08 om 2.230e-05 r1 8.850e-03 r2 1.046e-02
[ 539] train th 1.709e-08 om 1.348e-05 r1 8.835e-03 r2 1.045e-02 | val th 2.534e-08 om 2.234e-05 r1 8.850e-03 r2 1.046e-02
[ 540] train th 1.728e-08 om 1.351e-05 r1 8.834e-03 r2 1.045e-02 | val th 2.685e-08 om 2.226e-05 r1 8.849e-03 r2 1.046e-02  *
[ 541] train th 1.734e-08 om 1.354e-05 r1 8.835e-03 r2 1.045e-02 | val th 3.512e-08 om 2.227e-05 r1 8.849e-03 r2 1.046e-02
[ 542] train th 1.885e-08 om 1.354e-05 r1 8.835e-03 r2 1.045e-02 | val th 2.460e-08 om 2.277e-05 r1 8.850e-03 r2 1.046e-02
[ 543] train th 1.661e-08 om 1.352e-05 r1 8.835e-03 r2 1.045e-02 | val th 2.412e-08 om 2.239e-05 r1 8.849e-03 r2 1.046e-02
[ 544] train th 1.976e-08 om 1.351e-05 r1 8.835e-03 r2 1.045e-02 | val th 2.473e-08 om 2.238e-05 r1 8.849e-03 r2 1.046e-02
[ 545] train th 2.025e-08 om 1.353e-05 r1 8.835e-03 r2 1.045e-02 | val th 2.460e-08 om 2.291e-05 r1 8.849e-03 r2 1.046e-02
[ 546] train th 1.791e-08 om 1.355e-05 r1 8.835e-03 r2 1.045e-02 | val th 2.895e-08 om 2.236e-05 r1 8.849e-03 r2 1.046e-02
[ 547] train th 1.949e-08 om 1.355e-05 r1 8.835e-03 r2 1.045e-02 | val th 2.747e-08 om 2.261e-05 r1 8.850e-03 r2 1.046e-02
[ 548] train th 1.778e-08 om 1.357e-05 r1 8.835e-03 r2 1.045e-02 | val th 2.642e-08 om 2.225e-05 r1 8.850e-03 r2 1.046e-02
[ 549] train th 1.766e-08 om 1.353e-05 r1 8.835e-03 r2 1.045e-02 | val th 2.840e-08 om 2.226e-05 r1 8.849e-03 r2 1.046e-02
[ 550] train th 1.866e-08 om 1.353e-05 r1 8.835e-03 r2 1.045e-02 | val th 2.620e-08 om 2.245e-05 r1 8.849e-03 r2 1.046e-02
[ 551] train th 1.662e-08 om 1.341e-05 r1 8.835e-03 r2 1.045e-02 | val th 2.993e-08 om 2.229e-05 r1 8.849e-03 r2 1.046e-02
[ 552] train th 1.737e-08 om 1.335e-05 r1 8.835e-03 r2 1.045e-02 | val th 2.772e-08 om 2.228e-05 r1 8.849e-03 r2 1.046e-02  *
[ 553] train th 1.543e-08 om 1.341e-05 r1 8.835e-03 r2 1.045e-02 | val th 2.432e-08 om 2.248e-05 r1 8.849e-03 r2 1.046e-02  *
[ 554] train th 1.611e-08 om 1.339e-05 r1 8.835e-03 r2 1.045e-02 | val th 2.508e-08 om 2.233e-05 r1 8.849e-03 r2 1.046e-02
[ 555] train th 1.786e-08 om 1.344e-05 r1 8.835e-03 r2 1.045e-02 | val th 3.044e-08 om 2.232e-05 r1 8.849e-03 r2 1.046e-02  *
[ 556] train th 1.843e-08 om 1.336e-05 r1 8.835e-03 r2 1.045e-02 | val th 2.626e-08 om 2.251e-05 r1 8.849e-03 r2 1.046e-02
[ 557] train th 1.563e-08 om 1.341e-05 r1 8.835e-03 r2 1.045e-02 | val th 2.767e-08 om 2.253e-05 r1 8.849e-03 r2 1.046e-02
[ 558] train th 1.748e-08 om 1.337e-05 r1 8.835e-03 r2 1.045e-02 | val th 3.163e-08 om 2.241e-05 r1 8.849e-03 r2 1.046e-02
[ 559] train th 1.943e-08 om 1.341e-05 r1 8.835e-03 r2 1.045e-02 | val th 2.391e-08 om 2.217e-05 r1 8.849e-03 r2 1.046e-02  *
[ 560] train th 1.659e-08 om 1.338e-05 r1 8.835e-03 r2 1.045e-02 | val th 2.619e-08 om 2.222e-05 r1 8.849e-03 r2 1.046e-02
[ 561] train th 1.546e-08 om 1.337e-05 r1 8.834e-03 r2 1.044e-02 | val th 2.598e-08 om 2.237e-05 r1 8.849e-03 r2 1.046e-02  *
[ 562] train th 1.640e-08 om 1.338e-05 r1 8.835e-03 r2 1.045e-02 | val th 2.743e-08 om 2.258e-05 r1 8.849e-03 r2 1.046e-02
[ 563] train th 1.812e-08 om 1.345e-05 r1 8.835e-03 r2 1.045e-02 | val th 2.330e-08 om 2.241e-05 r1 8.849e-03 r2 1.046e-02
[ 564] train th 1.618e-08 om 1.339e-05 r1 8.835e-03 r2 1.045e-02 | val th 2.981e-08 om 2.242e-05 r1 8.849e-03 r2 1.046e-02
[ 565] train th 1.521e-08 om 1.331e-05 r1 8.835e-03 r2 1.045e-02 | val th 2.431e-08 om 2.219e-05 r1 8.849e-03 r2 1.046e-02  *
[ 566] train th 1.508e-08 om 1.331e-05 r1 8.835e-03 r2 1.045e-02 | val th 2.631e-08 om 2.218e-05 r1 8.849e-03 r2 1.046e-02  *
[ 567] train th 1.464e-08 om 1.334e-05 r1 8.834e-03 r2 1.045e-02 | val th 2.345e-08 om 2.217e-05 r1 8.849e-03 r2 1.046e-02
[ 568] train th 1.493e-08 om 1.330e-05 r1 8.834e-03 r2 1.045e-02 | val th 2.322e-08 om 2.217e-05 r1 8.849e-03 r2 1.046e-02
[ 569] train th 1.465e-08 om 1.327e-05 r1 8.834e-03 r2 1.044e-02 | val th 2.526e-08 om 2.212e-05 r1 8.849e-03 r2 1.046e-02
[ 570] train th 1.506e-08 om 1.326e-05 r1 8.835e-03 r2 1.045e-02 | val th 2.508e-08 om 2.214e-05 r1 8.849e-03 r2 1.046e-02
[ 571] train th 1.461e-08 om 1.329e-05 r1 8.835e-03 r2 1.045e-02 | val th 2.445e-08 om 2.272e-05 r1 8.849e-03 r2 1.046e-02
[ 572] train th 1.495e-08 om 1.329e-05 r1 8.834e-03 r2 1.045e-02 | val th 2.474e-08 om 2.235e-05 r1 8.849e-03 r2 1.046e-02
[ 573] train th 1.496e-08 om 1.330e-05 r1 8.835e-03 r2 1.045e-02 | val th 2.561e-08 om 2.232e-05 r1 8.849e-03 r2 1.046e-02
[ 574] train th 1.533e-08 om 1.328e-05 r1 8.835e-03 r2 1.045e-02 | val th 2.364e-08 om 2.216e-05 r1 8.849e-03 r2 1.046e-02
[ 575] train th 1.494e-08 om 1.328e-05 r1 8.834e-03 r2 1.045e-02 | val th 2.686e-08 om 2.213e-05 r1 8.849e-03 r2 1.046e-02
[ 576] train th 1.505e-08 om 1.328e-05 r1 8.834e-03 r2 1.045e-02 | val th 2.441e-08 om 2.226e-05 r1 8.849e-03 r2 1.046e-02
[ 577] train th 1.596e-08 om 1.329e-05 r1 8.834e-03 r2 1.045e-02 | val th 2.335e-08 om 2.225e-05 r1 8.849e-03 r2 1.046e-02
[ 578] train th 1.509e-08 om 1.330e-05 r1 8.835e-03 r2 1.045e-02 | val th 2.461e-08 om 2.221e-05 r1 8.849e-03 r2 1.046e-02
[ 579] train th 1.526e-08 om 1.329e-05 r1 8.835e-03 r2 1.045e-02 | val th 2.648e-08 om 2.217e-05 r1 8.849e-03 r2 1.046e-02
[ 580] train th 1.401e-08 om 1.327e-05 r1 8.834e-03 r2 1.045e-02 | val th 2.322e-08 om 2.215e-05 r1 8.849e-03 r2 1.046e-02  *
[ 581] train th 1.412e-08 om 1.323e-05 r1 8.834e-03 r2 1.045e-02 | val th 2.331e-08 om 2.211e-05 r1 8.849e-03 r2 1.046e-02  *
[ 582] train th 1.400e-08 om 1.322e-05 r1 8.834e-03 r2 1.044e-02 | val th 2.380e-08 om 2.222e-05 r1 8.849e-03 r2 1.046e-02
[ 583] train th 1.401e-08 om 1.325e-05 r1 8.834e-03 r2 1.045e-02 | val th 2.354e-08 om 2.213e-05 r1 8.849e-03 r2 1.046e-02
[ 584] train th 1.400e-08 om 1.322e-05 r1 8.834e-03 r2 1.045e-02 | val th 2.352e-08 om 2.212e-05 r1 8.849e-03 r2 1.046e-02
[ 585] train th 1.396e-08 om 1.323e-05 r1 8.834e-03 r2 1.045e-02 | val th 2.411e-08 om 2.213e-05 r1 8.849e-03 r2 1.046e-02  *
[ 586] train th 1.393e-08 om 1.323e-05 r1 8.834e-03 r2 1.045e-02 | val th 2.327e-08 om 2.217e-05 r1 8.849e-03 r2 1.046e-02
[ 587] train th 1.392e-08 om 1.322e-05 r1 8.834e-03 r2 1.045e-02 | val th 2.441e-08 om 2.222e-05 r1 8.849e-03 r2 1.046e-02
[ 588] train th 1.400e-08 om 1.325e-05 r1 8.834e-03 r2 1.045e-02 | val th 2.358e-08 om 2.214e-05 r1 8.849e-03 r2 1.046e-02
[ 589] train th 1.395e-08 om 1.322e-05 r1 8.834e-03 r2 1.045e-02 | val th 2.326e-08 om 2.213e-05 r1 8.849e-03 r2 1.046e-02
[ 590] train th 1.397e-08 om 1.324e-05 r1 8.834e-03 r2 1.045e-02 | val th 2.345e-08 om 2.215e-05 r1 8.849e-03 r2 1.046e-02
[ 591] train th 1.390e-08 om 1.325e-05 r1 8.834e-03 r2 1.044e-02 | val th 2.421e-08 om 2.226e-05 r1 8.849e-03 r2 1.046e-02
[ 592] train th 1.407e-08 om 1.323e-05 r1 8.834e-03 r2 1.045e-02 | val th 2.332e-08 om 2.212e-05 r1 8.849e-03 r2 1.046e-02
[ 593] train th 1.403e-08 om 1.322e-05 r1 8.834e-03 r2 1.045e-02 | val th 2.540e-08 om 2.215e-05 r1 8.849e-03 r2 1.046e-02
[ 594] train th 1.383e-08 om 1.320e-05 r1 8.834e-03 r2 1.045e-02 | val th 2.322e-08 om 2.213e-05 r1 8.849e-03 r2 1.046e-02
[ 595] train th 1.361e-08 om 1.320e-05 r1 8.834e-03 r2 1.045e-02 | val th 2.345e-08 om 2.212e-05 r1 8.849e-03 r2 1.046e-02  *
[ 596] train th 1.372e-08 om 1.320e-05 r1 8.834e-03 r2 1.045e-02 | val th 2.317e-08 om 2.212e-05 r1 8.849e-03 r2 1.046e-02
[ 597] train th 1.363e-08 om 1.321e-05 r1 8.834e-03 r2 1.045e-02 | val th 2.320e-08 om 2.214e-05 r1 8.849e-03 r2 1.046e-02
[ 598] train th 1.373e-08 om 1.321e-05 r1 8.834e-03 r2 1.045e-02 | val th 2.348e-08 om 2.213e-05 r1 8.849e-03 r2 1.046e-02
[ 599] train th 1.362e-08 om 1.319e-05 r1 8.834e-03 r2 1.045e-02 | val th 2.314e-08 om 2.211e-05 r1 8.849e-03 r2 1.046e-02
[ 600] train th 1.360e-08 om 1.320e-05 r1 8.834e-03 r2 1.045e-02 | val th 2.326e-08 om 2.214e-05 r1 8.849e-03 r2 1.046e-02
[ 601] train th 1.362e-08 om 1.319e-05 r1 8.834e-03 r2 1.045e-02 | val th 2.313e-08 om 2.212e-05 r1 8.849e-03 r2 1.046e-02
[ 602] train th 1.366e-08 om 1.319e-05 r1 8.834e-03 r2 1.045e-02 | val th 2.314e-08 om 2.214e-05 r1 8.849e-03 r2 1.046e-02
[ 603] train th 1.366e-08 om 1.320e-05 r1 8.834e-03 r2 1.045e-02 | val th 2.362e-08 om 2.212e-05 r1 8.849e-03 r2 1.046e-02
[ 604] train th 1.367e-08 om 1.320e-05 r1 8.834e-03 r2 1.045e-02 | val th 2.322e-08 om 2.216e-05 r1 8.849e-03 r2 1.046e-02
[ 605] train th 1.373e-08 om 1.319e-05 r1 8.834e-03 r2 1.045e-02 | val th 2.322e-08 om 2.223e-05 r1 8.849e-03 r2 1.046e-02
[ 606] train th 1.363e-08 om 1.320e-05 r1 8.834e-03 r2 1.045e-02 | val th 2.313e-08 om 2.211e-05 r1 8.849e-03 r2 1.046e-02
[ 607] train th 1.379e-08 om 1.320e-05 r1 8.834e-03 r2 1.045e-02 | val th 2.325e-08 om 2.212e-05 r1 8.849e-03 r2 1.046e-02
[ 608] train th 1.353e-08 om 1.318e-05 r1 8.834e-03 r2 1.045e-02 | val th 2.321e-08 om 2.211e-05 r1 8.849e-03 r2 1.046e-02
[ 609] train th 1.350e-08 om 1.317e-05 r1 8.834e-03 r2 1.045e-02 | val th 2.313e-08 om 2.212e-05 r1 8.849e-03 r2 1.046e-02
[ 610] train th 1.351e-08 om 1.318e-05 r1 8.834e-03 r2 1.045e-02 | val th 2.314e-08 om 2.211e-05 r1 8.849e-03 r2 1.046e-02  *
[ 611] train th 1.352e-08 om 1.318e-05 r1 8.834e-03 r2 1.045e-02 | val th 2.312e-08 om 2.212e-05 r1 8.849e-03 r2 1.046e-02
[ 612] train th 1.353e-08 om 1.318e-05 r1 8.834e-03 r2 1.045e-02 | val th 2.339e-08 om 2.212e-05 r1 8.849e-03 r2 1.046e-02
[ 613] train th 1.355e-08 om 1.318e-05 r1 8.834e-03 r2 1.045e-02 | val th 2.316e-08 om 2.212e-05 r1 8.849e-03 r2 1.046e-02
[ 614] train th 1.352e-08 om 1.318e-05 r1 8.834e-03 r2 1.045e-02 | val th 2.339e-08 om 2.212e-05 r1 8.849e-03 r2 1.046e-02
[ 615] train th 1.353e-08 om 1.317e-05 r1 8.834e-03 r2 1.045e-02 | val th 2.316e-08 om 2.212e-05 r1 8.849e-03 r2 1.046e-02
[ 616] train th 1.351e-08 om 1.318e-05 r1 8.834e-03 r2 1.045e-02 | val th 2.322e-08 om 2.212e-05 r1 8.849e-03 r2 1.046e-02
[ 617] train th 1.353e-08 om 1.318e-05 r1 8.834e-03 r2 1.045e-02 | val th 2.319e-08 om 2.211e-05 r1 8.849e-03 r2 1.046e-02
[ 618] train th 1.351e-08 om 1.318e-05 r1 8.834e-03 r2 1.045e-02 | val th 2.311e-08 om 2.215e-05 r1 8.849e-03 r2 1.046e-02
[ 619] train th 1.351e-08 om 1.318e-05 r1 8.834e-03 r2 1.045e-02 | val th 2.320e-08 om 2.212e-05 r1 8.849e-03 r2 1.046e-02
[ 620] train th 1.352e-08 om 1.317e-05 r1 8.834e-03 r2 1.045e-02 | val th 2.315e-08 om 2.213e-05 r1 8.849e-03 r2 1.046e-02
[ 621] train th 1.352e-08 om 1.318e-05 r1 8.834e-03 r2 1.045e-02 | val th 2.316e-08 om 2.211e-05 r1 8.849e-03 r2 1.046e-02
[ 622] train th 1.349e-08 om 1.317e-05 r1 8.834e-03 r2 1.045e-02 | val th 2.310e-08 om 2.212e-05 r1 8.849e-03 r2 1.046e-02  *
[ 623] train th 1.347e-08 om 1.317e-05 r1 8.834e-03 r2 1.045e-02 | val th 2.312e-08 om 2.211e-05 r1 8.849e-03 r2 1.046e-02
[ 624] train th 1.348e-08 om 1.317e-05 r1 8.834e-03 r2 1.045e-02 | val th 2.313e-08 om 2.213e-05 r1 8.849e-03 r2 1.046e-02
[ 625] train th 1.346e-08 om 1.317e-05 r1 8.834e-03 r2 1.045e-02 | val th 2.313e-08 om 2.211e-05 r1 8.849e-03 r2 1.046e-02
[ 626] train th 1.347e-08 om 1.317e-05 r1 8.834e-03 r2 1.045e-02 | val th 2.319e-08 om 2.211e-05 r1 8.849e-03 r2 1.046e-02
[ 627] train th 1.348e-08 om 1.317e-05 r1 8.834e-03 r2 1.045e-02 | val th 2.315e-08 om 2.212e-05 r1 8.849e-03 r2 1.046e-02
[ 628] train th 1.347e-08 om 1.317e-05 r1 8.834e-03 r2 1.045e-02 | val th 2.313e-08 om 2.211e-05 r1 8.849e-03 r2 1.046e-02
[ 629] train th 1.348e-08 om 1.317e-05 r1 8.834e-03 r2 1.045e-02 | val th 2.311e-08 om 2.211e-05 r1 8.849e-03 r2 1.046e-02
[ 630] train th 1.348e-08 om 1.317e-05 r1 8.834e-03 r2 1.045e-02 | val th 2.312e-08 om 2.211e-05 r1 8.849e-03 r2 1.046e-02
[ 631] train th 1.347e-08 om 1.317e-05 r1 8.834e-03 r2 1.045e-02 | val th 2.313e-08 om 2.211e-05 r1 8.849e-03 r2 1.046e-02
[ 632] train th 1.348e-08 om 1.317e-05 r1 8.834e-03 r2 1.045e-02 | val th 2.312e-08 om 2.211e-05 r1 8.849e-03 r2 1.046e-02
[ 633] train th 1.347e-08 om 1.317e-05 r1 8.834e-03 r2 1.044e-02 | val th 2.312e-08 om 2.212e-05 r1 8.849e-03 r2 1.046e-02
[ 634] train th 1.347e-08 om 1.317e-05 r1 8.834e-03 r2 1.045e-02 | val th 2.318e-08 om 2.211e-05 r1 8.849e-03 r2 1.046e-02
[ 635] train th 1.348e-08 om 1.317e-05 r1 8.834e-03 r2 1.045e-02 | val th 2.317e-08 om 2.211e-05 r1 8.849e-03 r2 1.046e-02
[ 636] train th 1.347e-08 om 1.317e-05 r1 8.834e-03 r2 1.045e-02 | val th 2.312e-08 om 2.211e-05 r1 8.849e-03 r2 1.046e-02  *
[ 637] train th 1.347e-08 om 1.317e-05 r1 8.834e-03 r2 1.045e-02 | val th 2.312e-08 om 2.211e-05 r1 8.849e-03 r2 1.046e-02
[ 638] train th 1.348e-08 om 1.317e-05 r1 8.834e-03 r2 1.044e-02 | val th 2.317e-08 om 2.211e-05 r1 8.849e-03 r2 1.046e-02
[ 639] train th 1.347e-08 om 1.317e-05 r1 8.834e-03 r2 1.045e-02 | val th 2.311e-08 om 2.212e-05 r1 8.849e-03 r2 1.046e-02
[ 640] train th 1.348e-08 om 1.317e-05 r1 8.834e-03 r2 1.045e-02 | val th 2.310e-08 om 2.211e-05 r1 8.849e-03 r2 1.046e-02
[ 641] train th 1.347e-08 om 1.317e-05 r1 8.834e-03 r2 1.045e-02 | val th 2.317e-08 om 2.211e-05 r1 8.849e-03 r2 1.046e-02
[ 642] train th 1.347e-08 om 1.317e-05 r1 8.834e-03 r2 1.045e-02 | val th 2.314e-08 om 2.212e-05 r1 8.849e-03 r2 1.046e-02
[ 643] train th 1.347e-08 om 1.317e-05 r1 8.834e-03 r2 1.045e-02 | val th 2.314e-08 om 2.211e-05 r1 8.849e-03 r2 1.046e-02
[ 644] train th 1.348e-08 om 1.317e-05 r1 8.834e-03 r2 1.045e-02 | val th 2.312e-08 om 2.211e-05 r1 8.849e-03 r2 1.046e-02
[ 645] train th 1.348e-08 om 1.317e-05 r1 8.834e-03 r2 1.045e-02 | val th 2.315e-08 om 2.211e-05 r1 8.849e-03 r2 1.046e-02
[ 646] train th 1.348e-08 om 1.317e-05 r1 8.834e-03 r2 1.045e-02 | val th 2.310e-08 om 2.211e-05 r1 8.849e-03 r2 1.046e-02
[ 647] train th 1.346e-08 om 1.317e-05 r1 8.834e-03 r2 1.045e-02 | val th 2.312e-08 om 2.212e-05 r1 8.849e-03 r2 1.046e-02
[ 648] train th 1.348e-08 om 1.317e-05 r1 8.834e-03 r2 1.045e-02 | val th 2.312e-08 om 2.211e-05 r1 8.849e-03 r2 1.046e-02
[ 649] train th 1.348e-08 om 1.317e-05 r1 8.834e-03 r2 1.045e-02 | val th 2.311e-08 om 2.212e-05 r1 8.849e-03 r2 1.046e-02
[ 650] train th 1.348e-08 om 1.317e-05 r1 8.834e-03 r2 1.045e-02 | val th 2.317e-08 om 2.213e-05 r1 8.849e-03 r2 1.046e-02
[ 651] train th 1.348e-08 om 1.317e-05 r1 8.834e-03 r2 1.045e-02 | val th 2.312e-08 om 2.212e-05 r1 8.849e-03 r2 1.046e-02
[ 652] train th 1.347e-08 om 1.317e-05 r1 8.834e-03 r2 1.045e-02 | val th 2.311e-08 om 2.213e-05 r1 8.849e-03 r2 1.046e-02
[ 653] train th 1.348e-08 om 1.317e-05 r1 8.834e-03 r2 1.045e-02 | val th 2.313e-08 om 2.211e-05 r1 8.849e-03 r2 1.046e-02
[ 654] train th 1.347e-08 om 1.317e-05 r1 8.834e-03 r2 1.045e-02 | val th 2.313e-08 om 2.211e-05 r1 8.849e-03 r2 1.046e-02
[ 655] train th 1.347e-08 om 1.315e-05 r1 8.834e-03 r2 1.044e-02 | val th 2.311e-08 om 2.211e-05 r1 8.849e-03 r2 1.046e-02
[ 656] train th 1.347e-08 om 1.317e-05 r1 8.834e-03 r2 1.045e-02 | val th 2.310e-08 om 2.211e-05 r1 8.849e-03 r2 1.046e-02
[ 657] train th 1.348e-08 om 1.317e-05 r1 8.834e-03 r2 1.045e-02 | val th 2.316e-08 om 2.212e-05 r1 8.849e-03 r2 1.046e-02
[ 658] train th 1.349e-08 om 1.317e-05 r1 8.834e-03 r2 1.045e-02 | val th 2.312e-08 om 2.211e-05 r1 8.849e-03 r2 1.046e-02
[ 659] train th 1.348e-08 om 1.317e-05 r1 8.834e-03 r2 1.045e-02 | val th 2.314e-08 om 2.211e-05 r1 8.849e-03 r2 1.046e-02
[ 660] train th 1.348e-08 om 1.317e-05 r1 8.834e-03 r2 1.045e-02 | val th 2.313e-08 om 2.212e-05 r1 8.849e-03 r2 1.046e-02
[ 661] train th 1.347e-08 om 1.317e-05 r1 8.834e-03 r2 1.045e-02 | val th 2.316e-08 om 2.211e-05 r1 8.849e-03 r2 1.046e-02
[ 662] train th 1.346e-08 om 1.317e-05 r1 8.834e-03 r2 1.045e-02 | val th 2.312e-08 om 2.213e-05 r1 8.849e-03 r2 1.046e-02
[ 663] train th 1.348e-08 om 1.317e-05 r1 8.834e-03 r2 1.045e-02 | val th 2.311e-08 om 2.212e-05 r1 8.849e-03 r2 1.046e-02
[ 664] train th 1.346e-08 om 1.317e-05 r1 8.834e-03 r2 1.045e-02 | val th 2.314e-08 om 2.211e-05 r1 8.849e-03 r2 1.046e-02
[ 665] train th 1.348e-08 om 1.317e-05 r1 8.834e-03 r2 1.045e-02 | val th 2.312e-08 om 2.213e-05 r1 8.849e-03 r2 1.046e-02
[ 666] train th 1.347e-08 om 1.317e-05 r1 8.834e-03 r2 1.045e-02 | val th 2.311e-08 om 2.210e-05 r1 8.849e-03 r2 1.046e-02
[ 667] train th 1.346e-08 om 1.317e-05 r1 8.834e-03 r2 1.045e-02 | val th 2.314e-08 om 2.211e-05 r1 8.849e-03 r2 1.046e-02
[ 668] train th 1.347e-08 om 1.317e-05 r1 8.834e-03 r2 1.045e-02 | val th 2.310e-08 om 2.211e-05 r1 8.849e-03 r2 1.046e-02
[ 669] train th 1.347e-08 om 1.317e-05 r1 8.834e-03 r2 1.045e-02 | val th 2.314e-08 om 2.212e-05 r1 8.849e-03 r2 1.046e-02
[ 670] train th 1.348e-08 om 1.317e-05 r1 8.834e-03 r2 1.045e-02 | val th 2.310e-08 om 2.211e-05 r1 8.849e-03 r2 1.046e-02
[ 671] train th 1.347e-08 om 1.317e-05 r1 8.834e-03 r2 1.045e-02 | val th 2.314e-08 om 2.211e-05 r1 8.849e-03 r2 1.046e-02
[ 672] train th 1.347e-08 om 1.317e-05 r1 8.834e-03 r2 1.045e-02 | val th 2.314e-08 om 2.211e-05 r1 8.849e-03 r2 1.046e-02
[ 673] train th 1.347e-08 om 1.317e-05 r1 8.834e-03 r2 1.045e-02 | val th 2.310e-08 om 2.210e-05 r1 8.849e-03 r2 1.046e-02
[ 674] train th 1.347e-08 om 1.317e-05 r1 8.834e-03 r2 1.045e-02 | val th 2.311e-08 om 2.210e-05 r1 8.849e-03 r2 1.046e-02
[ 675] train th 1.347e-08 om 1.317e-05 r1 8.834e-03 r2 1.045e-02 | val th 2.311e-08 om 2.211e-05 r1 8.849e-03 r2 1.046e-02
[ 676] train th 1.348e-08 om 1.317e-05 r1 8.834e-03 r2 1.045e-02 | val th 2.312e-08 om 2.212e-05 r1 8.849e-03 r2 1.046e-02
early stop at 676 (best 636)
[famD_W40_n5000_W40_F4_mf503_wp0.3_s3sp0] rollout_full_rms 4.4793e-04  compounding 3.23x  (5138s)
=== seed 4 starting Thu Aug 20 01:50:49 CEST 2026 ===
/Users/andreasodontopoulos/Desktop/DTU/Summer_Internship_2026/PLL_Attempt/.venv/lib/python3.14/site-packages/pytorch_optimizer/optimizer/soap.py:164: UserWarning: The operator 'aten::_linalg_eigh.eigenvalues' is not currently supported on the MPS backend and will fall back to run on the CPU. This may have performance implications. (Triggered internally at /Users/runner/work/pytorch/pytorch/aten/src/ATen/mps/MPSFallback.mm:34.)
  _, q = torch.linalg.eigh(m + 1e-30 * torch.eye(m.shape[0], device=m.device, dtype=m.dtype))
theta 0 shape: torch.Size([200000]) theta_0 unsqueezed shape: torch.Size([200000, 1])
t shape: torch.Size([125]) t unsqueezed shape: torch.Size([1, 125])
device mps | 170000 train / 30000 val rows
mu=-0.0121 sd=5.4396 w_omega=3.5787e-02 | s1=6.158 rad/s  s2=67.969 rad/s^2
[famD_W40_n5000_W40_F4_mf503_wp0.3_s4sp0] arch=deeponet residual=eq4 output_dim=2 branch_in=378 trunk_in=9 params=45,696
[   1] train th 2.280e-03 om 4.296e+00 r1 6.154e-01 r2 5.535e-01 | val th 1.022e-04 om 1.403e-02 r1 2.011e-02 r2 2.416e-02  *
[   2] train th 3.911e-05 om 8.277e-03 r1 1.871e-02 r2 2.064e-02 | val th 2.307e-05 om 5.238e-03 r1 1.662e-02 r2 1.864e-02  *
[   3] train th 1.933e-05 om 5.411e-03 r1 1.519e-02 r2 1.676e-02 | val th 1.487e-05 om 5.331e-03 r1 1.412e-02 r2 1.595e-02  *
[   4] train th 2.477e-05 om 7.110e-03 r1 1.488e-02 r2 1.651e-02 | val th 2.282e-05 om 5.530e-03 r1 1.426e-02 r2 1.626e-02
[   5] train th 2.604e-05 om 9.206e-03 r1 1.448e-02 r2 1.610e-02 | val th 2.597e-05 om 5.246e-03 r1 1.420e-02 r2 1.589e-02
[   6] train th 2.589e-05 om 8.749e-03 r1 1.416e-02 r2 1.592e-02 | val th 2.039e-05 om 9.244e-03 r1 1.387e-02 r2 1.557e-02  *
[   7] train th 2.716e-05 om 8.569e-03 r1 1.383e-02 r2 1.566e-02 | val th 1.254e-05 om 6.510e-03 r1 1.338e-02 r2 1.520e-02  *
[   8] train th 3.032e-05 om 8.091e-03 r1 1.366e-02 r2 1.551e-02 | val th 2.161e-05 om 9.019e-03 r1 1.286e-02 r2 1.495e-02  *
[   9] train th 2.597e-05 om 8.635e-03 r1 1.342e-02 r2 1.527e-02 | val th 1.470e-05 om 4.958e-03 r1 1.328e-02 r2 1.524e-02
[  10] train th 2.385e-05 om 7.622e-03 r1 1.326e-02 r2 1.519e-02 | val th 3.126e-05 om 1.027e-02 r1 1.300e-02 r2 1.509e-02
[  11] train th 2.491e-05 om 8.370e-03 r1 1.333e-02 r2 1.525e-02 | val th 2.094e-05 om 5.325e-03 r1 1.316e-02 r2 1.496e-02  *
[  12] train th 2.389e-05 om 6.564e-03 r1 1.332e-02 r2 1.522e-02 | val th 1.473e-05 om 6.625e-03 r1 1.283e-02 r2 1.491e-02  *
[  13] train th 2.405e-05 om 6.850e-03 r1 1.311e-02 r2 1.508e-02 | val th 1.997e-05 om 5.323e-03 r1 1.395e-02 r2 1.564e-02
[  14] train th 2.933e-05 om 8.168e-03 r1 1.296e-02 r2 1.491e-02 | val th 7.924e-05 om 5.294e-03 r1 1.238e-02 r2 1.434e-02  *
[  15] train th 3.300e-05 om 7.707e-03 r1 1.264e-02 r2 1.448e-02 | val th 1.822e-05 om 6.643e-03 r1 1.312e-02 r2 1.447e-02
[  16] train th 2.832e-05 om 7.530e-03 r1 1.266e-02 r2 1.445e-02 | val th 2.557e-05 om 6.397e-03 r1 1.233e-02 r2 1.422e-02  *
[  17] train th 2.707e-05 om 7.669e-03 r1 1.253e-02 r2 1.437e-02 | val th 9.243e-06 om 6.569e-03 r1 1.244e-02 r2 1.423e-02
[  18] train th 2.357e-05 om 6.757e-03 r1 1.242e-02 r2 1.426e-02 | val th 4.252e-05 om 5.416e-03 r1 1.218e-02 r2 1.398e-02  *
[  19] train th 2.531e-05 om 6.417e-03 r1 1.235e-02 r2 1.419e-02 | val th 2.892e-05 om 6.359e-03 r1 1.242e-02 r2 1.427e-02
[  20] train th 2.481e-05 om 6.512e-03 r1 1.243e-02 r2 1.431e-02 | val th 4.729e-05 om 5.142e-03 r1 1.215e-02 r2 1.391e-02  *
[  21] train th 2.680e-05 om 7.128e-03 r1 1.241e-02 r2 1.425e-02 | val th 1.370e-05 om 7.566e-03 r1 1.191e-02 r2 1.385e-02  *
[  22] train th 2.203e-05 om 6.159e-03 r1 1.225e-02 r2 1.411e-02 | val th 1.773e-05 om 6.500e-03 r1 1.214e-02 r2 1.402e-02
[  23] train th 2.500e-05 om 5.078e-03 r1 1.227e-02 r2 1.416e-02 | val th 3.253e-05 om 6.131e-03 r1 1.224e-02 r2 1.409e-02
[  24] train th 2.524e-05 om 5.411e-03 r1 1.235e-02 r2 1.421e-02 | val th 2.301e-05 om 5.927e-03 r1 1.241e-02 r2 1.403e-02
[  25] train th 2.452e-05 om 6.657e-03 r1 1.220e-02 r2 1.407e-02 | val th 4.435e-05 om 5.839e-03 r1 1.202e-02 r2 1.386e-02
[  26] train th 1.949e-05 om 5.293e-03 r1 1.226e-02 r2 1.412e-02 | val th 2.200e-05 om 8.934e-03 r1 1.216e-02 r2 1.408e-02
[  27] train th 2.952e-05 om 6.971e-03 r1 1.218e-02 r2 1.406e-02 | val th 3.006e-05 om 3.748e-03 r1 1.179e-02 r2 1.382e-02  *
[  28] train th 2.594e-05 om 5.779e-03 r1 1.214e-02 r2 1.398e-02 | val th 2.343e-05 om 6.017e-03 r1 1.188e-02 r2 1.380e-02
[  29] train th 2.595e-05 om 6.106e-03 r1 1.210e-02 r2 1.394e-02 | val th 5.802e-05 om 4.905e-03 r1 1.234e-02 r2 1.390e-02
[  30] train th 2.481e-05 om 6.205e-03 r1 1.196e-02 r2 1.377e-02 | val th 2.239e-05 om 4.728e-03 r1 1.184e-02 r2 1.374e-02
[  31] train th 2.667e-05 om 6.003e-03 r1 1.207e-02 r2 1.390e-02 | val th 3.118e-05 om 6.317e-03 r1 1.209e-02 r2 1.396e-02
[  32] train th 2.793e-05 om 6.124e-03 r1 1.195e-02 r2 1.381e-02 | val th 2.938e-05 om 4.310e-03 r1 1.178e-02 r2 1.375e-02  *
[  33] train th 2.572e-05 om 6.413e-03 r1 1.205e-02 r2 1.386e-02 | val th 2.699e-05 om 4.557e-03 r1 1.208e-02 r2 1.390e-02
[  34] train th 2.315e-05 om 6.313e-03 r1 1.189e-02 r2 1.373e-02 | val th 1.391e-05 om 6.827e-03 r1 1.168e-02 r2 1.345e-02  *
[  35] train th 3.116e-05 om 7.648e-03 r1 1.200e-02 r2 1.383e-02 | val th 3.191e-05 om 6.525e-03 r1 1.210e-02 r2 1.391e-02
[  36] train th 2.628e-05 om 7.138e-03 r1 1.186e-02 r2 1.369e-02 | val th 2.492e-05 om 4.865e-03 r1 1.193e-02 r2 1.381e-02
[  37] train th 2.862e-05 om 6.522e-03 r1 1.203e-02 r2 1.384e-02 | val th 1.860e-05 om 5.603e-03 r1 1.177e-02 r2 1.372e-02
[  38] train th 2.915e-05 om 6.896e-03 r1 1.183e-02 r2 1.369e-02 | val th 2.795e-05 om 6.550e-03 r1 1.187e-02 r2 1.381e-02
[  39] train th 2.773e-05 om 7.363e-03 r1 1.192e-02 r2 1.374e-02 | val th 2.389e-05 om 8.325e-03 r1 1.191e-02 r2 1.371e-02
[  40] train th 2.814e-05 om 6.884e-03 r1 1.194e-02 r2 1.377e-02 | val th 2.545e-05 om 6.651e-03 r1 1.172e-02 r2 1.353e-02
[  41] train th 2.870e-05 om 6.386e-03 r1 1.182e-02 r2 1.363e-02 | val th 3.291e-05 om 6.297e-03 r1 1.147e-02 r2 1.342e-02  *
[  42] train th 2.781e-05 om 6.717e-03 r1 1.181e-02 r2 1.368e-02 | val th 2.736e-05 om 7.385e-03 r1 1.159e-02 r2 1.347e-02
[  43] train th 2.939e-05 om 6.063e-03 r1 1.192e-02 r2 1.380e-02 | val th 2.805e-05 om 6.856e-03 r1 1.196e-02 r2 1.366e-02
[  44] train th 2.572e-05 om 6.739e-03 r1 1.171e-02 r2 1.359e-02 | val th 2.597e-05 om 7.979e-03 r1 1.152e-02 r2 1.349e-02
[  45] train th 2.614e-05 om 6.189e-03 r1 1.168e-02 r2 1.361e-02 | val th 2.894e-05 om 5.588e-03 r1 1.159e-02 r2 1.352e-02
[  46] train th 2.624e-05 om 6.714e-03 r1 1.165e-02 r2 1.351e-02 | val th 2.149e-05 om 4.543e-03 r1 1.172e-02 r2 1.379e-02
[  47] train th 2.538e-05 om 6.179e-03 r1 1.183e-02 r2 1.372e-02 | val th 2.270e-05 om 5.709e-03 r1 1.150e-02 r2 1.342e-02  *
[  48] train th 2.835e-05 om 6.213e-03 r1 1.172e-02 r2 1.363e-02 | val th 1.524e-05 om 3.995e-03 r1 1.186e-02 r2 1.360e-02
[  49] train th 2.658e-05 om 5.950e-03 r1 1.166e-02 r2 1.358e-02 | val th 1.476e-05 om 3.559e-03 r1 1.160e-02 r2 1.361e-02
[  50] train th 2.663e-05 om 5.505e-03 r1 1.160e-02 r2 1.350e-02 | val th 3.384e-05 om 9.138e-03 r1 1.162e-02 r2 1.348e-02
[  51] train th 2.747e-05 om 6.419e-03 r1 1.165e-02 r2 1.353e-02 | val th 1.735e-05 om 6.018e-03 r1 1.138e-02 r2 1.330e-02  *
[  52] train th 2.731e-05 om 7.531e-03 r1 1.146e-02 r2 1.332e-02 | val th 1.070e-05 om 9.647e-03 r1 1.133e-02 r2 1.314e-02
[  53] train th 2.418e-05 om 6.974e-03 r1 1.136e-02 r2 1.320e-02 | val th 2.104e-05 om 8.562e-03 r1 1.146e-02 r2 1.330e-02
[  54] train th 2.892e-05 om 6.293e-03 r1 1.153e-02 r2 1.338e-02 | val th 3.595e-05 om 5.309e-03 r1 1.138e-02 r2 1.313e-02  *
[  55] train th 2.706e-05 om 6.263e-03 r1 1.132e-02 r2 1.319e-02 | val th 2.079e-05 om 5.023e-03 r1 1.102e-02 r2 1.286e-02  *
[  56] train th 2.397e-05 om 6.510e-03 r1 1.126e-02 r2 1.313e-02 | val th 2.968e-05 om 6.854e-03 r1 1.103e-02 r2 1.300e-02
[  57] train th 2.853e-05 om 5.511e-03 r1 1.110e-02 r2 1.291e-02 | val th 1.706e-05 om 3.821e-03 r1 1.105e-02 r2 1.282e-02  *
[  58] train th 2.458e-05 om 6.240e-03 r1 1.112e-02 r2 1.291e-02 | val th 3.085e-05 om 7.646e-03 r1 1.117e-02 r2 1.303e-02
[  59] train th 2.713e-05 om 6.940e-03 r1 1.105e-02 r2 1.279e-02 | val th 1.791e-05 om 8.171e-03 r1 1.104e-02 r2 1.281e-02
[  60] train th 2.772e-05 om 6.809e-03 r1 1.093e-02 r2 1.268e-02 | val th 2.335e-05 om 6.133e-03 r1 1.098e-02 r2 1.275e-02
[  61] train th 2.415e-05 om 5.401e-03 r1 1.103e-02 r2 1.277e-02 | val th 5.905e-05 om 3.716e-03 r1 1.127e-02 r2 1.300e-02
[  62] train th 2.437e-05 om 5.522e-03 r1 1.109e-02 r2 1.282e-02 | val th 2.013e-05 om 5.472e-03 r1 1.100e-02 r2 1.280e-02
[  63] train th 2.449e-05 om 5.716e-03 r1 1.104e-02 r2 1.278e-02 | val th 1.460e-05 om 6.382e-03 r1 1.123e-02 r2 1.285e-02
[  64] train th 2.540e-05 om 6.224e-03 r1 1.099e-02 r2 1.274e-02 | val th 4.390e-05 om 4.586e-03 r1 1.097e-02 r2 1.282e-02
[  65] train th 2.588e-05 om 6.085e-03 r1 1.087e-02 r2 1.261e-02 | val th 1.711e-05 om 5.308e-03 r1 1.122e-02 r2 1.313e-02
[  66] train th 2.487e-05 om 6.554e-03 r1 1.090e-02 r2 1.263e-02 | val th 2.680e-05 om 7.280e-03 r1 1.086e-02 r2 1.262e-02
[  67] train th 2.393e-05 om 5.904e-03 r1 1.086e-02 r2 1.257e-02 | val th 1.797e-05 om 7.053e-03 r1 1.078e-02 r2 1.245e-02  *
[  68] train th 2.508e-05 om 6.913e-03 r1 1.089e-02 r2 1.263e-02 | val th 3.551e-05 om 1.024e-02 r1 1.109e-02 r2 1.266e-02
[  69] train th 2.864e-05 om 6.553e-03 r1 1.083e-02 r2 1.258e-02 | val th 3.785e-05 om 8.609e-03 r1 1.075e-02 r2 1.254e-02
[  70] train th 2.514e-05 om 5.285e-03 r1 1.084e-02 r2 1.258e-02 | val th 1.671e-05 om 5.498e-03 r1 1.083e-02 r2 1.252e-02  *
[  71] train th 2.448e-05 om 6.004e-03 r1 1.092e-02 r2 1.268e-02 | val th 1.434e-05 om 5.244e-03 r1 1.090e-02 r2 1.276e-02
[  72] train th 2.599e-05 om 6.070e-03 r1 1.076e-02 r2 1.252e-02 | val th 1.939e-05 om 6.726e-03 r1 1.098e-02 r2 1.262e-02
[  73] train th 2.862e-05 om 7.087e-03 r1 1.088e-02 r2 1.262e-02 | val th 2.671e-05 om 5.569e-03 r1 1.067e-02 r2 1.248e-02  *
[  74] train th 2.545e-05 om 5.612e-03 r1 1.097e-02 r2 1.273e-02 | val th 2.150e-05 om 6.322e-03 r1 1.168e-02 r2 1.307e-02
[  75] train th 3.045e-05 om 7.093e-03 r1 1.091e-02 r2 1.266e-02 | val th 3.428e-05 om 6.254e-03 r1 1.086e-02 r2 1.270e-02
[  76] train th 2.474e-05 om 5.635e-03 r1 1.091e-02 r2 1.266e-02 | val th 2.038e-05 om 5.689e-03 r1 1.095e-02 r2 1.268e-02
[  77] train th 2.478e-05 om 4.910e-03 r1 1.077e-02 r2 1.251e-02 | val th 2.956e-05 om 8.520e-03 r1 1.077e-02 r2 1.257e-02
[  78] train th 2.567e-05 om 6.415e-03 r1 1.083e-02 r2 1.258e-02 | val th 2.689e-05 om 4.701e-03 r1 1.055e-02 r2 1.242e-02  *
[  79] train th 2.288e-05 om 6.489e-03 r1 1.075e-02 r2 1.249e-02 | val th 2.894e-05 om 6.987e-03 r1 1.065e-02 r2 1.245e-02
[  80] train th 2.325e-05 om 6.088e-03 r1 1.097e-02 r2 1.272e-02 | val th 2.626e-05 om 3.471e-03 r1 1.083e-02 r2 1.262e-02
[  81] train th 2.382e-05 om 6.196e-03 r1 1.085e-02 r2 1.260e-02 | val th 1.980e-05 om 6.353e-03 r1 1.092e-02 r2 1.265e-02
[  82] train th 2.221e-05 om 5.522e-03 r1 1.087e-02 r2 1.261e-02 | val th 2.199e-05 om 6.267e-03 r1 1.083e-02 r2 1.257e-02
[  83] train th 2.534e-05 om 5.997e-03 r1 1.072e-02 r2 1.248e-02 | val th 1.469e-05 om 4.601e-03 r1 1.069e-02 r2 1.236e-02
[  84] train th 2.608e-05 om 6.206e-03 r1 1.074e-02 r2 1.246e-02 | val th 1.646e-05 om 3.725e-03 r1 1.077e-02 r2 1.244e-02
[  85] train th 2.525e-05 om 6.109e-03 r1 1.072e-02 r2 1.247e-02 | val th 4.379e-05 om 7.910e-03 r1 1.069e-02 r2 1.247e-02
[  86] train th 2.227e-05 om 5.567e-03 r1 1.080e-02 r2 1.255e-02 | val th 1.019e-05 om 2.846e-03 r1 1.116e-02 r2 1.274e-02
[  87] train th 2.155e-05 om 5.739e-03 r1 1.080e-02 r2 1.255e-02 | val th 2.825e-05 om 9.357e-03 r1 1.077e-02 r2 1.240e-02
[  88] train th 2.442e-05 om 6.750e-03 r1 1.081e-02 r2 1.256e-02 | val th 2.994e-05 om 4.633e-03 r1 1.057e-02 r2 1.240e-02  *
[  89] train th 2.456e-05 om 5.588e-03 r1 1.068e-02 r2 1.243e-02 | val th 1.231e-05 om 6.489e-03 r1 1.078e-02 r2 1.249e-02
[  90] train th 2.564e-05 om 5.960e-03 r1 1.065e-02 r2 1.240e-02 | val th 3.019e-05 om 6.902e-03 r1 1.063e-02 r2 1.233e-02
[  91] train th 2.611e-05 om 6.770e-03 r1 1.072e-02 r2 1.247e-02 | val th 3.136e-05 om 4.608e-03 r1 1.081e-02 r2 1.258e-02
[  92] train th 2.450e-05 om 5.846e-03 r1 1.067e-02 r2 1.244e-02 | val th 2.010e-05 om 5.713e-03 r1 1.090e-02 r2 1.255e-02
[  93] train th 2.411e-05 om 5.073e-03 r1 1.072e-02 r2 1.246e-02 | val th 2.466e-05 om 4.533e-03 r1 1.095e-02 r2 1.267e-02
[  94] train th 2.641e-05 om 5.975e-03 r1 1.082e-02 r2 1.258e-02 | val th 3.084e-05 om 6.659e-03 r1 1.080e-02 r2 1.254e-02
[  95] train th 2.646e-05 om 6.164e-03 r1 1.077e-02 r2 1.253e-02 | val th 3.431e-05 om 7.435e-03 r1 1.085e-02 r2 1.264e-02
[  96] train th 2.530e-05 om 5.251e-03 r1 1.075e-02 r2 1.251e-02 | val th 5.154e-05 om 5.287e-03 r1 1.061e-02 r2 1.241e-02
[  97] train th 2.444e-05 om 5.673e-03 r1 1.069e-02 r2 1.243e-02 | val th 2.884e-05 om 4.779e-03 r1 1.054e-02 r2 1.227e-02  *
[  98] train th 2.463e-05 om 4.984e-03 r1 1.078e-02 r2 1.251e-02 | val th 1.768e-05 om 4.705e-03 r1 1.082e-02 r2 1.264e-02
[  99] train th 2.613e-05 om 5.627e-03 r1 1.071e-02 r2 1.248e-02 | val th 1.881e-05 om 3.585e-03 r1 1.088e-02 r2 1.267e-02
[ 100] train th 2.580e-05 om 4.772e-03 r1 1.063e-02 r2 1.239e-02 | val th 1.970e-05 om 3.378e-03 r1 1.056e-02 r2 1.233e-02  *
[ 101] train th 2.466e-05 om 5.485e-03 r1 1.070e-02 r2 1.245e-02 | val th 3.029e-05 om 4.972e-03 r1 1.079e-02 r2 1.246e-02
[ 102] train th 2.738e-05 om 4.689e-03 r1 1.078e-02 r2 1.252e-02 | val th 1.556e-05 om 3.002e-03 r1 1.070e-02 r2 1.240e-02
[ 103] train th 2.160e-05 om 4.636e-03 r1 1.073e-02 r2 1.246e-02 | val th 2.378e-05 om 3.476e-03 r1 1.066e-02 r2 1.243e-02
[ 104] train th 2.804e-05 om 5.770e-03 r1 1.068e-02 r2 1.244e-02 | val th 2.610e-05 om 8.022e-03 r1 1.110e-02 r2 1.275e-02
[ 105] train th 2.405e-05 om 5.147e-03 r1 1.072e-02 r2 1.247e-02 | val th 2.494e-05 om 3.938e-03 r1 1.077e-02 r2 1.259e-02
[ 106] train th 2.664e-05 om 5.917e-03 r1 1.076e-02 r2 1.253e-02 | val th 2.929e-05 om 7.659e-03 r1 1.083e-02 r2 1.267e-02
[ 107] train th 2.404e-05 om 5.416e-03 r1 1.077e-02 r2 1.252e-02 | val th 1.705e-05 om 5.544e-03 r1 1.071e-02 r2 1.240e-02
[ 108] train th 2.796e-05 om 5.095e-03 r1 1.066e-02 r2 1.243e-02 | val th 4.788e-05 om 6.553e-03 r1 1.080e-02 r2 1.263e-02
[ 109] train th 2.574e-05 om 4.903e-03 r1 1.070e-02 r2 1.243e-02 | val th 1.746e-05 om 4.850e-03 r1 1.071e-02 r2 1.243e-02
[ 110] train th 2.728e-05 om 5.961e-03 r1 1.073e-02 r2 1.247e-02 | val th 9.645e-06 om 4.525e-03 r1 1.057e-02 r2 1.237e-02
[ 111] train th 2.424e-05 om 4.827e-03 r1 1.066e-02 r2 1.242e-02 | val th 2.505e-05 om 6.026e-03 r1 1.071e-02 r2 1.246e-02
[ 112] train th 2.486e-05 om 5.891e-03 r1 1.065e-02 r2 1.239e-02 | val th 1.774e-05 om 6.096e-03 r1 1.067e-02 r2 1.249e-02
[ 113] train th 2.516e-05 om 5.856e-03 r1 1.067e-02 r2 1.241e-02 | val th 1.751e-05 om 4.611e-03 r1 1.058e-02 r2 1.242e-02
[ 114] train th 2.688e-05 om 5.094e-03 r1 1.081e-02 r2 1.259e-02 | val th 2.557e-05 om 5.052e-03 r1 1.099e-02 r2 1.250e-02
[ 115] train th 1.008e-05 om 2.644e-03 r1 1.017e-02 r2 1.192e-02 | val th 1.160e-05 om 2.277e-03 r1 1.006e-02 r2 1.182e-02  *
[ 116] train th 8.417e-06 om 2.139e-03 r1 1.005e-02 r2 1.180e-02 | val th 1.013e-05 om 2.182e-03 r1 1.008e-02 r2 1.184e-02
[ 117] train th 8.934e-06 om 1.890e-03 r1 1.004e-02 r2 1.179e-02 | val th 3.355e-06 om 2.249e-03 r1 1.004e-02 r2 1.183e-02  *
[ 118] train th 8.267e-06 om 1.825e-03 r1 1.000e-02 r2 1.176e-02 | val th 3.840e-06 om 1.738e-03 r1 9.989e-03 r2 1.176e-02  *
[ 119] train th 9.070e-06 om 1.959e-03 r1 9.990e-03 r2 1.173e-02 | val th 1.384e-05 om 1.897e-03 r1 9.944e-03 r2 1.168e-02  *
[ 120] train th 8.552e-06 om 1.771e-03 r1 9.963e-03 r2 1.171e-02 | val th 9.461e-06 om 1.731e-03 r1 9.896e-03 r2 1.168e-02  *
[ 121] train th 8.089e-06 om 1.653e-03 r1 9.983e-03 r2 1.174e-02 | val th 6.817e-06 om 1.397e-03 r1 1.003e-02 r2 1.178e-02
[ 122] train th 7.559e-06 om 1.878e-03 r1 9.970e-03 r2 1.173e-02 | val th 1.231e-05 om 2.662e-03 r1 9.944e-03 r2 1.174e-02
[ 123] train th 8.068e-06 om 1.927e-03 r1 9.976e-03 r2 1.174e-02 | val th 7.095e-06 om 1.562e-03 r1 1.008e-02 r2 1.183e-02
[ 124] train th 7.738e-06 om 1.641e-03 r1 9.999e-03 r2 1.176e-02 | val th 9.834e-06 om 2.498e-03 r1 1.001e-02 r2 1.174e-02
[ 125] train th 8.091e-06 om 1.785e-03 r1 9.976e-03 r2 1.174e-02 | val th 4.649e-06 om 1.873e-03 r1 9.907e-03 r2 1.168e-02
[ 126] train th 7.945e-06 om 2.045e-03 r1 1.000e-02 r2 1.176e-02 | val th 6.541e-06 om 1.762e-03 r1 1.012e-02 r2 1.186e-02
[ 127] train th 8.071e-06 om 1.548e-03 r1 9.974e-03 r2 1.174e-02 | val th 8.739e-06 om 1.696e-03 r1 9.977e-03 r2 1.176e-02
[ 128] train th 7.191e-06 om 1.733e-03 r1 9.938e-03 r2 1.169e-02 | val th 6.078e-06 om 1.104e-03 r1 9.958e-03 r2 1.174e-02
[ 129] train th 7.585e-06 om 1.711e-03 r1 9.937e-03 r2 1.170e-02 | val th 2.884e-06 om 1.506e-03 r1 9.985e-03 r2 1.179e-02
[ 130] train th 8.054e-06 om 1.871e-03 r1 9.965e-03 r2 1.173e-02 | val th 4.373e-06 om 1.270e-03 r1 9.937e-03 r2 1.171e-02
[ 131] train th 6.423e-06 om 1.767e-03 r1 9.923e-03 r2 1.170e-02 | val th 8.679e-06 om 2.424e-03 r1 1.002e-02 r2 1.180e-02
[ 132] train th 8.078e-06 om 2.023e-03 r1 9.914e-03 r2 1.170e-02 | val th 6.700e-06 om 1.551e-03 r1 9.930e-03 r2 1.166e-02  *
[ 133] train th 8.296e-06 om 1.831e-03 r1 9.853e-03 r2 1.163e-02 | val th 4.567e-06 om 1.528e-03 r1 9.821e-03 r2 1.162e-02  *
[ 134] train th 8.802e-06 om 1.925e-03 r1 9.826e-03 r2 1.157e-02 | val th 9.547e-06 om 2.181e-03 r1 9.857e-03 r2 1.160e-02
[ 135] train th 7.752e-06 om 1.635e-03 r1 9.831e-03 r2 1.155e-02 | val th 5.856e-06 om 1.990e-03 r1 9.815e-03 r2 1.156e-02  *
[ 136] train th 8.394e-06 om 1.711e-03 r1 9.793e-03 r2 1.151e-02 | val th 7.428e-06 om 1.517e-03 r1 9.862e-03 r2 1.160e-02
[ 137] train th 7.694e-06 om 1.852e-03 r1 9.799e-03 r2 1.151e-02 | val th 1.028e-05 om 2.352e-03 r1 9.854e-03 r2 1.164e-02
[ 138] train th 8.322e-06 om 1.728e-03 r1 9.786e-03 r2 1.150e-02 | val th 2.107e-05 om 2.184e-03 r1 9.871e-03 r2 1.157e-02
[ 139] train th 7.636e-06 om 1.744e-03 r1 9.810e-03 r2 1.152e-02 | val th 3.891e-06 om 1.503e-03 r1 9.893e-03 r2 1.157e-02
[ 140] train th 7.137e-06 om 1.487e-03 r1 9.781e-03 r2 1.149e-02 | val th 8.620e-06 om 1.019e-03 r1 9.744e-03 r2 1.152e-02  *
[ 141] train th 8.391e-06 om 1.717e-03 r1 9.762e-03 r2 1.147e-02 | val th 6.745e-06 om 1.619e-03 r1 9.821e-03 r2 1.156e-02
[ 142] train th 8.290e-06 om 1.600e-03 r1 9.810e-03 r2 1.152e-02 | val th 7.483e-06 om 1.755e-03 r1 9.759e-03 r2 1.145e-02
[ 143] train th 7.524e-06 om 1.606e-03 r1 9.817e-03 r2 1.152e-02 | val th 6.753e-06 om 1.383e-03 r1 9.979e-03 r2 1.167e-02
[ 144] train th 8.349e-06 om 1.818e-03 r1 9.797e-03 r2 1.150e-02 | val th 6.013e-06 om 1.890e-03 r1 9.746e-03 r2 1.145e-02
[ 145] train th 8.247e-06 om 1.789e-03 r1 9.761e-03 r2 1.146e-02 | val th 8.365e-06 om 1.610e-03 r1 9.695e-03 r2 1.143e-02  *
[ 146] train th 7.328e-06 om 1.576e-03 r1 9.763e-03 r2 1.147e-02 | val th 4.408e-06 om 1.731e-03 r1 9.762e-03 r2 1.150e-02
[ 147] train th 7.392e-06 om 1.456e-03 r1 9.798e-03 r2 1.150e-02 | val th 6.403e-06 om 1.214e-03 r1 9.781e-03 r2 1.151e-02
[ 148] train th 7.926e-06 om 1.549e-03 r1 9.775e-03 r2 1.149e-02 | val th 5.380e-06 om 1.849e-03 r1 9.864e-03 r2 1.157e-02
[ 149] train th 7.936e-06 om 1.716e-03 r1 9.782e-03 r2 1.149e-02 | val th 1.015e-05 om 1.032e-03 r1 9.836e-03 r2 1.153e-02
[ 150] train th 6.500e-06 om 1.631e-03 r1 9.776e-03 r2 1.147e-02 | val th 7.219e-06 om 1.633e-03 r1 9.800e-03 r2 1.156e-02
[ 151] train th 7.329e-06 om 1.769e-03 r1 9.765e-03 r2 1.146e-02 | val th 7.123e-06 om 1.339e-03 r1 9.912e-03 r2 1.167e-02
[ 152] train th 8.339e-06 om 1.527e-03 r1 9.776e-03 r2 1.148e-02 | val th 1.268e-05 om 1.029e-03 r1 9.746e-03 r2 1.144e-02
[ 153] train th 8.000e-06 om 1.843e-03 r1 9.758e-03 r2 1.147e-02 | val th 6.935e-06 om 1.846e-03 r1 9.745e-03 r2 1.145e-02
[ 154] train th 7.766e-06 om 2.154e-03 r1 9.737e-03 r2 1.144e-02 | val th 5.786e-06 om 1.596e-03 r1 9.791e-03 r2 1.153e-02
[ 155] train th 9.207e-06 om 1.934e-03 r1 9.749e-03 r2 1.145e-02 | val th 8.751e-06 om 1.416e-03 r1 9.808e-03 r2 1.155e-02
[ 156] train th 8.691e-06 om 1.920e-03 r1 9.769e-03 r2 1.147e-02 | val th 9.422e-06 om 1.717e-03 r1 9.768e-03 r2 1.152e-02
[ 157] train th 8.261e-06 om 1.657e-03 r1 9.743e-03 r2 1.146e-02 | val th 3.908e-06 om 1.424e-03 r1 9.753e-03 r2 1.147e-02
[ 158] train th 9.262e-06 om 1.718e-03 r1 9.756e-03 r2 1.147e-02 | val th 8.372e-06 om 2.484e-03 r1 9.773e-03 r2 1.151e-02
[ 159] train th 8.468e-06 om 1.825e-03 r1 9.702e-03 r2 1.141e-02 | val th 6.080e-06 om 1.366e-03 r1 1.003e-02 r2 1.178e-02
[ 160] train th 3.196e-06 om 8.365e-04 r1 9.524e-03 r2 1.124e-02 | val th 2.827e-06 om 5.023e-04 r1 9.472e-03 r2 1.120e-02  *
[ 161] train th 3.145e-06 om 6.835e-04 r1 9.430e-03 r2 1.113e-02 | val th 1.629e-06 om 7.505e-04 r1 9.437e-03 r2 1.114e-02  *
[ 162] train th 2.901e-06 om 6.050e-04 r1 9.411e-03 r2 1.111e-02 | val th 1.665e-06 om 6.332e-04 r1 9.441e-03 r2 1.114e-02  *
[ 163] train th 3.163e-06 om 7.227e-04 r1 9.402e-03 r2 1.110e-02 | val th 1.669e-06 om 5.495e-04 r1 9.380e-03 r2 1.108e-02  *
[ 164] train th 2.751e-06 om 6.765e-04 r1 9.369e-03 r2 1.106e-02 | val th 3.671e-06 om 8.360e-04 r1 9.372e-03 r2 1.107e-02
[ 165] train th 3.130e-06 om 7.693e-04 r1 9.364e-03 r2 1.105e-02 | val th 3.050e-06 om 9.155e-04 r1 9.388e-03 r2 1.106e-02
[ 166] train th 2.983e-06 om 6.675e-04 r1 9.373e-03 r2 1.105e-02 | val th 1.824e-06 om 6.389e-04 r1 9.380e-03 r2 1.107e-02
[ 167] train th 2.998e-06 om 6.395e-04 r1 9.355e-03 r2 1.103e-02 | val th 1.871e-06 om 6.595e-04 r1 9.369e-03 r2 1.106e-02  *
[ 168] train th 3.171e-06 om 6.840e-04 r1 9.362e-03 r2 1.103e-02 | val th 4.743e-06 om 6.364e-04 r1 9.349e-03 r2 1.102e-02  *
[ 169] train th 3.006e-06 om 7.807e-04 r1 9.362e-03 r2 1.103e-02 | val th 1.565e-06 om 5.569e-04 r1 9.320e-03 r2 1.100e-02  *
[ 170] train th 2.814e-06 om 6.482e-04 r1 9.343e-03 r2 1.101e-02 | val th 2.289e-06 om 4.660e-04 r1 9.359e-03 r2 1.102e-02
[ 171] train th 2.908e-06 om 5.904e-04 r1 9.357e-03 r2 1.102e-02 | val th 1.390e-06 om 6.220e-04 r1 9.431e-03 r2 1.113e-02
[ 172] train th 2.810e-06 om 6.616e-04 r1 9.356e-03 r2 1.103e-02 | val th 4.065e-06 om 7.400e-04 r1 9.348e-03 r2 1.100e-02
[ 173] train th 3.040e-06 om 7.069e-04 r1 9.331e-03 r2 1.100e-02 | val th 1.736e-06 om 4.642e-04 r1 9.352e-03 r2 1.100e-02
[ 174] train th 2.491e-06 om 5.443e-04 r1 9.335e-03 r2 1.100e-02 | val th 4.942e-06 om 4.601e-04 r1 9.357e-03 r2 1.102e-02
[ 175] train th 2.796e-06 om 5.346e-04 r1 9.336e-03 r2 1.100e-02 | val th 2.482e-06 om 5.160e-04 r1 9.336e-03 r2 1.100e-02
[ 176] train th 2.406e-06 om 4.939e-04 r1 9.314e-03 r2 1.098e-02 | val th 2.631e-06 om 6.765e-04 r1 9.375e-03 r2 1.106e-02
[ 177] train th 3.375e-06 om 6.596e-04 r1 9.358e-03 r2 1.102e-02 | val th 4.442e-06 om 8.095e-04 r1 9.384e-03 r2 1.105e-02
[ 178] train th 2.999e-06 om 6.695e-04 r1 9.339e-03 r2 1.100e-02 | val th 2.410e-06 om 6.197e-04 r1 9.367e-03 r2 1.102e-02
[ 179] train th 2.531e-06 om 5.954e-04 r1 9.321e-03 r2 1.098e-02 | val th 2.736e-06 om 8.111e-04 r1 9.360e-03 r2 1.103e-02
[ 180] train th 2.641e-06 om 6.339e-04 r1 9.345e-03 r2 1.101e-02 | val th 2.003e-06 om 5.097e-04 r1 9.344e-03 r2 1.102e-02
[ 181] train th 2.651e-06 om 5.202e-04 r1 9.331e-03 r2 1.099e-02 | val th 5.223e-06 om 5.831e-04 r1 9.345e-03 r2 1.105e-02
[ 182] train th 2.905e-06 om 5.746e-04 r1 9.332e-03 r2 1.099e-02 | val th 4.287e-06 om 7.272e-04 r1 9.362e-03 r2 1.104e-02
[ 183] train th 2.754e-06 om 5.334e-04 r1 9.329e-03 r2 1.099e-02 | val th 3.024e-06 om 5.309e-04 r1 9.338e-03 r2 1.101e-02
[ 184] train th 1.694e-06 om 3.748e-04 r1 9.238e-03 r2 1.090e-02 | val th 1.415e-06 om 3.663e-04 r1 9.251e-03 r2 1.092e-02  *
[ 185] train th 1.374e-06 om 2.962e-04 r1 9.226e-03 r2 1.089e-02 | val th 8.050e-07 om 2.615e-04 r1 9.247e-03 r2 1.091e-02  *
[ 186] train th 1.173e-06 om 2.704e-04 r1 9.220e-03 r2 1.089e-02 | val th 1.513e-06 om 3.292e-04 r1 9.248e-03 r2 1.092e-02
[ 187] train th 1.304e-06 om 2.687e-04 r1 9.214e-03 r2 1.088e-02 | val th 1.455e-06 om 2.476e-04 r1 9.249e-03 r2 1.091e-02
[ 188] train th 1.051e-06 om 2.594e-04 r1 9.222e-03 r2 1.089e-02 | val th 1.315e-06 om 2.193e-04 r1 9.245e-03 r2 1.091e-02  *
[ 189] train th 1.405e-06 om 2.533e-04 r1 9.214e-03 r2 1.088e-02 | val th 7.045e-07 om 2.134e-04 r1 9.245e-03 r2 1.090e-02  *
[ 190] train th 1.202e-06 om 2.520e-04 r1 9.214e-03 r2 1.088e-02 | val th 9.646e-07 om 2.553e-04 r1 9.228e-03 r2 1.089e-02  *
[ 191] train th 1.267e-06 om 2.528e-04 r1 9.214e-03 r2 1.088e-02 | val th 1.018e-06 om 3.112e-04 r1 9.218e-03 r2 1.090e-02
[ 192] train th 1.191e-06 om 3.041e-04 r1 9.213e-03 r2 1.088e-02 | val th 1.103e-06 om 2.334e-04 r1 9.218e-03 r2 1.088e-02  *
[ 193] train th 9.659e-07 om 3.072e-04 r1 9.205e-03 r2 1.087e-02 | val th 1.499e-06 om 4.292e-04 r1 9.228e-03 r2 1.089e-02
[ 194] train th 1.217e-06 om 2.685e-04 r1 9.205e-03 r2 1.087e-02 | val th 1.000e-06 om 2.116e-04 r1 9.227e-03 r2 1.089e-02
[ 195] train th 1.149e-06 om 2.462e-04 r1 9.206e-03 r2 1.087e-02 | val th 1.333e-06 om 3.146e-04 r1 9.235e-03 r2 1.089e-02
[ 196] train th 1.087e-06 om 2.327e-04 r1 9.205e-03 r2 1.087e-02 | val th 2.330e-06 om 2.957e-04 r1 9.222e-03 r2 1.089e-02
[ 197] train th 1.076e-06 om 2.347e-04 r1 9.205e-03 r2 1.087e-02 | val th 7.241e-07 om 2.143e-04 r1 9.217e-03 r2 1.089e-02
[ 198] train th 1.240e-06 om 2.207e-04 r1 9.200e-03 r2 1.086e-02 | val th 7.219e-07 om 2.764e-04 r1 9.224e-03 r2 1.088e-02
[ 199] train th 9.541e-07 om 2.209e-04 r1 9.200e-03 r2 1.086e-02 | val th 7.950e-07 om 1.984e-04 r1 9.234e-03 r2 1.090e-02
[ 200] train th 1.169e-06 om 2.413e-04 r1 9.207e-03 r2 1.087e-02 | val th 1.118e-06 om 2.291e-04 r1 9.229e-03 r2 1.089e-02
[ 201] train th 1.104e-06 om 2.415e-04 r1 9.200e-03 r2 1.086e-02 | val th 1.235e-06 om 3.567e-04 r1 9.214e-03 r2 1.088e-02
[ 202] train th 1.062e-06 om 2.429e-04 r1 9.203e-03 r2 1.087e-02 | val th 8.140e-07 om 3.289e-04 r1 9.233e-03 r2 1.089e-02
[ 203] train th 1.027e-06 om 2.216e-04 r1 9.206e-03 r2 1.087e-02 | val th 5.571e-07 om 2.270e-04 r1 9.223e-03 r2 1.089e-02
[ 204] train th 1.037e-06 om 2.106e-04 r1 9.199e-03 r2 1.086e-02 | val th 1.385e-06 om 2.172e-04 r1 9.220e-03 r2 1.088e-02  *
[ 205] train th 1.079e-06 om 2.397e-04 r1 9.201e-03 r2 1.087e-02 | val th 1.429e-06 om 3.736e-04 r1 9.218e-03 r2 1.088e-02
[ 206] train th 1.168e-06 om 2.372e-04 r1 9.196e-03 r2 1.086e-02 | val th 7.838e-07 om 2.373e-04 r1 9.219e-03 r2 1.088e-02  *
[ 207] train th 1.114e-06 om 1.931e-04 r1 9.198e-03 r2 1.086e-02 | val th 6.217e-07 om 2.343e-04 r1 9.227e-03 r2 1.089e-02
[ 208] train th 1.047e-06 om 2.304e-04 r1 9.199e-03 r2 1.087e-02 | val th 7.625e-07 om 1.873e-04 r1 9.220e-03 r2 1.089e-02
[ 209] train th 1.022e-06 om 2.390e-04 r1 9.193e-03 r2 1.086e-02 | val th 6.176e-07 om 2.055e-04 r1 9.211e-03 r2 1.087e-02  *
[ 210] train th 1.016e-06 om 2.369e-04 r1 9.191e-03 r2 1.086e-02 | val th 4.267e-07 om 1.934e-04 r1 9.208e-03 r2 1.088e-02  *
[ 211] train th 9.095e-07 om 2.153e-04 r1 9.195e-03 r2 1.086e-02 | val th 5.853e-07 om 2.397e-04 r1 9.209e-03 r2 1.087e-02
[ 212] train th 1.060e-06 om 2.431e-04 r1 9.188e-03 r2 1.086e-02 | val th 6.547e-07 om 2.499e-04 r1 9.211e-03 r2 1.088e-02
[ 213] train th 9.849e-07 om 2.371e-04 r1 9.187e-03 r2 1.086e-02 | val th 4.879e-07 om 1.995e-04 r1 9.203e-03 r2 1.087e-02  *
[ 214] train th 9.593e-07 om 2.070e-04 r1 9.187e-03 r2 1.086e-02 | val th 5.856e-07 om 1.783e-04 r1 9.188e-03 r2 1.086e-02  *
[ 215] train th 1.937e-06 om 4.761e-04 r1 9.187e-03 r2 1.086e-02 | val th 4.134e-07 om 2.227e-04 r1 9.187e-03 r2 1.087e-02
[ 216] train th 1.652e-06 om 3.959e-04 r1 9.175e-03 r2 1.085e-02 | val th 1.462e-06 om 2.196e-04 r1 9.201e-03 r2 1.088e-02
[ 217] train th 1.228e-06 om 2.257e-04 r1 9.171e-03 r2 1.086e-02 | val th 9.924e-07 om 2.029e-04 r1 9.185e-03 r2 1.088e-02
[ 218] train th 1.132e-06 om 2.260e-04 r1 9.155e-03 r2 1.086e-02 | val th 5.043e-07 om 2.497e-04 r1 9.165e-03 r2 1.088e-02  *
[ 219] train th 9.326e-07 om 2.173e-04 r1 9.139e-03 r2 1.086e-02 | val th 5.753e-07 om 2.521e-04 r1 9.148e-03 r2 1.088e-02  *
[ 220] train th 1.023e-06 om 2.618e-04 r1 9.124e-03 r2 1.085e-02 | val th 8.436e-07 om 4.021e-04 r1 9.135e-03 r2 1.086e-02  *
[ 221] train th 1.092e-06 om 2.966e-04 r1 9.114e-03 r2 1.085e-02 | val th 2.155e-06 om 3.702e-04 r1 9.131e-03 r2 1.086e-02  *
[ 222] train th 1.129e-06 om 2.925e-04 r1 9.100e-03 r2 1.083e-02 | val th 7.370e-07 om 2.685e-04 r1 9.123e-03 r2 1.085e-02  *
[ 223] train th 2.505e-06 om 5.545e-04 r1 9.101e-03 r2 1.082e-02 | val th 1.018e-06 om 2.424e-04 r1 9.108e-03 r2 1.083e-02  *
[ 224] train th 1.089e-06 om 2.364e-04 r1 9.089e-03 r2 1.079e-02 | val th 1.243e-06 om 2.178e-04 r1 9.127e-03 r2 1.081e-02
[ 225] train th 1.133e-06 om 2.804e-04 r1 9.083e-03 r2 1.077e-02 | val th 7.627e-07 om 3.679e-04 r1 9.117e-03 r2 1.080e-02  *
[ 226] train th 9.753e-07 om 2.915e-04 r1 9.076e-03 r2 1.074e-02 | val th 5.550e-07 om 2.563e-04 r1 9.089e-03 r2 1.076e-02  *
[ 227] train th 1.255e-06 om 3.091e-04 r1 9.068e-03 r2 1.073e-02 | val th 7.207e-07 om 3.133e-04 r1 9.090e-03 r2 1.075e-02  *
[ 228] train th 1.173e-06 om 2.656e-04 r1 9.061e-03 r2 1.072e-02 | val th 6.940e-07 om 2.640e-04 r1 9.089e-03 r2 1.075e-02  *
[ 229] train th 9.834e-07 om 2.814e-04 r1 9.055e-03 r2 1.072e-02 | val th 6.663e-07 om 2.457e-04 r1 9.082e-03 r2 1.076e-02  *
[ 230] train th 1.575e-06 om 3.062e-04 r1 9.052e-03 r2 1.072e-02 | val th 7.296e-07 om 1.969e-04 r1 9.061e-03 r2 1.073e-02  *
[ 231] train th 1.077e-06 om 2.765e-04 r1 9.042e-03 r2 1.072e-02 | val th 6.980e-07 om 2.529e-04 r1 9.058e-03 r2 1.074e-02
[ 232] train th 9.419e-07 om 2.443e-04 r1 9.033e-03 r2 1.071e-02 | val th 8.209e-07 om 2.940e-04 r1 9.084e-03 r2 1.077e-02
[ 233] train th 1.077e-06 om 2.416e-04 r1 9.025e-03 r2 1.071e-02 | val th 1.209e-06 om 2.092e-04 r1 9.039e-03 r2 1.073e-02  *
[ 234] train th 1.262e-06 om 2.610e-04 r1 9.028e-03 r2 1.072e-02 | val th 1.205e-06 om 2.977e-04 r1 9.027e-03 r2 1.073e-02  *
[ 235] train th 1.372e-06 om 3.148e-04 r1 9.012e-03 r2 1.070e-02 | val th 7.584e-07 om 2.540e-04 r1 9.051e-03 r2 1.074e-02
[ 236] train th 1.321e-06 om 2.948e-04 r1 9.007e-03 r2 1.070e-02 | val th 1.355e-06 om 2.269e-04 r1 9.025e-03 r2 1.071e-02  *
[ 237] train th 1.122e-06 om 2.705e-04 r1 9.001e-03 r2 1.069e-02 | val th 6.036e-07 om 2.819e-04 r1 9.013e-03 r2 1.071e-02  *
[ 238] train th 1.226e-06 om 2.420e-04 r1 8.994e-03 r2 1.068e-02 | val th 8.126e-07 om 2.394e-04 r1 8.994e-03 r2 1.069e-02  *
[ 239] train th 1.036e-06 om 2.403e-04 r1 8.986e-03 r2 1.067e-02 | val th 5.879e-07 om 2.623e-04 r1 9.000e-03 r2 1.068e-02
[ 240] train th 1.074e-06 om 2.764e-04 r1 8.992e-03 r2 1.066e-02 | val th 1.113e-06 om 2.535e-04 r1 9.003e-03 r2 1.068e-02
[ 241] train th 1.487e-06 om 2.866e-04 r1 8.993e-03 r2 1.066e-02 | val th 1.394e-06 om 2.380e-04 r1 9.021e-03 r2 1.067e-02
[ 242] train th 9.889e-07 om 2.436e-04 r1 8.986e-03 r2 1.064e-02 | val th 7.518e-07 om 2.558e-04 r1 8.988e-03 r2 1.065e-02  *
[ 243] train th 9.210e-07 om 2.308e-04 r1 8.984e-03 r2 1.063e-02 | val th 1.261e-06 om 2.939e-04 r1 9.023e-03 r2 1.068e-02
[ 244] train th 1.082e-06 om 2.339e-04 r1 8.987e-03 r2 1.062e-02 | val th 8.887e-07 om 3.335e-04 r1 8.979e-03 r2 1.062e-02  *
[ 245] train th 1.163e-06 om 2.488e-04 r1 8.988e-03 r2 1.062e-02 | val th 8.111e-07 om 3.240e-04 r1 8.994e-03 r2 1.063e-02
[ 246] train th 1.551e-06 om 2.985e-04 r1 8.988e-03 r2 1.061e-02 | val th 7.270e-06 om 5.777e-04 r1 9.038e-03 r2 1.066e-02
[ 247] train th 1.298e-06 om 2.694e-04 r1 8.981e-03 r2 1.060e-02 | val th 1.409e-06 om 2.626e-04 r1 8.998e-03 r2 1.062e-02
[ 248] train th 1.191e-06 om 3.067e-04 r1 8.980e-03 r2 1.060e-02 | val th 1.272e-06 om 2.481e-04 r1 9.000e-03 r2 1.062e-02
[ 249] train th 1.208e-06 om 2.636e-04 r1 8.987e-03 r2 1.061e-02 | val th 1.482e-06 om 2.842e-04 r1 9.003e-03 r2 1.062e-02
[ 250] train th 1.190e-06 om 2.657e-04 r1 8.976e-03 r2 1.059e-02 | val th 9.176e-07 om 3.844e-04 r1 8.999e-03 r2 1.061e-02
[ 251] train th 1.009e-06 om 2.512e-04 r1 8.971e-03 r2 1.059e-02 | val th 1.820e-06 om 2.558e-04 r1 8.996e-03 r2 1.062e-02
[ 252] train th 3.330e-06 om 8.304e-04 r1 8.989e-03 r2 1.059e-02 | val th 1.597e-06 om 2.423e-04 r1 9.015e-03 r2 1.063e-02
[ 253] train th 1.146e-06 om 2.327e-04 r1 8.973e-03 r2 1.059e-02 | val th 9.876e-07 om 3.110e-04 r1 9.004e-03 r2 1.062e-02
[ 254] train th 1.050e-06 om 2.453e-04 r1 8.969e-03 r2 1.058e-02 | val th 1.161e-06 om 2.659e-04 r1 8.996e-03 r2 1.062e-02
[ 255] train th 1.319e-06 om 3.073e-04 r1 8.968e-03 r2 1.058e-02 | val th 1.166e-06 om 3.633e-04 r1 8.977e-03 r2 1.059e-02  *
[ 256] train th 1.214e-06 om 2.656e-04 r1 8.959e-03 r2 1.057e-02 | val th 1.454e-06 om 2.301e-04 r1 8.978e-03 r2 1.058e-02  *
[ 257] train th 1.109e-06 om 2.329e-04 r1 8.965e-03 r2 1.058e-02 | val th 1.285e-06 om 1.785e-04 r1 8.990e-03 r2 1.060e-02
[ 258] train th 1.141e-06 om 2.324e-04 r1 8.975e-03 r2 1.059e-02 | val th 4.784e-07 om 2.917e-04 r1 9.011e-03 r2 1.062e-02
[ 259] train th 1.059e-06 om 2.682e-04 r1 8.973e-03 r2 1.058e-02 | val th 2.396e-06 om 2.209e-04 r1 9.002e-03 r2 1.061e-02
[ 260] train th 1.237e-06 om 2.810e-04 r1 8.971e-03 r2 1.058e-02 | val th 1.575e-06 om 2.220e-04 r1 8.974e-03 r2 1.059e-02  *
[ 261] train th 1.051e-06 om 2.415e-04 r1 8.964e-03 r2 1.057e-02 | val th 4.814e-07 om 1.836e-04 r1 8.988e-03 r2 1.061e-02
[ 262] train th 1.155e-06 om 2.711e-04 r1 8.964e-03 r2 1.058e-02 | val th 6.860e-07 om 2.603e-04 r1 8.997e-03 r2 1.061e-02
[ 263] train th 1.087e-06 om 3.033e-04 r1 8.957e-03 r2 1.057e-02 | val th 7.595e-07 om 2.687e-04 r1 8.968e-03 r2 1.058e-02  *
[ 264] train th 1.775e-06 om 3.063e-04 r1 8.961e-03 r2 1.057e-02 | val th 1.038e-06 om 2.096e-04 r1 8.985e-03 r2 1.059e-02
[ 265] train th 1.222e-06 om 2.490e-04 r1 8.960e-03 r2 1.057e-02 | val th 1.140e-06 om 2.834e-04 r1 8.970e-03 r2 1.058e-02
[ 266] train th 1.240e-06 om 2.683e-04 r1 8.968e-03 r2 1.058e-02 | val th 1.725e-06 om 2.299e-04 r1 8.975e-03 r2 1.059e-02
[ 267] train th 1.167e-06 om 2.761e-04 r1 8.962e-03 r2 1.057e-02 | val th 1.202e-06 om 3.146e-04 r1 9.009e-03 r2 1.063e-02
[ 268] train th 1.280e-06 om 3.212e-04 r1 8.962e-03 r2 1.057e-02 | val th 1.082e-06 om 4.118e-04 r1 8.971e-03 r2 1.058e-02
[ 269] train th 1.304e-06 om 2.944e-04 r1 8.954e-03 r2 1.056e-02 | val th 1.072e-06 om 3.988e-04 r1 8.972e-03 r2 1.059e-02
[ 270] train th 1.267e-06 om 3.104e-04 r1 8.952e-03 r2 1.056e-02 | val th 2.723e-06 om 3.908e-04 r1 8.990e-03 r2 1.059e-02
[ 271] train th 1.335e-06 om 2.566e-04 r1 8.962e-03 r2 1.057e-02 | val th 6.847e-06 om 2.103e-03 r1 9.019e-03 r2 1.059e-02
[ 272] train th 3.254e-06 om 4.803e-04 r1 8.961e-03 r2 1.057e-02 | val th 2.595e-06 om 3.637e-04 r1 8.988e-03 r2 1.059e-02
[ 273] train th 1.197e-06 om 3.034e-04 r1 8.953e-03 r2 1.056e-02 | val th 8.308e-07 om 2.692e-04 r1 8.971e-03 r2 1.058e-02
[ 274] train th 1.257e-06 om 3.179e-04 r1 8.961e-03 r2 1.057e-02 | val th 1.558e-06 om 4.139e-04 r1 8.977e-03 r2 1.058e-02
[ 275] train th 1.376e-06 om 2.997e-04 r1 8.952e-03 r2 1.056e-02 | val th 1.732e-06 om 3.368e-04 r1 8.975e-03 r2 1.058e-02
[ 276] train th 1.243e-06 om 2.685e-04 r1 8.948e-03 r2 1.056e-02 | val th 2.390e-06 om 4.116e-04 r1 8.977e-03 r2 1.058e-02
[ 277] train th 1.343e-06 om 2.798e-04 r1 8.956e-03 r2 1.056e-02 | val th 4.957e-07 om 2.138e-04 r1 8.966e-03 r2 1.058e-02  *
[ 278] train th 1.128e-06 om 2.590e-04 r1 8.954e-03 r2 1.056e-02 | val th 7.782e-07 om 2.029e-04 r1 8.965e-03 r2 1.057e-02  *
[ 279] train th 1.129e-06 om 2.483e-04 r1 8.949e-03 r2 1.056e-02 | val th 5.546e-07 om 1.967e-04 r1 8.970e-03 r2 1.058e-02
[ 280] train th 1.056e-06 om 2.572e-04 r1 8.957e-03 r2 1.057e-02 | val th 8.145e-07 om 2.999e-04 r1 8.983e-03 r2 1.059e-02
[ 281] train th 1.341e-06 om 2.641e-04 r1 8.962e-03 r2 1.057e-02 | val th 7.245e-07 om 1.532e-04 r1 8.964e-03 r2 1.058e-02
[ 282] train th 1.140e-06 om 2.509e-04 r1 8.949e-03 r2 1.056e-02 | val th 2.330e-06 om 3.979e-04 r1 9.002e-03 r2 1.061e-02
[ 283] train th 1.187e-06 om 2.426e-04 r1 8.950e-03 r2 1.056e-02 | val th 9.026e-07 om 2.572e-04 r1 8.989e-03 r2 1.060e-02
[ 284] train th 1.101e-06 om 2.362e-04 r1 8.957e-03 r2 1.057e-02 | val th 4.989e-07 om 2.568e-04 r1 8.953e-03 r2 1.057e-02  *
[ 285] train th 1.119e-06 om 2.641e-04 r1 8.956e-03 r2 1.056e-02 | val th 1.063e-06 om 2.047e-04 r1 8.961e-03 r2 1.058e-02
[ 286] train th 1.050e-06 om 2.250e-04 r1 8.948e-03 r2 1.056e-02 | val th 1.572e-06 om 2.615e-04 r1 8.956e-03 r2 1.057e-02
[ 287] train th 1.115e-06 om 2.667e-04 r1 8.954e-03 r2 1.056e-02 | val th 4.895e-07 om 2.831e-04 r1 8.975e-03 r2 1.059e-02
[ 288] train th 1.137e-06 om 2.652e-04 r1 8.953e-03 r2 1.056e-02 | val th 9.156e-07 om 1.838e-04 r1 8.955e-03 r2 1.057e-02  *
[ 289] train th 1.399e-06 om 3.032e-04 r1 8.949e-03 r2 1.056e-02 | val th 1.583e-06 om 3.752e-04 r1 8.987e-03 r2 1.059e-02
[ 290] train th 1.339e-06 om 3.206e-04 r1 8.952e-03 r2 1.056e-02 | val th 1.069e-06 om 3.543e-04 r1 8.953e-03 r2 1.058e-02
[ 291] train th 1.209e-06 om 2.303e-04 r1 8.957e-03 r2 1.056e-02 | val th 8.565e-07 om 2.580e-04 r1 8.959e-03 r2 1.057e-02
[ 292] train th 1.202e-06 om 2.622e-04 r1 8.956e-03 r2 1.056e-02 | val th 1.038e-06 om 2.111e-04 r1 8.963e-03 r2 1.058e-02
[ 293] train th 1.191e-06 om 3.116e-04 r1 8.952e-03 r2 1.056e-02 | val th 9.418e-07 om 2.252e-04 r1 8.983e-03 r2 1.058e-02
[ 294] train th 1.152e-06 om 2.728e-04 r1 8.953e-03 r2 1.056e-02 | val th 1.526e-06 om 2.798e-04 r1 8.954e-03 r2 1.057e-02
[ 295] train th 1.334e-06 om 2.899e-04 r1 8.948e-03 r2 1.055e-02 | val th 1.658e-06 om 2.953e-04 r1 8.972e-03 r2 1.057e-02
[ 296] train th 1.012e-06 om 2.329e-04 r1 8.950e-03 r2 1.056e-02 | val th 7.156e-07 om 3.354e-04 r1 8.958e-03 r2 1.057e-02
[ 297] train th 1.183e-06 om 2.767e-04 r1 8.949e-03 r2 1.055e-02 | val th 1.126e-06 om 3.889e-04 r1 8.954e-03 r2 1.057e-02
[ 298] train th 1.345e-06 om 2.803e-04 r1 8.952e-03 r2 1.056e-02 | val th 1.574e-06 om 2.637e-04 r1 8.969e-03 r2 1.058e-02
[ 299] train th 1.307e-06 om 2.744e-04 r1 8.949e-03 r2 1.056e-02 | val th 6.377e-07 om 2.576e-04 r1 8.954e-03 r2 1.056e-02
[ 300] train th 1.340e-06 om 3.037e-04 r1 8.957e-03 r2 1.056e-02 | val th 1.553e-06 om 3.800e-04 r1 8.964e-03 r2 1.057e-02
[ 301] train th 9.873e-07 om 2.814e-04 r1 8.946e-03 r2 1.055e-02 | val th 9.668e-07 om 3.301e-04 r1 8.961e-03 r2 1.058e-02
[ 302] train th 1.187e-06 om 3.037e-04 r1 8.953e-03 r2 1.056e-02 | val th 1.600e-06 om 2.074e-04 r1 8.963e-03 r2 1.058e-02
[ 303] train th 5.680e-07 om 1.484e-04 r1 8.902e-03 r2 1.051e-02 | val th 4.270e-07 om 1.786e-04 r1 8.915e-03 r2 1.053e-02  *
[ 304] train th 6.234e-07 om 1.491e-04 r1 8.899e-03 r2 1.051e-02 | val th 8.459e-07 om 1.739e-04 r1 8.918e-03 r2 1.053e-02  *
[ 305] train th 5.544e-07 om 1.366e-04 r1 8.896e-03 r2 1.051e-02 | val th 9.811e-07 om 1.393e-04 r1 8.914e-03 r2 1.052e-02  *
[ 306] train th 5.235e-07 om 1.260e-04 r1 8.895e-03 r2 1.051e-02 | val th 3.678e-07 om 1.549e-04 r1 8.920e-03 r2 1.053e-02
[ 307] train th 4.665e-07 om 1.143e-04 r1 8.896e-03 r2 1.051e-02 | val th 3.675e-07 om 1.180e-04 r1 8.915e-03 r2 1.053e-02  *
[ 308] train th 5.174e-07 om 1.206e-04 r1 8.895e-03 r2 1.050e-02 | val th 5.516e-07 om 1.371e-04 r1 8.921e-03 r2 1.053e-02
[ 309] train th 5.785e-07 om 1.235e-04 r1 8.896e-03 r2 1.051e-02 | val th 4.655e-07 om 2.042e-04 r1 8.912e-03 r2 1.052e-02
[ 310] train th 6.812e-07 om 1.486e-04 r1 8.895e-03 r2 1.050e-02 | val th 3.181e-07 om 1.195e-04 r1 8.906e-03 r2 1.052e-02  *
[ 311] train th 5.425e-07 om 1.262e-04 r1 8.892e-03 r2 1.050e-02 | val th 2.661e-07 om 1.487e-04 r1 8.917e-03 r2 1.053e-02
[ 312] train th 4.556e-07 om 1.094e-04 r1 8.893e-03 r2 1.050e-02 | val th 5.778e-07 om 1.064e-04 r1 8.907e-03 r2 1.052e-02  *
[ 313] train th 4.936e-07 om 1.052e-04 r1 8.891e-03 r2 1.050e-02 | val th 4.769e-07 om 1.148e-04 r1 8.910e-03 r2 1.052e-02
[ 314] train th 4.478e-07 om 1.119e-04 r1 8.893e-03 r2 1.050e-02 | val th 4.385e-07 om 1.351e-04 r1 8.905e-03 r2 1.052e-02
[ 315] train th 4.120e-07 om 1.051e-04 r1 8.891e-03 r2 1.050e-02 | val th 2.380e-07 om 1.080e-04 r1 8.903e-03 r2 1.051e-02  *
[ 316] train th 4.741e-07 om 1.065e-04 r1 8.891e-03 r2 1.050e-02 | val th 6.484e-07 om 1.144e-04 r1 8.906e-03 r2 1.052e-02
[ 317] train th 4.130e-07 om 1.136e-04 r1 8.889e-03 r2 1.050e-02 | val th 6.994e-07 om 1.478e-04 r1 8.914e-03 r2 1.052e-02
[ 318] train th 5.005e-07 om 1.182e-04 r1 8.892e-03 r2 1.050e-02 | val th 4.422e-07 om 1.053e-04 r1 8.900e-03 r2 1.051e-02  *
[ 319] train th 4.980e-07 om 1.151e-04 r1 8.890e-03 r2 1.050e-02 | val th 2.723e-07 om 9.852e-05 r1 8.904e-03 r2 1.052e-02
[ 320] train th 5.107e-07 om 1.143e-04 r1 8.891e-03 r2 1.050e-02 | val th 1.001e-06 om 1.485e-04 r1 8.906e-03 r2 1.052e-02
[ 321] train th 4.257e-07 om 1.127e-04 r1 8.890e-03 r2 1.050e-02 | val th 4.261e-07 om 1.206e-04 r1 8.902e-03 r2 1.051e-02
[ 322] train th 5.092e-07 om 1.305e-04 r1 8.889e-03 r2 1.050e-02 | val th 8.540e-07 om 1.692e-04 r1 8.904e-03 r2 1.051e-02
[ 323] train th 3.956e-07 om 1.052e-04 r1 8.890e-03 r2 1.050e-02 | val th 4.917e-07 om 1.292e-04 r1 8.914e-03 r2 1.053e-02
[ 324] train th 4.809e-07 om 1.090e-04 r1 8.888e-03 r2 1.050e-02 | val th 3.698e-07 om 1.143e-04 r1 8.906e-03 r2 1.052e-02
[ 325] train th 4.500e-07 om 1.146e-04 r1 8.889e-03 r2 1.050e-02 | val th 4.116e-07 om 1.333e-04 r1 8.897e-03 r2 1.051e-02  *
[ 326] train th 4.797e-07 om 1.102e-04 r1 8.889e-03 r2 1.050e-02 | val th 8.538e-07 om 1.300e-04 r1 8.913e-03 r2 1.052e-02
[ 327] train th 4.142e-07 om 1.009e-04 r1 8.886e-03 r2 1.050e-02 | val th 3.393e-07 om 1.143e-04 r1 8.899e-03 r2 1.051e-02  *
[ 328] train th 4.946e-07 om 1.099e-04 r1 8.889e-03 r2 1.050e-02 | val th 3.064e-07 om 1.098e-04 r1 8.899e-03 r2 1.051e-02
[ 329] train th 4.504e-07 om 1.113e-04 r1 8.886e-03 r2 1.050e-02 | val th 3.017e-07 om 1.257e-04 r1 8.906e-03 r2 1.051e-02
[ 330] train th 4.640e-07 om 1.065e-04 r1 8.888e-03 r2 1.050e-02 | val th 2.609e-07 om 9.263e-05 r1 8.899e-03 r2 1.051e-02
[ 331] train th 3.952e-07 om 1.002e-04 r1 8.886e-03 r2 1.050e-02 | val th 2.666e-07 om 1.400e-04 r1 8.904e-03 r2 1.051e-02
[ 332] train th 3.927e-07 om 1.000e-04 r1 8.885e-03 r2 1.049e-02 | val th 4.925e-07 om 1.238e-04 r1 8.899e-03 r2 1.051e-02
[ 333] train th 4.217e-07 om 9.853e-05 r1 8.884e-03 r2 1.049e-02 | val th 5.935e-07 om 1.269e-04 r1 8.905e-03 r2 1.052e-02
[ 334] train th 4.567e-07 om 1.063e-04 r1 8.887e-03 r2 1.050e-02 | val th 4.573e-07 om 1.316e-04 r1 8.898e-03 r2 1.051e-02
[ 335] train th 4.283e-07 om 1.013e-04 r1 8.885e-03 r2 1.049e-02 | val th 3.292e-07 om 1.334e-04 r1 8.900e-03 r2 1.051e-02
[ 336] train th 4.513e-07 om 1.065e-04 r1 8.887e-03 r2 1.050e-02 | val th 3.429e-07 om 1.185e-04 r1 8.902e-03 r2 1.052e-02
[ 337] train th 4.377e-07 om 1.026e-04 r1 8.886e-03 r2 1.050e-02 | val th 5.639e-07 om 9.686e-05 r1 8.899e-03 r2 1.051e-02  *
[ 338] train th 3.998e-07 om 9.823e-05 r1 8.883e-03 r2 1.049e-02 | val th 9.218e-07 om 2.151e-04 r1 8.907e-03 r2 1.052e-02
[ 339] train th 3.752e-07 om 9.736e-05 r1 8.883e-03 r2 1.049e-02 | val th 6.800e-07 om 1.433e-04 r1 8.900e-03 r2 1.051e-02
[ 340] train th 4.285e-07 om 1.050e-04 r1 8.883e-03 r2 1.049e-02 | val th 3.985e-07 om 8.990e-05 r1 8.896e-03 r2 1.051e-02  *
[ 341] train th 3.795e-07 om 8.791e-05 r1 8.885e-03 r2 1.049e-02 | val th 9.050e-07 om 1.162e-04 r1 8.904e-03 r2 1.052e-02
[ 342] train th 4.131e-07 om 9.385e-05 r1 8.885e-03 r2 1.049e-02 | val th 4.723e-07 om 1.005e-04 r1 8.897e-03 r2 1.051e-02  *
[ 343] train th 4.314e-07 om 1.012e-04 r1 8.885e-03 r2 1.049e-02 | val th 1.672e-07 om 1.279e-04 r1 8.896e-03 r2 1.051e-02
[ 344] train th 4.064e-07 om 1.067e-04 r1 8.883e-03 r2 1.049e-02 | val th 5.721e-07 om 1.317e-04 r1 8.895e-03 r2 1.050e-02
[ 345] train th 4.153e-07 om 9.543e-05 r1 8.885e-03 r2 1.049e-02 | val th 2.127e-07 om 1.225e-04 r1 8.897e-03 r2 1.051e-02
[ 346] train th 4.160e-07 om 9.971e-05 r1 8.885e-03 r2 1.049e-02 | val th 6.286e-07 om 1.304e-04 r1 8.899e-03 r2 1.051e-02
[ 347] train th 4.279e-07 om 9.891e-05 r1 8.883e-03 r2 1.049e-02 | val th 3.398e-07 om 1.108e-04 r1 8.923e-03 r2 1.053e-02
[ 348] train th 3.821e-07 om 9.376e-05 r1 8.883e-03 r2 1.049e-02 | val th 4.216e-07 om 1.086e-04 r1 8.895e-03 r2 1.050e-02  *
[ 349] train th 4.008e-07 om 9.198e-05 r1 8.883e-03 r2 1.049e-02 | val th 4.413e-07 om 9.787e-05 r1 8.896e-03 r2 1.051e-02
[ 350] train th 4.611e-07 om 1.012e-04 r1 8.883e-03 r2 1.049e-02 | val th 4.079e-07 om 1.160e-04 r1 8.896e-03 r2 1.051e-02
[ 351] train th 3.717e-07 om 8.636e-05 r1 8.884e-03 r2 1.049e-02 | val th 6.692e-07 om 1.017e-04 r1 8.899e-03 r2 1.051e-02
[ 352] train th 4.732e-07 om 9.045e-05 r1 8.883e-03 r2 1.049e-02 | val th 7.185e-07 om 1.021e-04 r1 8.899e-03 r2 1.051e-02
[ 353] train th 4.354e-07 om 1.001e-04 r1 8.883e-03 r2 1.049e-02 | val th 6.426e-07 om 9.338e-05 r1 8.896e-03 r2 1.051e-02
[ 354] train th 4.002e-07 om 9.033e-05 r1 8.883e-03 r2 1.049e-02 | val th 1.738e-07 om 9.747e-05 r1 8.896e-03 r2 1.051e-02
[ 355] train th 4.344e-07 om 9.253e-05 r1 8.882e-03 r2 1.049e-02 | val th 4.894e-07 om 8.637e-05 r1 8.897e-03 r2 1.051e-02
[ 356] train th 4.651e-07 om 1.015e-04 r1 8.883e-03 r2 1.049e-02 | val th 6.599e-07 om 1.040e-04 r1 8.902e-03 r2 1.051e-02
[ 357] train th 4.295e-07 om 8.682e-05 r1 8.884e-03 r2 1.049e-02 | val th 3.306e-07 om 7.992e-05 r1 8.897e-03 r2 1.051e-02
[ 358] train th 4.135e-07 om 9.937e-05 r1 8.881e-03 r2 1.049e-02 | val th 2.981e-07 om 8.841e-05 r1 8.898e-03 r2 1.051e-02
[ 359] train th 4.132e-07 om 9.899e-05 r1 8.884e-03 r2 1.049e-02 | val th 3.391e-07 om 1.321e-04 r1 8.894e-03 r2 1.050e-02  *
[ 360] train th 4.627e-07 om 9.417e-05 r1 8.881e-03 r2 1.049e-02 | val th 1.068e-06 om 9.241e-05 r1 8.889e-03 r2 1.050e-02  *
[ 361] train th 3.859e-07 om 9.195e-05 r1 8.883e-03 r2 1.049e-02 | val th 2.959e-07 om 1.196e-04 r1 8.910e-03 r2 1.052e-02
[ 362] train th 4.468e-07 om 9.364e-05 r1 8.882e-03 r2 1.049e-02 | val th 4.017e-07 om 1.265e-04 r1 8.895e-03 r2 1.051e-02
[ 363] train th 4.709e-07 om 1.027e-04 r1 8.882e-03 r2 1.049e-02 | val th 2.429e-07 om 1.471e-04 r1 8.896e-03 r2 1.051e-02
[ 364] train th 4.068e-07 om 9.718e-05 r1 8.881e-03 r2 1.049e-02 | val th 5.764e-07 om 1.124e-04 r1 8.892e-03 r2 1.050e-02
[ 365] train th 3.752e-07 om 8.519e-05 r1 8.880e-03 r2 1.049e-02 | val th 4.873e-07 om 9.880e-05 r1 8.892e-03 r2 1.050e-02
[ 366] train th 4.145e-07 om 8.952e-05 r1 8.880e-03 r2 1.049e-02 | val th 3.503e-07 om 1.075e-04 r1 8.895e-03 r2 1.050e-02
[ 367] train th 3.720e-07 om 9.919e-05 r1 8.881e-03 r2 1.049e-02 | val th 1.902e-07 om 8.963e-05 r1 8.896e-03 r2 1.051e-02
[ 368] train th 4.134e-07 om 8.827e-05 r1 8.879e-03 r2 1.049e-02 | val th 2.316e-07 om 7.944e-05 r1 8.895e-03 r2 1.051e-02
[ 369] train th 3.836e-07 om 8.922e-05 r1 8.880e-03 r2 1.049e-02 | val th 4.299e-07 om 9.327e-05 r1 8.900e-03 r2 1.051e-02
[ 370] train th 3.940e-07 om 9.215e-05 r1 8.880e-03 r2 1.049e-02 | val th 1.899e-07 om 1.371e-04 r1 8.896e-03 r2 1.050e-02
[ 371] train th 4.072e-07 om 1.018e-04 r1 8.879e-03 r2 1.049e-02 | val th 2.769e-07 om 9.723e-05 r1 8.898e-03 r2 1.051e-02
[ 372] train th 4.053e-07 om 8.620e-05 r1 8.880e-03 r2 1.049e-02 | val th 3.316e-07 om 9.788e-05 r1 8.898e-03 r2 1.051e-02
[ 373] train th 3.967e-07 om 9.226e-05 r1 8.880e-03 r2 1.049e-02 | val th 2.983e-07 om 1.252e-04 r1 8.892e-03 r2 1.050e-02
[ 374] train th 3.923e-07 om 8.634e-05 r1 8.879e-03 r2 1.049e-02 | val th 3.997e-07 om 1.241e-04 r1 8.890e-03 r2 1.050e-02  *
[ 375] train th 2.057e-07 om 5.600e-05 r1 8.863e-03 r2 1.047e-02 | val th 2.938e-07 om 7.544e-05 r1 8.876e-03 r2 1.049e-02  *
[ 376] train th 2.047e-07 om 5.575e-05 r1 8.863e-03 r2 1.047e-02 | val th 2.098e-07 om 7.107e-05 r1 8.877e-03 r2 1.049e-02
[ 377] train th 1.933e-07 om 5.376e-05 r1 8.863e-03 r2 1.047e-02 | val th 2.670e-07 om 7.272e-05 r1 8.875e-03 r2 1.049e-02  *
[ 378] train th 2.190e-07 om 5.286e-05 r1 8.862e-03 r2 1.047e-02 | val th 1.319e-07 om 6.654e-05 r1 8.880e-03 r2 1.049e-02
[ 379] train th 2.062e-07 om 5.409e-05 r1 8.861e-03 r2 1.047e-02 | val th 1.959e-07 om 7.350e-05 r1 8.874e-03 r2 1.049e-02  *
[ 380] train th 2.205e-07 om 5.400e-05 r1 8.864e-03 r2 1.047e-02 | val th 1.677e-07 om 7.577e-05 r1 8.873e-03 r2 1.048e-02  *
[ 381] train th 2.221e-07 om 5.693e-05 r1 8.861e-03 r2 1.047e-02 | val th 2.064e-07 om 5.724e-05 r1 8.874e-03 r2 1.049e-02
[ 382] train th 2.328e-07 om 5.090e-05 r1 8.862e-03 r2 1.047e-02 | val th 1.632e-07 om 5.978e-05 r1 8.874e-03 r2 1.049e-02
[ 383] train th 2.221e-07 om 5.468e-05 r1 8.861e-03 r2 1.047e-02 | val th 2.014e-07 om 5.913e-05 r1 8.875e-03 r2 1.048e-02
[ 384] train th 2.455e-07 om 5.329e-05 r1 8.861e-03 r2 1.047e-02 | val th 1.657e-07 om 5.887e-05 r1 8.872e-03 r2 1.048e-02  *
[ 385] train th 1.985e-07 om 4.910e-05 r1 8.860e-03 r2 1.047e-02 | val th 1.883e-07 om 6.827e-05 r1 8.874e-03 r2 1.048e-02
[ 386] train th 2.079e-07 om 4.914e-05 r1 8.862e-03 r2 1.047e-02 | val th 1.818e-07 om 7.043e-05 r1 8.875e-03 r2 1.048e-02
[ 387] train th 2.253e-07 om 5.225e-05 r1 8.861e-03 r2 1.047e-02 | val th 2.883e-07 om 6.971e-05 r1 8.874e-03 r2 1.048e-02
[ 388] train th 2.083e-07 om 5.222e-05 r1 8.860e-03 r2 1.047e-02 | val th 2.342e-07 om 5.290e-05 r1 8.873e-03 r2 1.048e-02
[ 389] train th 1.984e-07 om 5.058e-05 r1 8.860e-03 r2 1.047e-02 | val th 1.798e-07 om 6.602e-05 r1 8.880e-03 r2 1.049e-02
[ 390] train th 2.137e-07 om 5.112e-05 r1 8.860e-03 r2 1.047e-02 | val th 9.105e-08 om 6.068e-05 r1 8.872e-03 r2 1.048e-02  *
[ 391] train th 1.950e-07 om 4.826e-05 r1 8.859e-03 r2 1.047e-02 | val th 1.073e-07 om 5.090e-05 r1 8.873e-03 r2 1.048e-02  *
[ 392] train th 2.406e-07 om 5.133e-05 r1 8.861e-03 r2 1.047e-02 | val th 1.108e-07 om 6.286e-05 r1 8.872e-03 r2 1.048e-02
[ 393] train th 2.077e-07 om 4.984e-05 r1 8.859e-03 r2 1.047e-02 | val th 1.348e-07 om 6.142e-05 r1 8.873e-03 r2 1.048e-02
[ 394] train th 2.219e-07 om 4.847e-05 r1 8.860e-03 r2 1.047e-02 | val th 1.534e-07 om 7.125e-05 r1 8.875e-03 r2 1.049e-02
[ 395] train th 2.093e-07 om 5.087e-05 r1 8.859e-03 r2 1.047e-02 | val th 3.265e-07 om 5.931e-05 r1 8.870e-03 r2 1.048e-02  *
[ 396] train th 2.047e-07 om 4.981e-05 r1 8.858e-03 r2 1.047e-02 | val th 1.693e-07 om 5.642e-05 r1 8.870e-03 r2 1.048e-02
[ 397] train th 1.906e-07 om 4.556e-05 r1 8.859e-03 r2 1.047e-02 | val th 1.819e-07 om 5.676e-05 r1 8.872e-03 r2 1.048e-02
[ 398] train th 1.907e-07 om 4.831e-05 r1 8.858e-03 r2 1.047e-02 | val th 1.493e-07 om 5.982e-05 r1 8.876e-03 r2 1.049e-02
[ 399] train th 1.910e-07 om 4.773e-05 r1 8.859e-03 r2 1.047e-02 | val th 2.698e-07 om 5.537e-05 r1 8.872e-03 r2 1.048e-02
[ 400] train th 2.125e-07 om 4.728e-05 r1 8.857e-03 r2 1.047e-02 | val th 2.986e-07 om 5.821e-05 r1 8.870e-03 r2 1.048e-02
[ 401] train th 1.958e-07 om 4.753e-05 r1 8.859e-03 r2 1.047e-02 | val th 1.241e-07 om 5.658e-05 r1 8.870e-03 r2 1.048e-02  *
[ 402] train th 2.114e-07 om 5.001e-05 r1 8.858e-03 r2 1.047e-02 | val th 2.089e-07 om 6.964e-05 r1 8.870e-03 r2 1.048e-02
[ 403] train th 2.184e-07 om 4.466e-05 r1 8.858e-03 r2 1.047e-02 | val th 1.311e-07 om 4.542e-05 r1 8.869e-03 r2 1.048e-02  *
[ 404] train th 2.050e-07 om 4.630e-05 r1 8.857e-03 r2 1.047e-02 | val th 1.223e-07 om 4.650e-05 r1 8.872e-03 r2 1.048e-02
[ 405] train th 2.009e-07 om 4.706e-05 r1 8.858e-03 r2 1.047e-02 | val th 1.560e-07 om 5.337e-05 r1 8.868e-03 r2 1.048e-02  *
[ 406] train th 2.266e-07 om 4.987e-05 r1 8.859e-03 r2 1.047e-02 | val th 3.663e-07 om 6.279e-05 r1 8.872e-03 r2 1.048e-02
[ 407] train th 2.113e-07 om 4.631e-05 r1 8.858e-03 r2 1.047e-02 | val th 3.930e-07 om 5.962e-05 r1 8.869e-03 r2 1.048e-02
[ 408] train th 2.141e-07 om 4.685e-05 r1 8.857e-03 r2 1.047e-02 | val th 1.454e-07 om 6.909e-05 r1 8.869e-03 r2 1.048e-02
[ 409] train th 1.966e-07 om 4.570e-05 r1 8.857e-03 r2 1.047e-02 | val th 1.956e-07 om 5.376e-05 r1 8.866e-03 r2 1.048e-02  *
[ 410] train th 1.958e-07 om 4.278e-05 r1 8.859e-03 r2 1.047e-02 | val th 2.310e-07 om 4.376e-05 r1 8.872e-03 r2 1.048e-02
[ 411] train th 2.196e-07 om 4.611e-05 r1 8.857e-03 r2 1.047e-02 | val th 9.858e-08 om 4.815e-05 r1 8.870e-03 r2 1.048e-02
[ 412] train th 1.867e-07 om 4.631e-05 r1 8.858e-03 r2 1.047e-02 | val th 1.940e-07 om 4.352e-05 r1 8.867e-03 r2 1.048e-02  *
[ 413] train th 1.810e-07 om 4.256e-05 r1 8.857e-03 r2 1.047e-02 | val th 4.409e-07 om 5.091e-05 r1 8.867e-03 r2 1.048e-02
[ 414] train th 1.909e-07 om 4.641e-05 r1 8.857e-03 r2 1.047e-02 | val th 1.462e-07 om 5.661e-05 r1 8.872e-03 r2 1.048e-02
[ 415] train th 2.081e-07 om 4.615e-05 r1 8.857e-03 r2 1.047e-02 | val th 8.258e-08 om 5.428e-05 r1 8.871e-03 r2 1.048e-02
[ 416] train th 1.819e-07 om 4.629e-05 r1 8.857e-03 r2 1.047e-02 | val th 7.835e-08 om 5.661e-05 r1 8.874e-03 r2 1.048e-02
[ 417] train th 1.885e-07 om 4.644e-05 r1 8.858e-03 r2 1.047e-02 | val th 2.136e-07 om 5.439e-05 r1 8.870e-03 r2 1.048e-02
[ 418] train th 2.040e-07 om 4.514e-05 r1 8.857e-03 r2 1.047e-02 | val th 1.387e-07 om 4.308e-05 r1 8.869e-03 r2 1.048e-02
[ 419] train th 1.949e-07 om 4.501e-05 r1 8.856e-03 r2 1.047e-02 | val th 2.591e-07 om 6.270e-05 r1 8.870e-03 r2 1.048e-02
[ 420] train th 2.039e-07 om 4.956e-05 r1 8.858e-03 r2 1.047e-02 | val th 1.616e-07 om 6.350e-05 r1 8.870e-03 r2 1.048e-02
[ 421] train th 2.200e-07 om 4.652e-05 r1 8.857e-03 r2 1.047e-02 | val th 2.294e-07 om 4.963e-05 r1 8.873e-03 r2 1.048e-02
[ 422] train th 2.164e-07 om 4.533e-05 r1 8.859e-03 r2 1.047e-02 | val th 1.961e-07 om 5.063e-05 r1 8.893e-03 r2 1.049e-02
[ 423] train th 2.010e-07 om 4.413e-05 r1 8.859e-03 r2 1.047e-02 | val th 1.299e-07 om 5.358e-05 r1 8.865e-03 r2 1.048e-02
[ 424] train th 1.176e-07 om 3.414e-05 r1 8.849e-03 r2 1.046e-02 | val th 1.459e-07 om 5.379e-05 r1 8.862e-03 r2 1.047e-02  *
[ 425] train th 1.256e-07 om 3.542e-05 r1 8.849e-03 r2 1.046e-02 | val th 1.794e-07 om 4.413e-05 r1 8.860e-03 r2 1.047e-02  *
[ 426] train th 1.317e-07 om 3.271e-05 r1 8.848e-03 r2 1.046e-02 | val th 1.155e-07 om 3.862e-05 r1 8.862e-03 r2 1.047e-02
[ 427] train th 1.216e-07 om 3.162e-05 r1 8.849e-03 r2 1.046e-02 | val th 9.516e-08 om 4.038e-05 r1 8.859e-03 r2 1.047e-02  *
[ 428] train th 1.169e-07 om 3.417e-05 r1 8.848e-03 r2 1.046e-02 | val th 1.296e-07 om 3.877e-05 r1 8.860e-03 r2 1.047e-02
[ 429] train th 1.204e-07 om 3.403e-05 r1 8.848e-03 r2 1.046e-02 | val th 1.313e-07 om 4.441e-05 r1 8.860e-03 r2 1.047e-02
[ 430] train th 1.270e-07 om 3.360e-05 r1 8.848e-03 r2 1.046e-02 | val th 1.813e-07 om 4.474e-05 r1 8.859e-03 r2 1.047e-02
[ 431] train th 1.155e-07 om 3.249e-05 r1 8.848e-03 r2 1.046e-02 | val th 1.341e-07 om 4.139e-05 r1 8.861e-03 r2 1.047e-02
[ 432] train th 1.271e-07 om 3.172e-05 r1 8.848e-03 r2 1.046e-02 | val th 8.433e-08 om 4.480e-05 r1 8.860e-03 r2 1.047e-02
[ 433] train th 1.230e-07 om 3.366e-05 r1 8.848e-03 r2 1.046e-02 | val th 6.726e-08 om 3.699e-05 r1 8.858e-03 r2 1.047e-02  *
[ 434] train th 1.245e-07 om 3.170e-05 r1 8.847e-03 r2 1.046e-02 | val th 1.442e-07 om 4.492e-05 r1 8.858e-03 r2 1.047e-02
[ 435] train th 1.110e-07 om 3.362e-05 r1 8.848e-03 r2 1.046e-02 | val th 5.493e-08 om 4.190e-05 r1 8.860e-03 r2 1.047e-02
[ 436] train th 1.196e-07 om 3.223e-05 r1 8.848e-03 r2 1.046e-02 | val th 1.055e-07 om 4.196e-05 r1 8.863e-03 r2 1.047e-02
[ 437] train th 1.021e-07 om 3.115e-05 r1 8.848e-03 r2 1.046e-02 | val th 1.797e-07 om 4.455e-05 r1 8.861e-03 r2 1.047e-02
[ 438] train th 1.093e-07 om 3.181e-05 r1 8.847e-03 r2 1.046e-02 | val th 1.273e-07 om 4.011e-05 r1 8.858e-03 r2 1.047e-02
[ 439] train th 1.296e-07 om 3.098e-05 r1 8.847e-03 r2 1.046e-02 | val th 1.096e-07 om 3.875e-05 r1 8.860e-03 r2 1.047e-02
[ 440] train th 1.132e-07 om 3.141e-05 r1 8.847e-03 r2 1.046e-02 | val th 5.785e-08 om 4.070e-05 r1 8.858e-03 r2 1.047e-02
[ 441] train th 1.221e-07 om 3.270e-05 r1 8.847e-03 r2 1.046e-02 | val th 1.321e-07 om 4.032e-05 r1 8.862e-03 r2 1.047e-02
[ 442] train th 1.104e-07 om 3.154e-05 r1 8.848e-03 r2 1.046e-02 | val th 1.926e-07 om 4.638e-05 r1 8.860e-03 r2 1.047e-02
[ 443] train th 1.093e-07 om 3.131e-05 r1 8.847e-03 r2 1.046e-02 | val th 1.511e-07 om 4.419e-05 r1 8.861e-03 r2 1.047e-02
[ 444] train th 1.193e-07 om 3.065e-05 r1 8.847e-03 r2 1.046e-02 | val th 1.671e-07 om 3.509e-05 r1 8.858e-03 r2 1.047e-02
[ 445] train th 1.273e-07 om 3.075e-05 r1 8.847e-03 r2 1.046e-02 | val th 1.531e-07 om 4.226e-05 r1 8.859e-03 r2 1.047e-02
[ 446] train th 1.251e-07 om 3.138e-05 r1 8.847e-03 r2 1.046e-02 | val th 2.760e-07 om 4.068e-05 r1 8.859e-03 r2 1.047e-02
[ 447] train th 1.223e-07 om 3.117e-05 r1 8.847e-03 r2 1.046e-02 | val th 1.245e-07 om 4.059e-05 r1 8.858e-03 r2 1.047e-02  *
[ 448] train th 8.574e-08 om 2.676e-05 r1 8.843e-03 r2 1.045e-02 | val th 4.293e-08 om 3.685e-05 r1 8.856e-03 r2 1.047e-02  *
[ 449] train th 7.762e-08 om 2.705e-05 r1 8.842e-03 r2 1.045e-02 | val th 1.537e-07 om 3.461e-05 r1 8.855e-03 r2 1.047e-02  *
[ 450] train th 6.269e-08 om 2.666e-05 r1 8.842e-03 r2 1.045e-02 | val th 6.624e-08 om 3.972e-05 r1 8.855e-03 r2 1.047e-02
[ 451] train th 7.814e-08 om 2.669e-05 r1 8.843e-03 r2 1.045e-02 | val th 6.778e-08 om 3.586e-05 r1 8.855e-03 r2 1.047e-02
[ 452] train th 9.549e-08 om 2.673e-05 r1 8.842e-03 r2 1.045e-02 | val th 4.032e-08 om 3.417e-05 r1 8.855e-03 r2 1.047e-02
[ 453] train th 6.689e-08 om 2.623e-05 r1 8.842e-03 r2 1.045e-02 | val th 5.622e-08 om 3.362e-05 r1 8.855e-03 r2 1.047e-02
[ 454] train th 8.218e-08 om 2.587e-05 r1 8.842e-03 r2 1.045e-02 | val th 6.394e-08 om 3.377e-05 r1 8.854e-03 r2 1.047e-02  *
[ 455] train th 6.848e-08 om 2.621e-05 r1 8.842e-03 r2 1.045e-02 | val th 7.782e-08 om 3.358e-05 r1 8.853e-03 r2 1.047e-02  *
[ 456] train th 6.259e-08 om 2.576e-05 r1 8.843e-03 r2 1.045e-02 | val th 4.007e-08 om 3.072e-05 r1 8.856e-03 r2 1.047e-02
[ 457] train th 8.855e-08 om 2.646e-05 r1 8.843e-03 r2 1.045e-02 | val th 8.006e-08 om 3.374e-05 r1 8.856e-03 r2 1.047e-02
[ 458] train th 7.533e-08 om 2.592e-05 r1 8.842e-03 r2 1.045e-02 | val th 6.663e-08 om 3.316e-05 r1 8.854e-03 r2 1.047e-02
[ 459] train th 7.713e-08 om 2.588e-05 r1 8.842e-03 r2 1.045e-02 | val th 7.576e-08 om 3.912e-05 r1 8.855e-03 r2 1.047e-02
[ 460] train th 8.320e-08 om 2.651e-05 r1 8.842e-03 r2 1.045e-02 | val th 7.789e-08 om 3.252e-05 r1 8.854e-03 r2 1.047e-02
[ 461] train th 7.691e-08 om 2.555e-05 r1 8.842e-03 r2 1.045e-02 | val th 8.251e-08 om 3.266e-05 r1 8.855e-03 r2 1.047e-02
[ 462] train th 8.197e-08 om 2.562e-05 r1 8.842e-03 r2 1.045e-02 | val th 6.464e-08 om 3.192e-05 r1 8.854e-03 r2 1.047e-02
[ 463] train th 8.574e-08 om 2.583e-05 r1 8.842e-03 r2 1.045e-02 | val th 1.051e-07 om 3.147e-05 r1 8.854e-03 r2 1.047e-02
[ 464] train th 6.547e-08 om 2.488e-05 r1 8.842e-03 r2 1.045e-02 | val th 1.401e-07 om 3.288e-05 r1 8.853e-03 r2 1.046e-02  *
[ 465] train th 8.428e-08 om 2.535e-05 r1 8.842e-03 r2 1.045e-02 | val th 9.505e-08 om 3.580e-05 r1 8.854e-03 r2 1.046e-02
[ 466] train th 7.462e-08 om 2.499e-05 r1 8.842e-03 r2 1.045e-02 | val th 6.561e-08 om 3.385e-05 r1 8.854e-03 r2 1.047e-02
[ 467] train th 8.362e-08 om 2.554e-05 r1 8.842e-03 r2 1.045e-02 | val th 7.698e-08 om 3.232e-05 r1 8.855e-03 r2 1.047e-02
[ 468] train th 8.404e-08 om 2.529e-05 r1 8.842e-03 r2 1.045e-02 | val th 9.467e-08 om 3.596e-05 r1 8.854e-03 r2 1.047e-02
[ 469] train th 7.712e-08 om 2.534e-05 r1 8.841e-03 r2 1.045e-02 | val th 7.775e-08 om 3.211e-05 r1 8.852e-03 r2 1.046e-02  *
[ 470] train th 8.047e-08 om 2.489e-05 r1 8.842e-03 r2 1.045e-02 | val th 5.041e-08 om 3.251e-05 r1 8.853e-03 r2 1.046e-02
[ 471] train th 4.578e-08 om 2.431e-05 r1 8.841e-03 r2 1.045e-02 | val th 3.804e-08 om 3.544e-05 r1 8.854e-03 r2 1.047e-02
[ 472] train th 6.334e-08 om 2.444e-05 r1 8.842e-03 r2 1.045e-02 | val th 9.476e-08 om 3.813e-05 r1 8.853e-03 r2 1.046e-02
[ 473] train th 7.398e-08 om 2.483e-05 r1 8.841e-03 r2 1.045e-02 | val th 4.544e-08 om 3.637e-05 r1 8.854e-03 r2 1.046e-02
[ 474] train th 7.304e-08 om 2.494e-05 r1 8.841e-03 r2 1.045e-02 | val th 7.436e-08 om 3.125e-05 r1 8.854e-03 r2 1.047e-02
[ 475] train th 7.702e-08 om 2.589e-05 r1 8.841e-03 r2 1.045e-02 | val th 4.720e-08 om 2.982e-05 r1 8.853e-03 r2 1.046e-02
[ 476] train th 7.254e-08 om 2.493e-05 r1 8.841e-03 r2 1.045e-02 | val th 7.738e-08 om 3.111e-05 r1 8.854e-03 r2 1.047e-02
[ 477] train th 6.937e-08 om 2.488e-05 r1 8.841e-03 r2 1.045e-02 | val th 4.983e-08 om 3.398e-05 r1 8.853e-03 r2 1.047e-02
[ 478] train th 7.041e-08 om 2.428e-05 r1 8.841e-03 r2 1.045e-02 | val th 6.086e-08 om 3.131e-05 r1 8.854e-03 r2 1.047e-02
[ 479] train th 8.093e-08 om 2.504e-05 r1 8.841e-03 r2 1.045e-02 | val th 1.306e-07 om 3.283e-05 r1 8.853e-03 r2 1.046e-02
[ 480] train th 9.988e-08 om 2.547e-05 r1 8.841e-03 r2 1.045e-02 | val th 3.032e-08 om 3.105e-05 r1 8.853e-03 r2 1.046e-02  *
[ 481] train th 8.525e-08 om 2.421e-05 r1 8.841e-03 r2 1.045e-02 | val th 1.597e-07 om 3.571e-05 r1 8.853e-03 r2 1.046e-02
[ 482] train th 7.427e-08 om 2.471e-05 r1 8.841e-03 r2 1.045e-02 | val th 9.005e-08 om 3.353e-05 r1 8.855e-03 r2 1.047e-02
[ 483] train th 8.872e-08 om 2.508e-05 r1 8.841e-03 r2 1.045e-02 | val th 7.943e-08 om 3.341e-05 r1 8.853e-03 r2 1.046e-02
[ 484] train th 4.601e-08 om 2.279e-05 r1 8.839e-03 r2 1.045e-02 | val th 4.226e-08 om 2.992e-05 r1 8.851e-03 r2 1.046e-02  *
[ 485] train th 4.160e-08 om 2.233e-05 r1 8.839e-03 r2 1.045e-02 | val th 4.508e-08 om 2.946e-05 r1 8.851e-03 r2 1.046e-02
[ 486] train th 4.681e-08 om 2.173e-05 r1 8.839e-03 r2 1.045e-02 | val th 4.510e-08 om 2.992e-05 r1 8.852e-03 r2 1.046e-02
[ 487] train th 5.337e-08 om 2.248e-05 r1 8.839e-03 r2 1.045e-02 | val th 5.595e-08 om 3.217e-05 r1 8.851e-03 r2 1.046e-02
[ 488] train th 5.986e-08 om 2.264e-05 r1 8.839e-03 r2 1.045e-02 | val th 8.754e-08 om 2.804e-05 r1 8.851e-03 r2 1.046e-02  *
[ 489] train th 5.550e-08 om 2.227e-05 r1 8.839e-03 r2 1.045e-02 | val th 3.735e-08 om 2.949e-05 r1 8.851e-03 r2 1.046e-02
[ 490] train th 3.013e-08 om 2.231e-05 r1 8.839e-03 r2 1.045e-02 | val th 7.826e-08 om 3.326e-05 r1 8.850e-03 r2 1.046e-02  *
[ 491] train th 4.474e-08 om 2.239e-05 r1 8.839e-03 r2 1.045e-02 | val th 3.991e-08 om 2.814e-05 r1 8.851e-03 r2 1.046e-02  *
[ 492] train th 3.489e-08 om 2.176e-05 r1 8.839e-03 r2 1.045e-02 | val th 3.557e-08 om 2.850e-05 r1 8.850e-03 r2 1.046e-02  *
[ 493] train th 3.855e-08 om 2.188e-05 r1 8.839e-03 r2 1.045e-02 | val th 3.841e-08 om 2.851e-05 r1 8.851e-03 r2 1.046e-02
[ 494] train th 6.495e-08 om 2.227e-05 r1 8.840e-03 r2 1.045e-02 | val th 6.695e-08 om 3.032e-05 r1 8.852e-03 r2 1.046e-02
[ 495] train th 3.621e-08 om 2.223e-05 r1 8.839e-03 r2 1.045e-02 | val th 3.712e-08 om 2.941e-05 r1 8.851e-03 r2 1.046e-02
[ 496] train th 6.658e-08 om 2.211e-05 r1 8.839e-03 r2 1.045e-02 | val th 4.969e-08 om 2.784e-05 r1 8.851e-03 r2 1.046e-02
[ 497] train th 5.072e-08 om 2.212e-05 r1 8.839e-03 r2 1.045e-02 | val th 4.651e-08 om 2.914e-05 r1 8.852e-03 r2 1.046e-02
[ 498] train th 4.363e-08 om 2.221e-05 r1 8.839e-03 r2 1.045e-02 | val th 4.973e-08 om 2.947e-05 r1 8.850e-03 r2 1.046e-02
[ 499] train th 2.780e-08 om 2.138e-05 r1 8.838e-03 r2 1.045e-02 | val th 3.048e-08 om 2.805e-05 r1 8.850e-03 r2 1.046e-02  *
[ 500] train th 2.516e-08 om 2.077e-05 r1 8.838e-03 r2 1.045e-02 | val th 3.321e-08 om 2.784e-05 r1 8.850e-03 r2 1.046e-02
[ 501] train th 2.277e-08 om 2.053e-05 r1 8.838e-03 r2 1.045e-02 | val th 2.664e-08 om 2.879e-05 r1 8.850e-03 r2 1.046e-02
[ 502] train th 2.182e-08 om 2.050e-05 r1 8.838e-03 r2 1.045e-02 | val th 2.610e-08 om 2.819e-05 r1 8.851e-03 r2 1.046e-02
[ 503] train th 2.946e-08 om 2.068e-05 r1 8.838e-03 r2 1.045e-02 | val th 3.004e-08 om 2.743e-05 r1 8.850e-03 r2 1.046e-02
[ 504] train th 2.340e-08 om 2.077e-05 r1 8.838e-03 r2 1.045e-02 | val th 2.899e-08 om 2.769e-05 r1 8.850e-03 r2 1.046e-02  *
[ 505] train th 2.616e-08 om 2.090e-05 r1 8.838e-03 r2 1.045e-02 | val th 3.160e-08 om 2.804e-05 r1 8.850e-03 r2 1.046e-02
[ 506] train th 2.292e-08 om 2.066e-05 r1 8.837e-03 r2 1.045e-02 | val th 2.232e-08 om 2.858e-05 r1 8.851e-03 r2 1.046e-02
[ 507] train th 2.413e-08 om 2.055e-05 r1 8.838e-03 r2 1.045e-02 | val th 2.298e-08 om 2.844e-05 r1 8.850e-03 r2 1.046e-02
[ 508] train th 2.364e-08 om 2.066e-05 r1 8.838e-03 r2 1.045e-02 | val th 3.008e-08 om 2.728e-05 r1 8.850e-03 r2 1.046e-02
[ 509] train th 2.269e-08 om 2.049e-05 r1 8.838e-03 r2 1.045e-02 | val th 2.363e-08 om 2.814e-05 r1 8.850e-03 r2 1.046e-02
[ 510] train th 2.382e-08 om 2.068e-05 r1 8.838e-03 r2 1.045e-02 | val th 2.842e-08 om 2.795e-05 r1 8.850e-03 r2 1.046e-02
[ 511] train th 2.268e-08 om 2.066e-05 r1 8.838e-03 r2 1.045e-02 | val th 3.012e-08 om 2.908e-05 r1 8.850e-03 r2 1.046e-02
[ 512] train th 2.280e-08 om 2.051e-05 r1 8.838e-03 r2 1.045e-02 | val th 3.150e-08 om 2.846e-05 r1 8.850e-03 r2 1.046e-02
[ 513] train th 2.619e-08 om 2.053e-05 r1 8.838e-03 r2 1.045e-02 | val th 3.480e-08 om 2.782e-05 r1 8.850e-03 r2 1.046e-02
[ 514] train th 1.982e-08 om 1.995e-05 r1 8.837e-03 r2 1.045e-02 | val th 2.441e-08 om 2.805e-05 r1 8.849e-03 r2 1.046e-02  *
[ 515] train th 2.363e-08 om 1.984e-05 r1 8.837e-03 r2 1.045e-02 | val th 3.282e-08 om 2.925e-05 r1 8.849e-03 r2 1.046e-02
[ 516] train th 1.896e-08 om 1.985e-05 r1 8.837e-03 r2 1.045e-02 | val th 2.453e-08 om 2.823e-05 r1 8.849e-03 r2 1.046e-02  *
[ 517] train th 2.288e-08 om 1.992e-05 r1 8.837e-03 r2 1.045e-02 | val th 2.814e-08 om 2.834e-05 r1 8.849e-03 r2 1.046e-02
[ 518] train th 1.902e-08 om 1.974e-05 r1 8.837e-03 r2 1.045e-02 | val th 2.361e-08 om 2.744e-05 r1 8.849e-03 r2 1.046e-02
[ 519] train th 1.949e-08 om 1.979e-05 r1 8.837e-03 r2 1.045e-02 | val th 3.084e-08 om 2.745e-05 r1 8.849e-03 r2 1.046e-02
[ 520] train th 2.451e-08 om 1.979e-05 r1 8.837e-03 r2 1.045e-02 | val th 2.346e-08 om 2.705e-05 r1 8.849e-03 r2 1.046e-02
[ 521] train th 2.096e-08 om 1.980e-05 r1 8.837e-03 r2 1.045e-02 | val th 2.414e-08 om 2.740e-05 r1 8.849e-03 r2 1.046e-02
[ 522] train th 2.014e-08 om 1.975e-05 r1 8.836e-03 r2 1.045e-02 | val th 3.099e-08 om 2.755e-05 r1 8.849e-03 r2 1.046e-02
[ 523] train th 2.233e-08 om 1.997e-05 r1 8.837e-03 r2 1.045e-02 | val th 2.151e-08 om 2.726e-05 r1 8.849e-03 r2 1.046e-02
[ 524] train th 2.192e-08 om 1.972e-05 r1 8.837e-03 r2 1.045e-02 | val th 2.168e-08 om 2.765e-05 r1 8.850e-03 r2 1.046e-02
[ 525] train th 1.904e-08 om 1.984e-05 r1 8.836e-03 r2 1.045e-02 | val th 2.393e-08 om 2.805e-05 r1 8.849e-03 r2 1.046e-02
[ 526] train th 2.001e-08 om 1.987e-05 r1 8.837e-03 r2 1.045e-02 | val th 2.243e-08 om 2.700e-05 r1 8.850e-03 r2 1.046e-02
[ 527] train th 1.950e-08 om 1.981e-05 r1 8.837e-03 r2 1.045e-02 | val th 3.491e-08 om 2.792e-05 r1 8.849e-03 r2 1.046e-02
[ 528] train th 1.802e-08 om 1.946e-05 r1 8.836e-03 r2 1.045e-02 | val th 2.383e-08 om 2.668e-05 r1 8.849e-03 r2 1.046e-02  *
[ 529] train th 2.107e-08 om 1.936e-05 r1 8.836e-03 r2 1.045e-02 | val th 2.178e-08 om 2.794e-05 r1 8.849e-03 r2 1.046e-02
[ 530] train th 1.987e-08 om 1.935e-05 r1 8.836e-03 r2 1.045e-02 | val th 2.215e-08 om 2.715e-05 r1 8.849e-03 r2 1.046e-02  *
[ 531] train th 1.876e-08 om 1.933e-05 r1 8.836e-03 r2 1.045e-02 | val th 2.614e-08 om 2.713e-05 r1 8.849e-03 r2 1.046e-02
[ 532] train th 1.907e-08 om 1.944e-05 r1 8.836e-03 r2 1.045e-02 | val th 2.427e-08 om 2.674e-05 r1 8.849e-03 r2 1.046e-02
[ 533] train th 1.814e-08 om 1.927e-05 r1 8.836e-03 r2 1.045e-02 | val th 2.255e-08 om 2.714e-05 r1 8.849e-03 r2 1.046e-02
[ 534] train th 1.901e-08 om 1.936e-05 r1 8.836e-03 r2 1.045e-02 | val th 2.724e-08 om 2.678e-05 r1 8.849e-03 r2 1.046e-02
[ 535] train th 1.750e-08 om 1.943e-05 r1 8.836e-03 r2 1.045e-02 | val th 2.412e-08 om 2.773e-05 r1 8.849e-03 r2 1.046e-02
[ 536] train th 1.834e-08 om 1.937e-05 r1 8.836e-03 r2 1.045e-02 | val th 2.081e-08 om 2.666e-05 r1 8.849e-03 r2 1.046e-02  *
[ 537] train th 1.895e-08 om 1.931e-05 r1 8.836e-03 r2 1.045e-02 | val th 2.151e-08 om 2.678e-05 r1 8.849e-03 r2 1.046e-02
[ 538] train th 2.202e-08 om 1.927e-05 r1 8.836e-03 r2 1.045e-02 | val th 2.451e-08 om 2.731e-05 r1 8.849e-03 r2 1.046e-02
[ 539] train th 2.087e-08 om 1.941e-05 r1 8.836e-03 r2 1.045e-02 | val th 2.394e-08 om 2.723e-05 r1 8.849e-03 r2 1.046e-02
[ 540] train th 2.130e-08 om 1.945e-05 r1 8.836e-03 r2 1.045e-02 | val th 2.704e-08 om 2.725e-05 r1 8.849e-03 r2 1.046e-02  *
[ 541] train th 1.856e-08 om 1.937e-05 r1 8.836e-03 r2 1.045e-02 | val th 2.068e-08 om 2.693e-05 r1 8.849e-03 r2 1.046e-02
[ 542] train th 2.077e-08 om 1.954e-05 r1 8.836e-03 r2 1.045e-02 | val th 2.222e-08 om 2.791e-05 r1 8.849e-03 r2 1.046e-02
[ 543] train th 1.976e-08 om 1.946e-05 r1 8.836e-03 r2 1.045e-02 | val th 2.222e-08 om 2.777e-05 r1 8.849e-03 r2 1.046e-02
[ 544] train th 1.954e-08 om 1.944e-05 r1 8.836e-03 r2 1.045e-02 | val th 3.096e-08 om 2.697e-05 r1 8.849e-03 r2 1.046e-02
[ 545] train th 1.926e-08 om 1.934e-05 r1 8.836e-03 r2 1.045e-02 | val th 2.128e-08 om 2.869e-05 r1 8.849e-03 r2 1.046e-02
[ 546] train th 1.811e-08 om 1.935e-05 r1 8.835e-03 r2 1.045e-02 | val th 2.225e-08 om 2.685e-05 r1 8.849e-03 r2 1.046e-02
[ 547] train th 1.915e-08 om 1.936e-05 r1 8.836e-03 r2 1.045e-02 | val th 2.353e-08 om 2.663e-05 r1 8.849e-03 r2 1.046e-02
[ 548] train th 2.154e-08 om 1.936e-05 r1 8.836e-03 r2 1.045e-02 | val th 3.714e-08 om 2.747e-05 r1 8.849e-03 r2 1.046e-02
[ 549] train th 2.116e-08 om 1.934e-05 r1 8.836e-03 r2 1.045e-02 | val th 2.538e-08 om 2.736e-05 r1 8.849e-03 r2 1.046e-02
[ 550] train th 2.021e-08 om 1.947e-05 r1 8.836e-03 r2 1.045e-02 | val th 2.576e-08 om 2.724e-05 r1 8.849e-03 r2 1.046e-02
[ 551] train th 1.912e-08 om 1.923e-05 r1 8.836e-03 r2 1.045e-02 | val th 2.481e-08 om 2.701e-05 r1 8.849e-03 r2 1.046e-02
[ 552] train th 2.117e-08 om 1.934e-05 r1 8.836e-03 r2 1.045e-02 | val th 2.685e-08 om 2.699e-05 r1 8.849e-03 r2 1.046e-02
[ 553] train th 2.098e-08 om 1.940e-05 r1 8.836e-03 r2 1.045e-02 | val th 2.351e-08 om 2.673e-05 r1 8.849e-03 r2 1.046e-02
[ 554] train th 1.939e-08 om 1.933e-05 r1 8.836e-03 r2 1.045e-02 | val th 2.542e-08 om 2.725e-05 r1 8.849e-03 r2 1.046e-02
[ 555] train th 1.762e-08 om 1.906e-05 r1 8.836e-03 r2 1.045e-02 | val th 2.489e-08 om 2.669e-05 r1 8.849e-03 r2 1.046e-02  *
[ 556] train th 1.872e-08 om 1.899e-05 r1 8.836e-03 r2 1.045e-02 | val th 2.222e-08 om 2.709e-05 r1 8.849e-03 r2 1.046e-02
[ 557] train th 1.757e-08 om 1.902e-05 r1 8.836e-03 r2 1.045e-02 | val th 2.259e-08 om 2.698e-05 r1 8.849e-03 r2 1.046e-02
[ 558] train th 1.804e-08 om 1.906e-05 r1 8.836e-03 r2 1.045e-02 | val th 2.167e-08 om 2.658e-05 r1 8.849e-03 r2 1.046e-02
[ 559] train th 1.847e-08 om 1.908e-05 r1 8.836e-03 r2 1.045e-02 | val th 2.183e-08 om 2.734e-05 r1 8.849e-03 r2 1.046e-02  *
[ 560] train th 1.891e-08 om 1.903e-05 r1 8.836e-03 r2 1.045e-02 | val th 3.246e-08 om 2.677e-05 r1 8.849e-03 r2 1.046e-02
[ 561] train th 1.796e-08 om 1.908e-05 r1 8.836e-03 r2 1.045e-02 | val th 2.094e-08 om 2.698e-05 r1 8.849e-03 r2 1.046e-02
[ 562] train th 1.880e-08 om 1.898e-05 r1 8.836e-03 r2 1.045e-02 | val th 2.269e-08 om 2.673e-05 r1 8.849e-03 r2 1.046e-02
[ 563] train th 1.815e-08 om 1.897e-05 r1 8.836e-03 r2 1.045e-02 | val th 2.136e-08 om 2.662e-05 r1 8.849e-03 r2 1.046e-02  *
[ 564] train th 1.863e-08 om 1.897e-05 r1 8.836e-03 r2 1.045e-02 | val th 2.318e-08 om 2.657e-05 r1 8.849e-03 r2 1.046e-02
[ 565] train th 1.778e-08 om 1.911e-05 r1 8.836e-03 r2 1.045e-02 | val th 2.172e-08 om 2.658e-05 r1 8.849e-03 r2 1.046e-02
[ 566] train th 1.788e-08 om 1.896e-05 r1 8.836e-03 r2 1.045e-02 | val th 2.248e-08 om 2.675e-05 r1 8.849e-03 r2 1.046e-02
[ 567] train th 1.832e-08 om 1.902e-05 r1 8.836e-03 r2 1.045e-02 | val th 2.153e-08 om 2.703e-05 r1 8.849e-03 r2 1.046e-02
[ 568] train th 1.875e-08 om 1.909e-05 r1 8.836e-03 r2 1.045e-02 | val th 2.155e-08 om 2.690e-05 r1 8.849e-03 r2 1.046e-02
[ 569] train th 1.647e-08 om 1.879e-05 r1 8.836e-03 r2 1.045e-02 | val th 2.139e-08 om 2.651e-05 r1 8.848e-03 r2 1.046e-02  *
[ 570] train th 1.724e-08 om 1.885e-05 r1 8.836e-03 r2 1.045e-02 | val th 2.138e-08 om 2.674e-05 r1 8.848e-03 r2 1.046e-02
[ 571] train th 1.668e-08 om 1.877e-05 r1 8.836e-03 r2 1.045e-02 | val th 2.213e-08 om 2.656e-05 r1 8.848e-03 r2 1.046e-02
[ 572] train th 1.635e-08 om 1.883e-05 r1 8.836e-03 r2 1.045e-02 | val th 2.166e-08 om 2.652e-05 r1 8.849e-03 r2 1.046e-02
[ 573] train th 1.725e-08 om 1.880e-05 r1 8.836e-03 r2 1.045e-02 | val th 2.128e-08 om 2.660e-05 r1 8.848e-03 r2 1.046e-02
[ 574] train th 1.726e-08 om 1.879e-05 r1 8.836e-03 r2 1.045e-02 | val th 2.150e-08 om 2.654e-05 r1 8.848e-03 r2 1.046e-02
[ 575] train th 1.729e-08 om 1.884e-05 r1 8.836e-03 r2 1.045e-02 | val th 2.377e-08 om 2.690e-05 r1 8.848e-03 r2 1.046e-02
[ 576] train th 1.706e-08 om 1.882e-05 r1 8.836e-03 r2 1.045e-02 | val th 2.901e-08 om 2.663e-05 r1 8.849e-03 r2 1.046e-02
[ 577] train th 1.735e-08 om 1.882e-05 r1 8.836e-03 r2 1.045e-02 | val th 2.065e-08 om 2.656e-05 r1 8.848e-03 r2 1.046e-02  *
[ 578] train th 1.645e-08 om 1.888e-05 r1 8.836e-03 r2 1.045e-02 | val th 2.108e-08 om 2.657e-05 r1 8.848e-03 r2 1.046e-02
[ 579] train th 1.705e-08 om 1.879e-05 r1 8.836e-03 r2 1.045e-02 | val th 2.085e-08 om 2.658e-05 r1 8.849e-03 r2 1.046e-02
[ 580] train th 1.719e-08 om 1.883e-05 r1 8.836e-03 r2 1.045e-02 | val th 2.256e-08 om 2.646e-05 r1 8.848e-03 r2 1.046e-02
[ 581] train th 1.717e-08 om 1.885e-05 r1 8.836e-03 r2 1.045e-02 | val th 2.279e-08 om 2.656e-05 r1 8.848e-03 r2 1.046e-02
[ 582] train th 1.673e-08 om 1.881e-05 r1 8.836e-03 r2 1.045e-02 | val th 2.591e-08 om 2.677e-05 r1 8.848e-03 r2 1.046e-02
[ 583] train th 1.601e-08 om 1.873e-05 r1 8.836e-03 r2 1.045e-02 | val th 2.075e-08 om 2.660e-05 r1 8.848e-03 r2 1.046e-02
[ 584] train th 1.630e-08 om 1.877e-05 r1 8.836e-03 r2 1.045e-02 | val th 2.227e-08 om 2.651e-05 r1 8.848e-03 r2 1.046e-02
[ 585] train th 1.642e-08 om 1.874e-05 r1 8.836e-03 r2 1.045e-02 | val th 2.165e-08 om 2.647e-05 r1 8.848e-03 r2 1.046e-02  *
[ 586] train th 1.624e-08 om 1.874e-05 r1 8.836e-03 r2 1.045e-02 | val th 2.302e-08 om 2.654e-05 r1 8.848e-03 r2 1.046e-02
[ 587] train th 1.603e-08 om 1.872e-05 r1 8.836e-03 r2 1.045e-02 | val th 2.069e-08 om 2.647e-05 r1 8.848e-03 r2 1.046e-02
[ 588] train th 1.607e-08 om 1.875e-05 r1 8.836e-03 r2 1.045e-02 | val th 2.086e-08 om 2.655e-05 r1 8.848e-03 r2 1.046e-02
[ 589] train th 1.622e-08 om 1.873e-05 r1 8.836e-03 r2 1.045e-02 | val th 2.249e-08 om 2.642e-05 r1 8.848e-03 r2 1.046e-02
[ 590] train th 1.641e-08 om 1.872e-05 r1 8.836e-03 r2 1.045e-02 | val th 2.091e-08 om 2.653e-05 r1 8.848e-03 r2 1.046e-02
[ 591] train th 1.579e-08 om 1.874e-05 r1 8.836e-03 r2 1.045e-02 | val th 2.096e-08 om 2.659e-05 r1 8.848e-03 r2 1.046e-02
[ 592] train th 1.602e-08 om 1.873e-05 r1 8.836e-03 r2 1.045e-02 | val th 2.082e-08 om 2.642e-05 r1 8.848e-03 r2 1.046e-02
[ 593] train th 1.590e-08 om 1.873e-05 r1 8.836e-03 r2 1.045e-02 | val th 2.352e-08 om 2.643e-05 r1 8.848e-03 r2 1.046e-02
[ 594] train th 1.558e-08 om 1.872e-05 r1 8.836e-03 r2 1.045e-02 | val th 2.081e-08 om 2.667e-05 r1 8.848e-03 r2 1.046e-02
[ 595] train th 1.680e-08 om 1.873e-05 r1 8.836e-03 r2 1.045e-02 | val th 2.115e-08 om 2.640e-05 r1 8.848e-03 r2 1.046e-02
[ 596] train th 1.629e-08 om 1.872e-05 r1 8.836e-03 r2 1.045e-02 | val th 2.075e-08 om 2.656e-05 r1 8.848e-03 r2 1.046e-02
[ 597] train th 1.528e-08 om 1.865e-05 r1 8.836e-03 r2 1.045e-02 | val th 2.061e-08 om 2.645e-05 r1 8.848e-03 r2 1.046e-02  *
[ 598] train th 1.543e-08 om 1.867e-05 r1 8.836e-03 r2 1.045e-02 | val th 2.094e-08 om 2.653e-05 r1 8.848e-03 r2 1.046e-02
[ 599] train th 1.564e-08 om 1.867e-05 r1 8.836e-03 r2 1.045e-02 | val th 2.117e-08 om 2.644e-05 r1 8.848e-03 r2 1.046e-02
[ 600] train th 1.552e-08 om 1.867e-05 r1 8.836e-03 r2 1.045e-02 | val th 2.056e-08 om 2.649e-05 r1 8.848e-03 r2 1.046e-02
[ 601] train th 1.532e-08 om 1.866e-05 r1 8.836e-03 r2 1.045e-02 | val th 2.095e-08 om 2.642e-05 r1 8.848e-03 r2 1.046e-02
[ 602] train th 1.572e-08 om 1.865e-05 r1 8.836e-03 r2 1.045e-02 | val th 2.077e-08 om 2.646e-05 r1 8.848e-03 r2 1.046e-02
[ 603] train th 1.530e-08 om 1.865e-05 r1 8.836e-03 r2 1.045e-02 | val th 2.151e-08 om 2.656e-05 r1 8.848e-03 r2 1.046e-02
[ 604] train th 1.572e-08 om 1.868e-05 r1 8.836e-03 r2 1.045e-02 | val th 2.344e-08 om 2.645e-05 r1 8.848e-03 r2 1.046e-02
[ 605] train th 1.575e-08 om 1.867e-05 r1 8.836e-03 r2 1.045e-02 | val th 2.092e-08 om 2.644e-05 r1 8.848e-03 r2 1.046e-02  *
[ 606] train th 1.574e-08 om 1.867e-05 r1 8.836e-03 r2 1.045e-02 | val th 2.042e-08 om 2.649e-05 r1 8.848e-03 r2 1.046e-02
[ 607] train th 1.534e-08 om 1.867e-05 r1 8.836e-03 r2 1.045e-02 | val th 2.040e-08 om 2.644e-05 r1 8.848e-03 r2 1.046e-02
[ 608] train th 1.553e-08 om 1.866e-05 r1 8.836e-03 r2 1.045e-02 | val th 2.096e-08 om 2.645e-05 r1 8.848e-03 r2 1.046e-02
[ 609] train th 1.554e-08 om 1.867e-05 r1 8.836e-03 r2 1.045e-02 | val th 2.044e-08 om 2.652e-05 r1 8.848e-03 r2 1.046e-02
[ 610] train th 1.547e-08 om 1.866e-05 r1 8.836e-03 r2 1.045e-02 | val th 2.070e-08 om 2.645e-05 r1 8.848e-03 r2 1.046e-02
[ 611] train th 1.513e-08 om 1.863e-05 r1 8.836e-03 r2 1.045e-02 | val th 2.054e-08 om 2.647e-05 r1 8.848e-03 r2 1.046e-02  *
[ 612] train th 1.518e-08 om 1.863e-05 r1 8.836e-03 r2 1.045e-02 | val th 2.066e-08 om 2.651e-05 r1 8.848e-03 r2 1.046e-02
[ 613] train th 1.513e-08 om 1.864e-05 r1 8.836e-03 r2 1.045e-02 | val th 2.040e-08 om 2.642e-05 r1 8.848e-03 r2 1.046e-02  *
[ 614] train th 1.511e-08 om 1.863e-05 r1 8.836e-03 r2 1.045e-02 | val th 2.067e-08 om 2.645e-05 r1 8.848e-03 r2 1.046e-02
[ 615] train th 1.510e-08 om 1.864e-05 r1 8.836e-03 r2 1.045e-02 | val th 2.045e-08 om 2.651e-05 r1 8.848e-03 r2 1.046e-02
[ 616] train th 1.522e-08 om 1.862e-05 r1 8.836e-03 r2 1.045e-02 | val th 2.054e-08 om 2.643e-05 r1 8.848e-03 r2 1.046e-02
[ 617] train th 1.515e-08 om 1.863e-05 r1 8.836e-03 r2 1.045e-02 | val th 2.042e-08 om 2.644e-05 r1 8.848e-03 r2 1.046e-02
[ 618] train th 1.525e-08 om 1.863e-05 r1 8.836e-03 r2 1.045e-02 | val th 2.108e-08 om 2.644e-05 r1 8.848e-03 r2 1.046e-02
[ 619] train th 1.519e-08 om 1.863e-05 r1 8.836e-03 r2 1.045e-02 | val th 2.068e-08 om 2.642e-05 r1 8.848e-03 r2 1.046e-02
[ 620] train th 1.511e-08 om 1.862e-05 r1 8.835e-03 r2 1.045e-02 | val th 2.055e-08 om 2.645e-05 r1 8.848e-03 r2 1.046e-02
[ 621] train th 1.521e-08 om 1.863e-05 r1 8.836e-03 r2 1.045e-02 | val th 2.060e-08 om 2.642e-05 r1 8.848e-03 r2 1.046e-02
[ 622] train th 1.514e-08 om 1.863e-05 r1 8.836e-03 r2 1.045e-02 | val th 2.069e-08 om 2.645e-05 r1 8.848e-03 r2 1.046e-02  *
[ 623] train th 1.506e-08 om 1.864e-05 r1 8.835e-03 r2 1.045e-02 | val th 2.067e-08 om 2.640e-05 r1 8.848e-03 r2 1.046e-02
[ 624] train th 1.516e-08 om 1.863e-05 r1 8.836e-03 r2 1.045e-02 | val th 2.060e-08 om 2.647e-05 r1 8.848e-03 r2 1.046e-02
[ 625] train th 1.500e-08 om 1.862e-05 r1 8.836e-03 r2 1.045e-02 | val th 2.056e-08 om 2.644e-05 r1 8.848e-03 r2 1.046e-02
[ 626] train th 1.498e-08 om 1.861e-05 r1 8.836e-03 r2 1.045e-02 | val th 2.055e-08 om 2.642e-05 r1 8.848e-03 r2 1.046e-02  *
[ 627] train th 1.498e-08 om 1.861e-05 r1 8.836e-03 r2 1.045e-02 | val th 2.041e-08 om 2.642e-05 r1 8.848e-03 r2 1.046e-02
[ 628] train th 1.499e-08 om 1.862e-05 r1 8.836e-03 r2 1.045e-02 | val th 2.042e-08 om 2.642e-05 r1 8.848e-03 r2 1.046e-02
[ 629] train th 1.500e-08 om 1.861e-05 r1 8.836e-03 r2 1.045e-02 | val th 2.054e-08 om 2.644e-05 r1 8.848e-03 r2 1.046e-02
[ 630] train th 1.497e-08 om 1.862e-05 r1 8.836e-03 r2 1.045e-02 | val th 2.059e-08 om 2.644e-05 r1 8.848e-03 r2 1.046e-02
[ 631] train th 1.498e-08 om 1.861e-05 r1 8.836e-03 r2 1.045e-02 | val th 2.046e-08 om 2.644e-05 r1 8.848e-03 r2 1.046e-02
[ 632] train th 1.498e-08 om 1.861e-05 r1 8.835e-03 r2 1.045e-02 | val th 2.046e-08 om 2.643e-05 r1 8.848e-03 r2 1.046e-02
[ 633] train th 1.497e-08 om 1.862e-05 r1 8.836e-03 r2 1.045e-02 | val th 2.054e-08 om 2.643e-05 r1 8.848e-03 r2 1.046e-02
[ 634] train th 1.498e-08 om 1.861e-05 r1 8.836e-03 r2 1.045e-02 | val th 2.051e-08 om 2.642e-05 r1 8.848e-03 r2 1.046e-02
[ 635] train th 1.496e-08 om 1.862e-05 r1 8.836e-03 r2 1.045e-02 | val th 2.045e-08 om 2.644e-05 r1 8.848e-03 r2 1.046e-02
[ 636] train th 1.503e-08 om 1.862e-05 r1 8.836e-03 r2 1.045e-02 | val th 2.041e-08 om 2.643e-05 r1 8.848e-03 r2 1.046e-02
[ 637] train th 1.499e-08 om 1.862e-05 r1 8.836e-03 r2 1.045e-02 | val th 2.041e-08 om 2.641e-05 r1 8.848e-03 r2 1.046e-02  *
[ 638] train th 1.497e-08 om 1.861e-05 r1 8.836e-03 r2 1.045e-02 | val th 2.043e-08 om 2.642e-05 r1 8.848e-03 r2 1.046e-02
[ 639] train th 1.493e-08 om 1.860e-05 r1 8.836e-03 r2 1.045e-02 | val th 2.044e-08 om 2.642e-05 r1 8.848e-03 r2 1.046e-02
[ 640] train th 1.493e-08 om 1.860e-05 r1 8.836e-03 r2 1.045e-02 | val th 2.038e-08 om 2.642e-05 r1 8.848e-03 r2 1.046e-02
[ 641] train th 1.490e-08 om 1.860e-05 r1 8.836e-03 r2 1.045e-02 | val th 2.040e-08 om 2.641e-05 r1 8.848e-03 r2 1.046e-02
[ 642] train th 1.493e-08 om 1.860e-05 r1 8.836e-03 r2 1.045e-02 | val th 2.039e-08 om 2.641e-05 r1 8.848e-03 r2 1.046e-02
[ 643] train th 1.492e-08 om 1.860e-05 r1 8.836e-03 r2 1.045e-02 | val th 2.039e-08 om 2.642e-05 r1 8.848e-03 r2 1.046e-02
[ 644] train th 1.491e-08 om 1.860e-05 r1 8.836e-03 r2 1.045e-02 | val th 2.047e-08 om 2.642e-05 r1 8.848e-03 r2 1.046e-02
[ 645] train th 1.491e-08 om 1.859e-05 r1 8.835e-03 r2 1.045e-02 | val th 2.040e-08 om 2.642e-05 r1 8.848e-03 r2 1.046e-02
[ 646] train th 1.491e-08 om 1.861e-05 r1 8.836e-03 r2 1.045e-02 | val th 2.039e-08 om 2.643e-05 r1 8.848e-03 r2 1.046e-02
[ 647] train th 1.492e-08 om 1.860e-05 r1 8.836e-03 r2 1.045e-02 | val th 2.039e-08 om 2.642e-05 r1 8.848e-03 r2 1.046e-02
[ 648] train th 1.491e-08 om 1.860e-05 r1 8.836e-03 r2 1.045e-02 | val th 2.043e-08 om 2.642e-05 r1 8.848e-03 r2 1.046e-02
[ 649] train th 1.492e-08 om 1.860e-05 r1 8.836e-03 r2 1.045e-02 | val th 2.040e-08 om 2.641e-05 r1 8.848e-03 r2 1.046e-02
[ 650] train th 1.490e-08 om 1.860e-05 r1 8.836e-03 r2 1.045e-02 | val th 2.038e-08 om 2.644e-05 r1 8.848e-03 r2 1.046e-02
[ 651] train th 1.491e-08 om 1.860e-05 r1 8.836e-03 r2 1.045e-02 | val th 2.046e-08 om 2.642e-05 r1 8.848e-03 r2 1.046e-02
[ 652] train th 1.493e-08 om 1.860e-05 r1 8.836e-03 r2 1.045e-02 | val th 2.040e-08 om 2.642e-05 r1 8.848e-03 r2 1.046e-02
[ 653] train th 1.491e-08 om 1.860e-05 r1 8.836e-03 r2 1.045e-02 | val th 2.038e-08 om 2.644e-05 r1 8.848e-03 r2 1.046e-02
[ 654] train th 1.491e-08 om 1.860e-05 r1 8.836e-03 r2 1.045e-02 | val th 2.040e-08 om 2.641e-05 r1 8.848e-03 r2 1.046e-02
[ 655] train th 1.491e-08 om 1.860e-05 r1 8.835e-03 r2 1.045e-02 | val th 2.043e-08 om 2.642e-05 r1 8.848e-03 r2 1.046e-02
[ 656] train th 1.490e-08 om 1.861e-05 r1 8.836e-03 r2 1.045e-02 | val th 2.038e-08 om 2.644e-05 r1 8.848e-03 r2 1.046e-02
[ 657] train th 1.491e-08 om 1.860e-05 r1 8.836e-03 r2 1.045e-02 | val th 2.038e-08 om 2.643e-05 r1 8.848e-03 r2 1.046e-02
[ 658] train th 1.491e-08 om 1.860e-05 r1 8.836e-03 r2 1.045e-02 | val th 2.038e-08 om 2.642e-05 r1 8.848e-03 r2 1.046e-02
[ 659] train th 1.490e-08 om 1.860e-05 r1 8.836e-03 r2 1.045e-02 | val th 2.039e-08 om 2.642e-05 r1 8.848e-03 r2 1.046e-02
[ 660] train th 1.491e-08 om 1.860e-05 r1 8.836e-03 r2 1.045e-02 | val th 2.041e-08 om 2.642e-05 r1 8.848e-03 r2 1.046e-02
[ 661] train th 1.490e-08 om 1.860e-05 r1 8.836e-03 r2 1.045e-02 | val th 2.040e-08 om 2.641e-05 r1 8.848e-03 r2 1.046e-02  *
[ 662] train th 1.491e-08 om 1.860e-05 r1 8.836e-03 r2 1.045e-02 | val th 2.039e-08 om 2.642e-05 r1 8.848e-03 r2 1.046e-02
[ 663] train th 1.490e-08 om 1.861e-05 r1 8.836e-03 r2 1.045e-02 | val th 2.038e-08 om 2.642e-05 r1 8.848e-03 r2 1.046e-02
[ 664] train th 1.491e-08 om 1.860e-05 r1 8.836e-03 r2 1.045e-02 | val th 2.039e-08 om 2.643e-05 r1 8.848e-03 r2 1.046e-02
[ 665] train th 1.490e-08 om 1.861e-05 r1 8.836e-03 r2 1.045e-02 | val th 2.043e-08 om 2.642e-05 r1 8.848e-03 r2 1.046e-02
[ 666] train th 1.491e-08 om 1.860e-05 r1 8.836e-03 r2 1.045e-02 | val th 2.040e-08 om 2.641e-05 r1 8.848e-03 r2 1.046e-02
[ 667] train th 1.491e-08 om 1.860e-05 r1 8.836e-03 r2 1.045e-02 | val th 2.044e-08 om 2.641e-05 r1 8.848e-03 r2 1.046e-02
[ 668] train th 1.492e-08 om 1.860e-05 r1 8.836e-03 r2 1.045e-02 | val th 2.047e-08 om 2.642e-05 r1 8.848e-03 r2 1.046e-02
[ 669] train th 1.491e-08 om 1.861e-05 r1 8.836e-03 r2 1.045e-02 | val th 2.046e-08 om 2.643e-05 r1 8.848e-03 r2 1.046e-02
[ 670] train th 1.492e-08 om 1.860e-05 r1 8.836e-03 r2 1.045e-02 | val th 2.039e-08 om 2.641e-05 r1 8.848e-03 r2 1.046e-02
[ 671] train th 1.491e-08 om 1.860e-05 r1 8.836e-03 r2 1.045e-02 | val th 2.041e-08 om 2.643e-05 r1 8.848e-03 r2 1.046e-02
[ 672] train th 1.491e-08 om 1.860e-05 r1 8.836e-03 r2 1.045e-02 | val th 2.042e-08 om 2.641e-05 r1 8.848e-03 r2 1.046e-02
[ 673] train th 1.491e-08 om 1.860e-05 r1 8.836e-03 r2 1.045e-02 | val th 2.037e-08 om 2.642e-05 r1 8.848e-03 r2 1.046e-02
[ 674] train th 1.492e-08 om 1.860e-05 r1 8.836e-03 r2 1.045e-02 | val th 2.039e-08 om 2.642e-05 r1 8.848e-03 r2 1.046e-02
[ 675] train th 1.491e-08 om 1.860e-05 r1 8.836e-03 r2 1.045e-02 | val th 2.040e-08 om 2.643e-05 r1 8.848e-03 r2 1.046e-02
[ 676] train th 1.492e-08 om 1.860e-05 r1 8.836e-03 r2 1.045e-02 | val th 2.042e-08 om 2.642e-05 r1 8.848e-03 r2 1.046e-02
[ 677] train th 1.492e-08 om 1.860e-05 r1 8.836e-03 r2 1.045e-02 | val th 2.037e-08 om 2.642e-05 r1 8.848e-03 r2 1.046e-02
[ 678] train th 1.491e-08 om 1.860e-05 r1 8.836e-03 r2 1.045e-02 | val th 2.042e-08 om 2.643e-05 r1 8.848e-03 r2 1.046e-02
[ 679] train th 1.490e-08 om 1.860e-05 r1 8.836e-03 r2 1.045e-02 | val th 2.039e-08 om 2.642e-05 r1 8.848e-03 r2 1.046e-02
[ 680] train th 1.492e-08 om 1.860e-05 r1 8.836e-03 r2 1.045e-02 | val th 2.039e-08 om 2.642e-05 r1 8.848e-03 r2 1.046e-02
[ 681] train th 1.491e-08 om 1.860e-05 r1 8.836e-03 r2 1.045e-02 | val th 2.038e-08 om 2.642e-05 r1 8.848e-03 r2 1.046e-02
[ 682] train th 1.492e-08 om 1.860e-05 r1 8.836e-03 r2 1.045e-02 | val th 2.040e-08 om 2.642e-05 r1 8.848e-03 r2 1.046e-02
[ 683] train th 1.490e-08 om 1.860e-05 r1 8.836e-03 r2 1.045e-02 | val th 2.040e-08 om 2.642e-05 r1 8.848e-03 r2 1.046e-02
[ 684] train th 1.490e-08 om 1.860e-05 r1 8.836e-03 r2 1.045e-02 | val th 2.044e-08 om 2.643e-05 r1 8.848e-03 r2 1.046e-02
[ 685] train th 1.491e-08 om 1.860e-05 r1 8.836e-03 r2 1.045e-02 | val th 2.039e-08 om 2.643e-05 r1 8.848e-03 r2 1.046e-02
[ 686] train th 1.492e-08 om 1.860e-05 r1 8.836e-03 r2 1.045e-02 | val th 2.038e-08 om 2.641e-05 r1 8.848e-03 r2 1.046e-02
[ 687] train th 1.493e-08 om 1.860e-05 r1 8.836e-03 r2 1.045e-02 | val th 2.042e-08 om 2.642e-05 r1 8.848e-03 r2 1.046e-02
[ 688] train th 1.491e-08 om 1.860e-05 r1 8.836e-03 r2 1.045e-02 | val th 2.041e-08 om 2.641e-05 r1 8.848e-03 r2 1.046e-02
[ 689] train th 1.490e-08 om 1.860e-05 r1 8.836e-03 r2 1.045e-02 | val th 2.038e-08 om 2.641e-05 r1 8.848e-03 r2 1.046e-02
[ 690] train th 1.490e-08 om 1.860e-05 r1 8.836e-03 r2 1.045e-02 | val th 2.042e-08 om 2.643e-05 r1 8.848e-03 r2 1.046e-02
[ 691] train th 1.494e-08 om 1.860e-05 r1 8.836e-03 r2 1.045e-02 | val th 2.040e-08 om 2.641e-05 r1 8.848e-03 r2 1.046e-02
[ 692] train th 1.491e-08 om 1.860e-05 r1 8.836e-03 r2 1.045e-02 | val th 2.040e-08 om 2.641e-05 r1 8.848e-03 r2 1.046e-02
[ 693] train th 1.493e-08 om 1.860e-05 r1 8.836e-03 r2 1.045e-02 | val th 2.047e-08 om 2.642e-05 r1 8.848e-03 r2 1.046e-02
[ 694] train th 1.492e-08 om 1.860e-05 r1 8.836e-03 r2 1.045e-02 | val th 2.039e-08 om 2.644e-05 r1 8.848e-03 r2 1.046e-02
[ 695] train th 1.491e-08 om 1.860e-05 r1 8.836e-03 r2 1.045e-02 | val th 2.038e-08 om 2.641e-05 r1 8.848e-03 r2 1.046e-02
[ 696] train th 1.492e-08 om 1.860e-05 r1 8.836e-03 r2 1.045e-02 | val th 2.038e-08 om 2.641e-05 r1 8.848e-03 r2 1.046e-02
[ 697] train th 1.490e-08 om 1.860e-05 r1 8.836e-03 r2 1.045e-02 | val th 2.039e-08 om 2.642e-05 r1 8.848e-03 r2 1.046e-02
[ 698] train th 1.492e-08 om 1.860e-05 r1 8.836e-03 r2 1.045e-02 | val th 2.039e-08 om 2.643e-05 r1 8.848e-03 r2 1.046e-02
[ 699] train th 1.491e-08 om 1.860e-05 r1 8.835e-03 r2 1.045e-02 | val th 2.048e-08 om 2.642e-05 r1 8.848e-03 r2 1.046e-02
[ 700] train th 1.492e-08 om 1.860e-05 r1 8.835e-03 r2 1.045e-02 | val th 2.041e-08 om 2.642e-05 r1 8.848e-03 r2 1.046e-02
[ 701] train th 1.492e-08 om 1.860e-05 r1 8.836e-03 r2 1.045e-02 | val th 2.039e-08 om 2.642e-05 r1 8.848e-03 r2 1.046e-02
early stop at 701 (best 661)
[famD_W40_n5000_W40_F4_mf503_wp0.3_s4sp0] rollout_full_rms 4.6814e-04  compounding 3.49x  (5320s)
=== seed 5 starting Thu Aug 20 03:19:38 CEST 2026 ===
/Users/andreasodontopoulos/Desktop/DTU/Summer_Internship_2026/PLL_Attempt/.venv/lib/python3.14/site-packages/pytorch_optimizer/optimizer/soap.py:164: UserWarning: The operator 'aten::_linalg_eigh.eigenvalues' is not currently supported on the MPS backend and will fall back to run on the CPU. This may have performance implications. (Triggered internally at /Users/runner/work/pytorch/pytorch/aten/src/ATen/mps/MPSFallback.mm:34.)
  _, q = torch.linalg.eigh(m + 1e-30 * torch.eye(m.shape[0], device=m.device, dtype=m.dtype))
theta 0 shape: torch.Size([200000]) theta_0 unsqueezed shape: torch.Size([200000, 1])
t shape: torch.Size([125]) t unsqueezed shape: torch.Size([1, 125])
device mps | 170000 train / 30000 val rows
mu=-0.0121 sd=5.4396 w_omega=3.5787e-02 | s1=6.158 rad/s  s2=67.969 rad/s^2
[famD_W40_n5000_W40_F4_mf503_wp0.3_s5sp0] arch=deeponet residual=eq4 output_dim=2 branch_in=378 trunk_in=9 params=45,696
[   1] train th 1.987e-03 om 4.641e+00 r1 7.629e-01 r2 5.678e-01 | val th 8.344e-05 om 1.329e-02 r1 2.376e-02 r2 2.409e-02  *
[   2] train th 4.090e-05 om 7.360e-03 r1 1.861e-02 r2 2.073e-02 | val th 2.271e-05 om 7.048e-03 r1 1.692e-02 r2 1.799e-02  *
[   3] train th 3.275e-05 om 6.950e-03 r1 1.576e-02 r2 1.706e-02 | val th 4.674e-05 om 6.425e-03 r1 1.384e-02 r2 1.578e-02  *
[   4] train th 2.957e-05 om 7.561e-03 r1 1.445e-02 r2 1.604e-02 | val th 2.397e-05 om 9.990e-03 r1 1.477e-02 r2 1.579e-02
[   5] train th 3.207e-05 om 8.416e-03 r1 1.426e-02 r2 1.585e-02 | val th 2.351e-05 om 6.859e-03 r1 1.372e-02 r2 1.545e-02  *
[   6] train th 3.074e-05 om 9.992e-03 r1 1.392e-02 r2 1.564e-02 | val th 3.145e-05 om 8.464e-03 r1 1.389e-02 r2 1.539e-02
[   7] train th 2.840e-05 om 7.971e-03 r1 1.361e-02 r2 1.544e-02 | val th 9.907e-06 om 6.626e-03 r1 1.340e-02 r2 1.496e-02  *
[   8] train th 2.520e-05 om 8.315e-03 r1 1.328e-02 r2 1.514e-02 | val th 4.060e-05 om 5.353e-03 r1 1.385e-02 r2 1.521e-02
[   9] train th 2.748e-05 om 8.839e-03 r1 1.326e-02 r2 1.512e-02 | val th 3.060e-05 om 6.099e-03 r1 1.310e-02 r2 1.516e-02  *
[  10] train th 2.701e-05 om 6.746e-03 r1 1.343e-02 r2 1.532e-02 | val th 1.506e-05 om 8.905e-03 r1 1.376e-02 r2 1.535e-02
[  11] train th 2.916e-05 om 7.153e-03 r1 1.331e-02 r2 1.519e-02 | val th 2.750e-05 om 7.501e-03 r1 1.307e-02 r2 1.506e-02
[  12] train th 3.126e-05 om 8.667e-03 r1 1.328e-02 r2 1.520e-02 | val th 2.395e-05 om 8.802e-03 r1 1.338e-02 r2 1.521e-02
[  13] train th 3.169e-05 om 9.209e-03 r1 1.320e-02 r2 1.515e-02 | val th 3.896e-05 om 5.252e-03 r1 1.296e-02 r2 1.489e-02  *
[  14] train th 2.624e-05 om 8.306e-03 r1 1.318e-02 r2 1.512e-02 | val th 4.177e-05 om 5.447e-03 r1 1.314e-02 r2 1.520e-02
[  15] train th 2.305e-05 om 6.676e-03 r1 1.297e-02 r2 1.496e-02 | val th 2.601e-05 om 5.692e-03 r1 1.264e-02 r2 1.483e-02  *
[  16] train th 3.447e-05 om 7.604e-03 r1 1.300e-02 r2 1.510e-02 | val th 2.406e-05 om 7.067e-03 r1 1.259e-02 r2 1.473e-02
[  17] train th 2.683e-05 om 8.329e-03 r1 1.255e-02 r2 1.445e-02 | val th 2.480e-05 om 7.846e-03 r1 1.199e-02 r2 1.389e-02  *
[  18] train th 2.994e-05 om 9.291e-03 r1 1.241e-02 r2 1.425e-02 | val th 2.046e-05 om 7.179e-03 r1 1.240e-02 r2 1.414e-02
[  19] train th 2.747e-05 om 8.023e-03 r1 1.231e-02 r2 1.416e-02 | val th 1.838e-05 om 9.849e-03 r1 1.270e-02 r2 1.453e-02
[  20] train th 3.262e-05 om 8.920e-03 r1 1.234e-02 r2 1.420e-02 | val th 2.683e-05 om 7.966e-03 r1 1.195e-02 r2 1.395e-02
[  21] train th 2.579e-05 om 8.176e-03 r1 1.241e-02 r2 1.423e-02 | val th 3.488e-05 om 7.172e-03 r1 1.273e-02 r2 1.447e-02
[  22] train th 3.162e-05 om 6.468e-03 r1 1.233e-02 r2 1.416e-02 | val th 1.567e-05 om 5.504e-03 r1 1.226e-02 r2 1.435e-02
[  23] train th 2.881e-05 om 5.403e-03 r1 1.229e-02 r2 1.416e-02 | val th 1.714e-05 om 5.449e-03 r1 1.204e-02 r2 1.398e-02  *
[  24] train th 2.848e-05 om 6.361e-03 r1 1.224e-02 r2 1.414e-02 | val th 1.952e-05 om 1.177e-02 r1 1.192e-02 r2 1.390e-02
[  25] train th 2.717e-05 om 6.122e-03 r1 1.219e-02 r2 1.407e-02 | val th 1.297e-05 om 5.296e-03 r1 1.244e-02 r2 1.413e-02
[  26] train th 2.494e-05 om 6.194e-03 r1 1.217e-02 r2 1.403e-02 | val th 3.176e-05 om 1.152e-02 r1 1.201e-02 r2 1.396e-02
[  27] train th 2.638e-05 om 6.083e-03 r1 1.228e-02 r2 1.415e-02 | val th 3.172e-05 om 5.289e-03 r1 1.233e-02 r2 1.429e-02
[  28] train th 3.231e-05 om 7.107e-03 r1 1.219e-02 r2 1.406e-02 | val th 2.253e-05 om 6.378e-03 r1 1.185e-02 r2 1.381e-02  *
[  29] train th 2.722e-05 om 6.634e-03 r1 1.206e-02 r2 1.394e-02 | val th 1.632e-05 om 5.423e-03 r1 1.192e-02 r2 1.379e-02  *
[  30] train th 2.698e-05 om 5.702e-03 r1 1.188e-02 r2 1.372e-02 | val th 2.966e-05 om 5.504e-03 r1 1.181e-02 r2 1.360e-02  *
[  31] train th 2.627e-05 om 6.070e-03 r1 1.191e-02 r2 1.371e-02 | val th 1.586e-05 om 5.495e-03 r1 1.188e-02 r2 1.354e-02  *
[  32] train th 2.957e-05 om 6.960e-03 r1 1.193e-02 r2 1.371e-02 | val th 1.724e-05 om 4.839e-03 r1 1.176e-02 r2 1.349e-02  *
[  33] train th 2.541e-05 om 5.472e-03 r1 1.186e-02 r2 1.370e-02 | val th 3.304e-05 om 5.521e-03 r1 1.219e-02 r2 1.380e-02
[  34] train th 2.742e-05 om 6.338e-03 r1 1.185e-02 r2 1.364e-02 | val th 1.286e-05 om 5.597e-03 r1 1.186e-02 r2 1.359e-02
[  35] train th 2.694e-05 om 5.931e-03 r1 1.189e-02 r2 1.369e-02 | val th 2.187e-05 om 6.158e-03 r1 1.183e-02 r2 1.357e-02
[  36] train th 2.598e-05 om 6.348e-03 r1 1.180e-02 r2 1.363e-02 | val th 4.189e-05 om 8.179e-03 r1 1.183e-02 r2 1.364e-02
[  37] train th 2.623e-05 om 6.921e-03 r1 1.178e-02 r2 1.357e-02 | val th 2.987e-05 om 4.094e-03 r1 1.159e-02 r2 1.340e-02  *
[  38] train th 2.582e-05 om 5.961e-03 r1 1.177e-02 r2 1.362e-02 | val th 2.699e-05 om 4.796e-03 r1 1.143e-02 r2 1.331e-02  *
[  39] train th 2.611e-05 om 4.749e-03 r1 1.174e-02 r2 1.358e-02 | val th 1.972e-05 om 3.701e-03 r1 1.150e-02 r2 1.332e-02  *
[  40] train th 2.310e-05 om 4.955e-03 r1 1.165e-02 r2 1.353e-02 | val th 1.829e-05 om 8.969e-03 r1 1.173e-02 r2 1.354e-02
[  41] train th 2.717e-05 om 6.248e-03 r1 1.177e-02 r2 1.361e-02 | val th 3.909e-05 om 5.499e-03 r1 1.163e-02 r2 1.346e-02
[  42] train th 2.561e-05 om 6.251e-03 r1 1.172e-02 r2 1.357e-02 | val th 2.940e-05 om 5.306e-03 r1 1.292e-02 r2 1.456e-02
[  43] train th 2.983e-05 om 6.131e-03 r1 1.181e-02 r2 1.368e-02 | val th 1.680e-05 om 4.442e-03 r1 1.148e-02 r2 1.339e-02
[  44] train th 2.263e-05 om 5.805e-03 r1 1.165e-02 r2 1.352e-02 | val th 1.634e-05 om 4.966e-03 r1 1.170e-02 r2 1.341e-02
[  45] train th 2.762e-05 om 6.477e-03 r1 1.169e-02 r2 1.354e-02 | val th 4.473e-05 om 4.804e-03 r1 1.159e-02 r2 1.337e-02
[  46] train th 2.832e-05 om 5.840e-03 r1 1.167e-02 r2 1.350e-02 | val th 8.656e-06 om 5.081e-03 r1 1.163e-02 r2 1.350e-02
[  47] train th 2.414e-05 om 5.639e-03 r1 1.172e-02 r2 1.358e-02 | val th 3.443e-05 om 5.817e-03 r1 1.193e-02 r2 1.387e-02
[  48] train th 2.594e-05 om 8.050e-03 r1 1.172e-02 r2 1.359e-02 | val th 1.388e-05 om 3.137e-03 r1 1.151e-02 r2 1.346e-02
[  49] train th 2.641e-05 om 6.420e-03 r1 1.168e-02 r2 1.352e-02 | val th 3.061e-05 om 5.167e-03 r1 1.166e-02 r2 1.346e-02
[  50] train th 2.392e-05 om 4.441e-03 r1 1.164e-02 r2 1.349e-02 | val th 2.845e-05 om 4.326e-03 r1 1.182e-02 r2 1.376e-02
[  51] train th 2.714e-05 om 5.508e-03 r1 1.162e-02 r2 1.347e-02 | val th 2.652e-05 om 5.323e-03 r1 1.156e-02 r2 1.326e-02
[  52] train th 2.560e-05 om 5.506e-03 r1 1.169e-02 r2 1.353e-02 | val th 4.244e-05 om 3.906e-03 r1 1.180e-02 r2 1.349e-02
[  53] train th 2.699e-05 om 5.913e-03 r1 1.146e-02 r2 1.334e-02 | val th 2.163e-05 om 5.604e-03 r1 1.148e-02 r2 1.318e-02
[  54] train th 9.193e-06 om 2.643e-03 r1 1.085e-02 r2 1.275e-02 | val th 4.861e-06 om 3.452e-03 r1 1.077e-02 r2 1.270e-02  *
[  55] train th 8.495e-06 om 2.274e-03 r1 1.070e-02 r2 1.257e-02 | val th 1.264e-05 om 1.537e-03 r1 1.062e-02 r2 1.251e-02  *
[  56] train th 7.553e-06 om 1.881e-03 r1 1.066e-02 r2 1.252e-02 | val th 7.457e-06 om 1.363e-03 r1 1.066e-02 r2 1.258e-02
[  57] train th 8.729e-06 om 1.876e-03 r1 1.062e-02 r2 1.248e-02 | val th 8.446e-06 om 2.523e-03 r1 1.062e-02 r2 1.247e-02
[  58] train th 7.659e-06 om 1.849e-03 r1 1.060e-02 r2 1.246e-02 | val th 5.068e-06 om 1.604e-03 r1 1.060e-02 r2 1.248e-02  *
[  59] train th 7.782e-06 om 1.783e-03 r1 1.060e-02 r2 1.244e-02 | val th 8.942e-06 om 2.070e-03 r1 1.056e-02 r2 1.234e-02  *
[  60] train th 9.279e-06 om 1.823e-03 r1 1.057e-02 r2 1.241e-02 | val th 1.498e-05 om 1.507e-03 r1 1.053e-02 r2 1.240e-02  *
[  61] train th 7.150e-06 om 1.616e-03 r1 1.052e-02 r2 1.237e-02 | val th 6.333e-06 om 1.679e-03 r1 1.057e-02 r2 1.237e-02
[  62] train th 8.169e-06 om 2.137e-03 r1 1.054e-02 r2 1.239e-02 | val th 6.585e-06 om 2.020e-03 r1 1.048e-02 r2 1.237e-02  *
[  63] train th 8.791e-06 om 2.261e-03 r1 1.049e-02 r2 1.238e-02 | val th 5.608e-06 om 1.536e-03 r1 1.036e-02 r2 1.232e-02  *
[  64] train th 7.423e-06 om 1.684e-03 r1 1.041e-02 r2 1.234e-02 | val th 7.844e-06 om 1.176e-03 r1 1.038e-02 r2 1.235e-02
[  65] train th 7.889e-06 om 1.626e-03 r1 1.043e-02 r2 1.237e-02 | val th 9.082e-06 om 2.161e-03 r1 1.037e-02 r2 1.227e-02
[  66] train th 8.530e-06 om 1.717e-03 r1 1.036e-02 r2 1.228e-02 | val th 7.330e-06 om 2.268e-03 r1 1.042e-02 r2 1.221e-02
[  67] train th 7.422e-06 om 2.127e-03 r1 1.028e-02 r2 1.212e-02 | val th 1.126e-05 om 2.282e-03 r1 1.036e-02 r2 1.213e-02  *
[  68] train th 7.527e-06 om 1.764e-03 r1 1.025e-02 r2 1.204e-02 | val th 6.196e-06 om 2.414e-03 r1 1.026e-02 r2 1.204e-02  *
[  69] train th 7.671e-06 om 2.016e-03 r1 1.022e-02 r2 1.200e-02 | val th 5.842e-06 om 2.818e-03 r1 1.021e-02 r2 1.194e-02  *
[  70] train th 8.125e-06 om 1.828e-03 r1 1.016e-02 r2 1.192e-02 | val th 1.063e-05 om 1.797e-03 r1 1.018e-02 r2 1.203e-02  *
[  71] train th 7.158e-06 om 1.722e-03 r1 1.018e-02 r2 1.195e-02 | val th 4.564e-06 om 1.371e-03 r1 1.018e-02 r2 1.194e-02  *
[  72] train th 7.192e-06 om 1.930e-03 r1 1.015e-02 r2 1.193e-02 | val th 5.364e-06 om 1.560e-03 r1 1.009e-02 r2 1.187e-02  *
[  73] train th 8.209e-06 om 1.845e-03 r1 1.011e-02 r2 1.188e-02 | val th 9.336e-06 om 1.477e-03 r1 1.001e-02 r2 1.184e-02  *
[  74] train th 6.878e-06 om 1.674e-03 r1 1.010e-02 r2 1.189e-02 | val th 1.108e-05 om 1.696e-03 r1 1.015e-02 r2 1.199e-02
[  75] train th 8.350e-06 om 1.625e-03 r1 1.006e-02 r2 1.186e-02 | val th 4.886e-06 om 1.418e-03 r1 1.002e-02 r2 1.185e-02
[  76] train th 8.343e-06 om 2.149e-03 r1 1.001e-02 r2 1.181e-02 | val th 5.228e-06 om 1.728e-03 r1 9.974e-03 r2 1.178e-02  *
[  77] train th 7.597e-06 om 1.950e-03 r1 9.996e-03 r2 1.179e-02 | val th 8.949e-06 om 1.250e-03 r1 9.979e-03 r2 1.175e-02  *
[  78] train th 8.136e-06 om 1.826e-03 r1 1.004e-02 r2 1.181e-02 | val th 5.210e-06 om 1.715e-03 r1 1.012e-02 r2 1.190e-02
[  79] train th 7.780e-06 om 1.758e-03 r1 1.000e-02 r2 1.176e-02 | val th 4.669e-06 om 1.278e-03 r1 1.003e-02 r2 1.176e-02
[  80] train th 7.411e-06 om 1.820e-03 r1 9.972e-03 r2 1.170e-02 | val th 9.194e-06 om 2.322e-03 r1 1.007e-02 r2 1.177e-02
[  81] train th 6.897e-06 om 1.960e-03 r1 9.935e-03 r2 1.165e-02 | val th 5.344e-06 om 2.083e-03 r1 1.006e-02 r2 1.181e-02
[  82] train th 7.321e-06 om 2.013e-03 r1 9.937e-03 r2 1.165e-02 | val th 7.954e-06 om 2.355e-03 r1 9.980e-03 r2 1.169e-02
[  83] train th 7.156e-06 om 2.065e-03 r1 9.926e-03 r2 1.164e-02 | val th 1.369e-05 om 1.501e-03 r1 9.949e-03 r2 1.173e-02  *
[  84] train th 7.932e-06 om 1.642e-03 r1 9.924e-03 r2 1.163e-02 | val th 5.679e-06 om 1.304e-03 r1 9.881e-03 r2 1.161e-02  *
[  85] train th 8.794e-06 om 1.963e-03 r1 9.906e-03 r2 1.161e-02 | val th 1.333e-05 om 2.750e-03 r1 1.026e-02 r2 1.202e-02
[  86] train th 7.952e-06 om 1.818e-03 r1 9.899e-03 r2 1.160e-02 | val th 5.415e-06 om 1.353e-03 r1 9.835e-03 r2 1.151e-02  *
[  87] train th 8.186e-06 om 2.084e-03 r1 9.877e-03 r2 1.158e-02 | val th 5.326e-06 om 1.899e-03 r1 9.953e-03 r2 1.167e-02
[  88] train th 7.543e-06 om 1.752e-03 r1 9.878e-03 r2 1.156e-02 | val th 5.804e-06 om 2.254e-03 r1 9.804e-03 r2 1.149e-02
[  89] train th 7.311e-06 om 1.935e-03 r1 9.851e-03 r2 1.154e-02 | val th 1.186e-05 om 1.489e-03 r1 9.910e-03 r2 1.164e-02
[  90] train th 6.820e-06 om 2.114e-03 r1 9.891e-03 r2 1.158e-02 | val th 5.524e-06 om 1.488e-03 r1 9.892e-03 r2 1.159e-02
[  91] train th 7.963e-06 om 1.629e-03 r1 9.833e-03 r2 1.153e-02 | val th 4.663e-06 om 1.308e-03 r1 9.898e-03 r2 1.158e-02
[  92] train th 7.726e-06 om 1.552e-03 r1 9.893e-03 r2 1.159e-02 | val th 1.050e-05 om 1.945e-03 r1 9.988e-03 r2 1.169e-02
[  93] train th 6.537e-06 om 1.844e-03 r1 9.878e-03 r2 1.158e-02 | val th 3.872e-06 om 1.699e-03 r1 9.867e-03 r2 1.154e-02
[  94] train th 7.837e-06 om 2.008e-03 r1 9.857e-03 r2 1.154e-02 | val th 4.323e-06 om 1.995e-03 r1 9.874e-03 r2 1.158e-02
[  95] train th 7.764e-06 om 1.940e-03 r1 9.884e-03 r2 1.158e-02 | val th 8.145e-06 om 1.343e-03 r1 9.961e-03 r2 1.169e-02
[  96] train th 7.433e-06 om 1.655e-03 r1 9.894e-03 r2 1.159e-02 | val th 6.707e-06 om 1.784e-03 r1 9.911e-03 r2 1.162e-02
[  97] train th 8.637e-06 om 1.747e-03 r1 9.884e-03 r2 1.159e-02 | val th 4.947e-06 om 2.620e-03 r1 9.921e-03 r2 1.165e-02
[  98] train th 8.290e-06 om 1.821e-03 r1 9.834e-03 r2 1.152e-02 | val th 1.171e-05 om 2.516e-03 r1 9.931e-03 r2 1.158e-02
[  99] train th 7.307e-06 om 1.734e-03 r1 9.821e-03 r2 1.150e-02 | val th 6.639e-06 om 1.539e-03 r1 9.838e-03 r2 1.156e-02
[ 100] train th 7.679e-06 om 1.875e-03 r1 9.895e-03 r2 1.159e-02 | val th 7.172e-06 om 2.598e-03 r1 9.829e-03 r2 1.157e-02
[ 101] train th 3.868e-06 om 1.073e-03 r1 9.583e-03 r2 1.128e-02 | val th 2.380e-06 om 7.440e-04 r1 9.579e-03 r2 1.129e-02  *
[ 102] train th 3.077e-06 om 6.877e-04 r1 9.574e-03 r2 1.127e-02 | val th 4.615e-06 om 5.792e-04 r1 9.636e-03 r2 1.132e-02
[ 103] train th 2.573e-06 om 6.112e-04 r1 9.539e-03 r2 1.124e-02 | val th 2.120e-06 om 7.371e-04 r1 9.572e-03 r2 1.127e-02  *
[ 104] train th 2.695e-06 om 5.778e-04 r1 9.542e-03 r2 1.124e-02 | val th 2.502e-06 om 7.865e-04 r1 9.559e-03 r2 1.127e-02  *
[ 105] train th 2.738e-06 om 7.382e-04 r1 9.524e-03 r2 1.122e-02 | val th 2.769e-06 om 8.330e-04 r1 9.543e-03 r2 1.126e-02  *
[ 106] train th 2.887e-06 om 6.380e-04 r1 9.516e-03 r2 1.122e-02 | val th 2.802e-06 om 6.488e-04 r1 9.558e-03 r2 1.127e-02  *
[ 107] train th 2.734e-06 om 6.465e-04 r1 9.524e-03 r2 1.122e-02 | val th 2.298e-06 om 5.030e-04 r1 9.533e-03 r2 1.124e-02  *
[ 108] train th 2.868e-06 om 5.903e-04 r1 9.507e-03 r2 1.121e-02 | val th 1.463e-06 om 8.547e-04 r1 9.542e-03 r2 1.125e-02
[ 109] train th 2.157e-06 om 4.797e-04 r1 9.510e-03 r2 1.121e-02 | val th 1.635e-06 om 5.982e-04 r1 9.565e-03 r2 1.128e-02
[ 110] train th 2.905e-06 om 5.545e-04 r1 9.521e-03 r2 1.122e-02 | val th 1.670e-06 om 4.643e-04 r1 9.555e-03 r2 1.126e-02
[ 111] train th 2.974e-06 om 6.156e-04 r1 9.495e-03 r2 1.120e-02 | val th 1.689e-06 om 4.584e-04 r1 9.532e-03 r2 1.125e-02  *
[ 112] train th 2.708e-06 om 6.220e-04 r1 9.490e-03 r2 1.122e-02 | val th 2.020e-06 om 8.484e-04 r1 9.582e-03 r2 1.130e-02
[ 113] train th 2.700e-06 om 6.024e-04 r1 9.458e-03 r2 1.120e-02 | val th 3.577e-06 om 5.887e-04 r1 9.460e-03 r2 1.123e-02  *
[ 114] train th 2.585e-06 om 5.884e-04 r1 9.420e-03 r2 1.119e-02 | val th 1.974e-06 om 6.116e-04 r1 9.434e-03 r2 1.122e-02  *
[ 115] train th 2.547e-06 om 5.715e-04 r1 9.394e-03 r2 1.118e-02 | val th 2.081e-06 om 5.004e-04 r1 9.446e-03 r2 1.125e-02
[ 116] train th 2.988e-06 om 6.137e-04 r1 9.396e-03 r2 1.117e-02 | val th 3.488e-06 om 6.617e-04 r1 9.427e-03 r2 1.122e-02  *
[ 117] train th 2.581e-06 om 6.639e-04 r1 9.384e-03 r2 1.114e-02 | val th 2.696e-06 om 6.660e-04 r1 9.417e-03 r2 1.119e-02  *
[ 118] train th 2.540e-06 om 6.589e-04 r1 9.364e-03 r2 1.108e-02 | val th 3.594e-06 om 5.096e-04 r1 9.443e-03 r2 1.115e-02  *
[ 119] train th 3.121e-06 om 5.544e-04 r1 9.366e-03 r2 1.106e-02 | val th 1.962e-06 om 5.012e-04 r1 9.392e-03 r2 1.109e-02  *
[ 120] train th 3.158e-06 om 5.176e-04 r1 9.349e-03 r2 1.104e-02 | val th 4.657e-06 om 5.531e-04 r1 9.344e-03 r2 1.107e-02  *
[ 121] train th 2.980e-06 om 4.902e-04 r1 9.331e-03 r2 1.103e-02 | val th 2.950e-06 om 5.288e-04 r1 9.427e-03 r2 1.109e-02
[ 122] train th 2.602e-06 om 5.299e-04 r1 9.341e-03 r2 1.105e-02 | val th 3.268e-06 om 4.076e-04 r1 9.338e-03 r2 1.105e-02  *
[ 123] train th 3.090e-06 om 5.835e-04 r1 9.316e-03 r2 1.103e-02 | val th 4.475e-06 om 6.501e-04 r1 9.376e-03 r2 1.108e-02
[ 124] train th 2.655e-06 om 5.950e-04 r1 9.297e-03 r2 1.101e-02 | val th 4.535e-06 om 5.894e-04 r1 9.343e-03 r2 1.105e-02
[ 125] train th 2.807e-06 om 5.168e-04 r1 9.295e-03 r2 1.101e-02 | val th 4.692e-06 om 6.388e-04 r1 9.365e-03 r2 1.109e-02
[ 126] train th 3.099e-06 om 4.954e-04 r1 9.293e-03 r2 1.102e-02 | val th 3.248e-06 om 6.768e-04 r1 9.294e-03 r2 1.100e-02  *
[ 127] train th 3.042e-06 om 5.647e-04 r1 9.272e-03 r2 1.099e-02 | val th 1.300e-06 om 4.408e-04 r1 9.317e-03 r2 1.104e-02
[ 128] train th 3.028e-06 om 6.014e-04 r1 9.272e-03 r2 1.099e-02 | val th 2.052e-06 om 7.089e-04 r1 9.298e-03 r2 1.101e-02
[ 129] train th 2.451e-06 om 6.476e-04 r1 9.254e-03 r2 1.096e-02 | val th 2.124e-06 om 5.800e-04 r1 9.270e-03 r2 1.094e-02  *
[ 130] train th 3.013e-06 om 6.671e-04 r1 9.257e-03 r2 1.094e-02 | val th 5.468e-06 om 5.143e-04 r1 9.299e-03 r2 1.096e-02
[ 131] train th 3.273e-06 om 5.030e-04 r1 9.238e-03 r2 1.089e-02 | val th 3.509e-06 om 6.543e-04 r1 9.295e-03 r2 1.093e-02
[ 132] train th 2.728e-06 om 5.084e-04 r1 9.226e-03 r2 1.086e-02 | val th 1.775e-06 om 4.447e-04 r1 9.292e-03 r2 1.092e-02  *
[ 133] train th 2.942e-06 om 6.261e-04 r1 9.240e-03 r2 1.087e-02 | val th 2.132e-06 om 5.161e-04 r1 9.267e-03 r2 1.091e-02  *
[ 134] train th 3.282e-06 om 5.624e-04 r1 9.235e-03 r2 1.087e-02 | val th 5.510e-06 om 5.831e-04 r1 9.267e-03 r2 1.091e-02
[ 135] train th 3.428e-06 om 5.981e-04 r1 9.229e-03 r2 1.086e-02 | val th 3.092e-06 om 4.943e-04 r1 9.261e-03 r2 1.088e-02  *
[ 136] train th 2.920e-06 om 4.503e-04 r1 9.244e-03 r2 1.088e-02 | val th 1.871e-06 om 4.194e-04 r1 9.298e-03 r2 1.094e-02
[ 137] train th 2.925e-06 om 5.767e-04 r1 9.233e-03 r2 1.087e-02 | val th 5.115e-06 om 4.997e-04 r1 9.244e-03 r2 1.088e-02  *
[ 138] train th 2.838e-06 om 4.539e-04 r1 9.217e-03 r2 1.085e-02 | val th 1.684e-06 om 4.594e-04 r1 9.243e-03 r2 1.088e-02  *
[ 139] train th 2.794e-06 om 5.862e-04 r1 9.229e-03 r2 1.086e-02 | val th 2.095e-06 om 7.855e-04 r1 9.220e-03 r2 1.087e-02
[ 140] train th 3.035e-06 om 6.253e-04 r1 9.214e-03 r2 1.085e-02 | val th 2.640e-06 om 5.624e-04 r1 9.255e-03 r2 1.089e-02
[ 141] train th 2.792e-06 om 5.468e-04 r1 9.206e-03 r2 1.084e-02 | val th 3.104e-06 om 4.884e-04 r1 9.266e-03 r2 1.090e-02
[ 142] train th 3.072e-06 om 7.613e-04 r1 9.226e-03 r2 1.085e-02 | val th 4.990e-06 om 9.460e-04 r1 9.267e-03 r2 1.087e-02
[ 143] train th 2.459e-06 om 5.600e-04 r1 9.221e-03 r2 1.085e-02 | val th 3.861e-06 om 6.556e-04 r1 9.226e-03 r2 1.087e-02
[ 144] train th 3.303e-06 om 5.418e-04 r1 9.211e-03 r2 1.084e-02 | val th 4.864e-06 om 5.935e-04 r1 9.215e-03 r2 1.085e-02  *
[ 145] train th 3.202e-06 om 5.118e-04 r1 9.221e-03 r2 1.085e-02 | val th 3.303e-06 om 5.949e-04 r1 9.276e-03 r2 1.090e-02
[ 146] train th 3.228e-06 om 5.030e-04 r1 9.235e-03 r2 1.086e-02 | val th 4.008e-06 om 7.033e-04 r1 9.279e-03 r2 1.093e-02
[ 147] train th 2.766e-06 om 6.474e-04 r1 9.202e-03 r2 1.083e-02 | val th 1.890e-06 om 4.502e-04 r1 9.209e-03 r2 1.086e-02  *
[ 148] train th 2.979e-06 om 5.006e-04 r1 9.194e-03 r2 1.082e-02 | val th 3.079e-06 om 5.900e-04 r1 9.242e-03 r2 1.091e-02
[ 149] train th 2.729e-06 om 6.657e-04 r1 9.183e-03 r2 1.081e-02 | val th 2.273e-06 om 5.738e-04 r1 9.214e-03 r2 1.086e-02
[ 150] train th 3.268e-06 om 5.539e-04 r1 9.207e-03 r2 1.083e-02 | val th 2.789e-06 om 5.859e-04 r1 9.225e-03 r2 1.085e-02
[ 151] train th 3.563e-06 om 5.705e-04 r1 9.225e-03 r2 1.086e-02 | val th 2.720e-06 om 6.363e-04 r1 9.216e-03 r2 1.086e-02
[ 152] train th 3.077e-06 om 6.186e-04 r1 9.206e-03 r2 1.083e-02 | val th 1.147e-06 om 5.774e-04 r1 9.238e-03 r2 1.086e-02
[ 153] train th 3.067e-06 om 5.003e-04 r1 9.202e-03 r2 1.083e-02 | val th 3.337e-06 om 1.074e-03 r1 9.204e-03 r2 1.084e-02
[ 154] train th 2.583e-06 om 6.201e-04 r1 9.187e-03 r2 1.081e-02 | val th 3.179e-06 om 4.969e-04 r1 9.235e-03 r2 1.086e-02
[ 155] train th 3.010e-06 om 5.669e-04 r1 9.197e-03 r2 1.082e-02 | val th 3.606e-06 om 6.393e-04 r1 9.228e-03 r2 1.088e-02
[ 156] train th 2.657e-06 om 4.968e-04 r1 9.210e-03 r2 1.083e-02 | val th 2.564e-06 om 4.295e-04 r1 9.277e-03 r2 1.092e-02
[ 157] train th 2.899e-06 om 4.637e-04 r1 9.236e-03 r2 1.086e-02 | val th 1.911e-06 om 4.822e-04 r1 9.241e-03 r2 1.087e-02
[ 158] train th 3.146e-06 om 4.949e-04 r1 9.207e-03 r2 1.083e-02 | val th 5.224e-06 om 5.177e-04 r1 9.256e-03 r2 1.089e-02
[ 159] train th 2.977e-06 om 5.747e-04 r1 9.190e-03 r2 1.082e-02 | val th 2.334e-06 om 4.710e-04 r1 9.223e-03 r2 1.086e-02
[ 160] train th 3.219e-06 om 7.234e-04 r1 9.186e-03 r2 1.081e-02 | val th 3.902e-06 om 9.411e-04 r1 9.254e-03 r2 1.087e-02
[ 161] train th 3.204e-06 om 6.149e-04 r1 9.213e-03 r2 1.084e-02 | val th 2.838e-06 om 7.278e-04 r1 9.171e-03 r2 1.082e-02  *
[ 162] train th 3.195e-06 om 7.010e-04 r1 9.186e-03 r2 1.081e-02 | val th 1.936e-06 om 3.652e-04 r1 9.206e-03 r2 1.084e-02
[ 163] train th 3.148e-06 om 5.916e-04 r1 9.180e-03 r2 1.080e-02 | val th 1.641e-06 om 4.655e-04 r1 9.216e-03 r2 1.085e-02
[ 164] train th 2.963e-06 om 6.430e-04 r1 9.197e-03 r2 1.082e-02 | val th 3.944e-06 om 6.580e-04 r1 9.276e-03 r2 1.088e-02
[ 165] train th 2.975e-06 om 7.197e-04 r1 9.208e-03 r2 1.084e-02 | val th 2.653e-06 om 7.268e-04 r1 9.224e-03 r2 1.085e-02
[ 166] train th 3.166e-06 om 5.400e-04 r1 9.190e-03 r2 1.081e-02 | val th 3.532e-06 om 6.322e-04 r1 9.243e-03 r2 1.085e-02
[ 167] train th 2.987e-06 om 7.797e-04 r1 9.198e-03 r2 1.082e-02 | val th 1.817e-06 om 9.551e-04 r1 9.279e-03 r2 1.087e-02
[ 168] train th 3.481e-06 om 6.082e-04 r1 9.197e-03 r2 1.082e-02 | val th 1.156e-06 om 5.435e-04 r1 9.223e-03 r2 1.083e-02
[ 169] train th 3.171e-06 om 6.100e-04 r1 9.176e-03 r2 1.080e-02 | val th 1.900e-06 om 4.099e-04 r1 9.179e-03 r2 1.082e-02  *
[ 170] train th 2.775e-06 om 5.805e-04 r1 9.203e-03 r2 1.083e-02 | val th 1.897e-06 om 4.875e-04 r1 9.177e-03 r2 1.082e-02
[ 171] train th 2.477e-06 om 4.596e-04 r1 9.178e-03 r2 1.081e-02 | val th 2.842e-06 om 5.957e-04 r1 9.231e-03 r2 1.085e-02
[ 172] train th 2.871e-06 om 5.217e-04 r1 9.191e-03 r2 1.082e-02 | val th 2.548e-06 om 5.028e-04 r1 9.213e-03 r2 1.084e-02
[ 173] train th 3.011e-06 om 5.031e-04 r1 9.200e-03 r2 1.083e-02 | val th 1.012e-06 om 6.071e-04 r1 9.170e-03 r2 1.080e-02  *
[ 174] train th 2.774e-06 om 5.284e-04 r1 9.181e-03 r2 1.080e-02 | val th 8.151e-06 om 5.726e-04 r1 9.212e-03 r2 1.083e-02
[ 175] train th 3.766e-06 om 4.875e-04 r1 9.192e-03 r2 1.082e-02 | val th 3.209e-06 om 4.807e-04 r1 9.240e-03 r2 1.087e-02
[ 176] train th 2.928e-06 om 6.220e-04 r1 9.200e-03 r2 1.082e-02 | val th 3.199e-06 om 4.743e-04 r1 9.304e-03 r2 1.097e-02
[ 177] train th 3.502e-06 om 5.511e-04 r1 9.210e-03 r2 1.084e-02 | val th 4.039e-06 om 3.660e-04 r1 9.202e-03 r2 1.081e-02
[ 178] train th 3.076e-06 om 4.909e-04 r1 9.196e-03 r2 1.082e-02 | val th 3.369e-06 om 6.937e-04 r1 9.273e-03 r2 1.090e-02
[ 179] train th 3.295e-06 om 5.630e-04 r1 9.199e-03 r2 1.082e-02 | val th 2.144e-06 om 1.060e-03 r1 9.210e-03 r2 1.082e-02
[ 180] train th 3.062e-06 om 6.843e-04 r1 9.183e-03 r2 1.081e-02 | val th 3.579e-06 om 5.119e-04 r1 9.224e-03 r2 1.084e-02
[ 181] train th 2.777e-06 om 4.325e-04 r1 9.171e-03 r2 1.080e-02 | val th 2.107e-06 om 4.469e-04 r1 9.194e-03 r2 1.081e-02
[ 182] train th 2.689e-06 om 4.538e-04 r1 9.165e-03 r2 1.079e-02 | val th 2.121e-06 om 7.262e-04 r1 9.243e-03 r2 1.087e-02
[ 183] train th 2.894e-06 om 4.667e-04 r1 9.178e-03 r2 1.081e-02 | val th 3.378e-06 om 6.812e-04 r1 9.191e-03 r2 1.082e-02
[ 184] train th 3.093e-06 om 5.574e-04 r1 9.177e-03 r2 1.080e-02 | val th 2.761e-06 om 3.265e-04 r1 9.207e-03 r2 1.087e-02
[ 185] train th 2.687e-06 om 6.120e-04 r1 9.175e-03 r2 1.080e-02 | val th 2.054e-06 om 5.029e-04 r1 9.184e-03 r2 1.081e-02
[ 186] train th 3.096e-06 om 5.371e-04 r1 9.182e-03 r2 1.081e-02 | val th 1.627e-06 om 5.011e-04 r1 9.255e-03 r2 1.089e-02
[ 187] train th 3.078e-06 om 4.980e-04 r1 9.164e-03 r2 1.079e-02 | val th 1.920e-06 om 5.592e-04 r1 9.204e-03 r2 1.084e-02
[ 188] train th 1.273e-06 om 2.663e-04 r1 9.080e-03 r2 1.071e-02 | val th 4.801e-07 om 2.921e-04 r1 9.095e-03 r2 1.072e-02  *
[ 189] train th 2.766e-06 om 3.769e-04 r1 9.059e-03 r2 1.068e-02 | val th 7.718e-07 om 3.063e-04 r1 9.088e-03 r2 1.073e-02
[ 190] train th 1.255e-06 om 2.055e-04 r1 9.063e-03 r2 1.069e-02 | val th 2.136e-06 om 3.380e-04 r1 9.093e-03 r2 1.073e-02
[ 191] train th 1.621e-06 om 2.639e-04 r1 9.055e-03 r2 1.068e-02 | val th 1.704e-06 om 2.328e-04 r1 9.087e-03 r2 1.071e-02  *
[ 192] train th 1.396e-06 om 2.570e-04 r1 9.045e-03 r2 1.067e-02 | val th 1.348e-06 om 3.515e-04 r1 9.099e-03 r2 1.071e-02
[ 193] train th 1.715e-06 om 2.711e-04 r1 9.046e-03 r2 1.067e-02 | val th 3.306e-06 om 2.990e-04 r1 9.069e-03 r2 1.070e-02  *
[ 194] train th 1.491e-06 om 2.489e-04 r1 9.043e-03 r2 1.067e-02 | val th 2.003e-06 om 2.547e-04 r1 9.072e-03 r2 1.070e-02  *
[ 195] train th 1.580e-06 om 2.350e-04 r1 9.045e-03 r2 1.067e-02 | val th 1.606e-06 om 2.626e-04 r1 9.088e-03 r2 1.070e-02
[ 196] train th 1.545e-06 om 3.028e-04 r1 9.046e-03 r2 1.067e-02 | val th 8.802e-07 om 2.895e-04 r1 9.072e-03 r2 1.070e-02  *
[ 197] train th 1.425e-06 om 2.099e-04 r1 9.038e-03 r2 1.067e-02 | val th 1.191e-06 om 2.185e-04 r1 9.069e-03 r2 1.070e-02  *
[ 198] train th 1.596e-06 om 2.743e-04 r1 9.041e-03 r2 1.067e-02 | val th 8.695e-07 om 2.256e-04 r1 9.049e-03 r2 1.068e-02  *
[ 199] train th 1.273e-06 om 2.522e-04 r1 9.033e-03 r2 1.066e-02 | val th 1.732e-06 om 3.377e-04 r1 9.058e-03 r2 1.070e-02
[ 200] train th 1.435e-06 om 2.157e-04 r1 9.032e-03 r2 1.067e-02 | val th 6.955e-07 om 2.546e-04 r1 9.057e-03 r2 1.069e-02
[ 201] train th 1.701e-06 om 2.510e-04 r1 9.034e-03 r2 1.067e-02 | val th 8.681e-07 om 1.715e-04 r1 9.054e-03 r2 1.070e-02
[ 202] train th 1.915e-06 om 2.833e-04 r1 9.028e-03 r2 1.067e-02 | val th 2.132e-06 om 2.514e-04 r1 9.055e-03 r2 1.070e-02
[ 203] train th 1.480e-06 om 2.561e-04 r1 9.019e-03 r2 1.067e-02 | val th 1.706e-06 om 2.289e-04 r1 9.058e-03 r2 1.071e-02
[ 204] train th 1.354e-06 om 2.447e-04 r1 9.013e-03 r2 1.067e-02 | val th 1.902e-06 om 3.073e-04 r1 9.047e-03 r2 1.071e-02
[ 205] train th 1.311e-06 om 2.184e-04 r1 9.002e-03 r2 1.067e-02 | val th 2.118e-06 om 2.444e-04 r1 9.018e-03 r2 1.069e-02  *
[ 206] train th 1.380e-06 om 2.587e-04 r1 8.985e-03 r2 1.066e-02 | val th 8.709e-07 om 2.433e-04 r1 9.010e-03 r2 1.069e-02  *
[ 207] train th 1.301e-06 om 2.692e-04 r1 8.975e-03 r2 1.066e-02 | val th 1.483e-06 om 3.995e-04 r1 8.999e-03 r2 1.071e-02
[ 208] train th 1.171e-06 om 2.437e-04 r1 8.966e-03 r2 1.066e-02 | val th 1.486e-06 om 3.633e-04 r1 8.979e-03 r2 1.068e-02  *
[ 209] train th 1.293e-06 om 2.576e-04 r1 8.959e-03 r2 1.065e-02 | val th 7.710e-07 om 2.629e-04 r1 8.969e-03 r2 1.068e-02  *
[ 210] train th 1.459e-06 om 2.366e-04 r1 8.951e-03 r2 1.065e-02 | val th 1.025e-06 om 3.130e-04 r1 8.966e-03 r2 1.067e-02  *
[ 211] train th 1.368e-06 om 2.405e-04 r1 8.960e-03 r2 1.065e-02 | val th 1.703e-06 om 3.421e-04 r1 8.973e-03 r2 1.067e-02
[ 212] train th 1.744e-06 om 2.765e-04 r1 8.955e-03 r2 1.065e-02 | val th 1.586e-06 om 4.085e-04 r1 8.978e-03 r2 1.068e-02
[ 213] train th 1.455e-06 om 2.513e-04 r1 8.952e-03 r2 1.064e-02 | val th 8.498e-07 om 2.489e-04 r1 8.971e-03 r2 1.066e-02  *
[ 214] train th 1.723e-06 om 2.419e-04 r1 8.950e-03 r2 1.063e-02 | val th 1.351e-06 om 2.567e-04 r1 8.974e-03 r2 1.065e-02
[ 215] train th 1.591e-06 om 2.352e-04 r1 8.946e-03 r2 1.062e-02 | val th 1.055e-06 om 2.395e-04 r1 8.960e-03 r2 1.064e-02  *
[ 216] train th 1.336e-06 om 2.359e-04 r1 8.945e-03 r2 1.062e-02 | val th 1.055e-06 om 2.526e-04 r1 8.962e-03 r2 1.063e-02  *
[ 217] train th 1.601e-06 om 2.366e-04 r1 8.949e-03 r2 1.061e-02 | val th 1.593e-06 om 2.895e-04 r1 8.984e-03 r2 1.065e-02
[ 218] train th 1.408e-06 om 2.186e-04 r1 8.947e-03 r2 1.060e-02 | val th 2.406e-06 om 2.372e-04 r1 8.958e-03 r2 1.061e-02  *
[ 219] train th 1.380e-06 om 2.875e-04 r1 8.952e-03 r2 1.059e-02 | val th 7.872e-07 om 2.833e-04 r1 8.959e-03 r2 1.060e-02  *
[ 220] train th 1.303e-06 om 2.834e-04 r1 8.945e-03 r2 1.057e-02 | val th 5.049e-07 om 3.127e-04 r1 8.979e-03 r2 1.061e-02
[ 221] train th 1.419e-06 om 2.605e-04 r1 8.951e-03 r2 1.057e-02 | val th 1.220e-06 om 2.943e-04 r1 8.965e-03 r2 1.059e-02  *
[ 222] train th 1.362e-06 om 2.512e-04 r1 8.948e-03 r2 1.056e-02 | val th 1.072e-06 om 2.962e-04 r1 8.982e-03 r2 1.060e-02
[ 223] train th 1.476e-06 om 2.580e-04 r1 8.947e-03 r2 1.056e-02 | val th 6.141e-07 om 2.093e-04 r1 8.974e-03 r2 1.058e-02  *
[ 224] train th 1.255e-06 om 2.449e-04 r1 8.944e-03 r2 1.055e-02 | val th 9.836e-07 om 2.652e-04 r1 8.955e-03 r2 1.056e-02  *
[ 225] train th 1.161e-06 om 2.171e-04 r1 8.944e-03 r2 1.055e-02 | val th 1.475e-06 om 2.702e-04 r1 8.979e-03 r2 1.059e-02
[ 226] train th 1.402e-06 om 2.655e-04 r1 8.945e-03 r2 1.055e-02 | val th 2.276e-06 om 3.441e-04 r1 8.970e-03 r2 1.057e-02
[ 227] train th 1.359e-06 om 2.491e-04 r1 8.949e-03 r2 1.055e-02 | val th 1.764e-06 om 3.478e-04 r1 8.975e-03 r2 1.058e-02
[ 228] train th 1.484e-06 om 2.638e-04 r1 8.941e-03 r2 1.055e-02 | val th 6.734e-07 om 2.776e-04 r1 8.950e-03 r2 1.057e-02  *
[ 229] train th 2.499e-06 om 3.420e-04 r1 8.944e-03 r2 1.055e-02 | val th 1.041e-06 om 3.063e-04 r1 8.955e-03 r2 1.056e-02
[ 230] train th 1.310e-06 om 2.894e-04 r1 8.938e-03 r2 1.054e-02 | val th 1.099e-06 om 3.109e-04 r1 8.961e-03 r2 1.057e-02
[ 231] train th 1.233e-06 om 1.979e-04 r1 8.936e-03 r2 1.054e-02 | val th 2.547e-06 om 2.620e-04 r1 8.982e-03 r2 1.058e-02
[ 232] train th 1.243e-06 om 2.062e-04 r1 8.939e-03 r2 1.054e-02 | val th 1.263e-06 om 2.638e-04 r1 8.964e-03 r2 1.057e-02
[ 233] train th 1.279e-06 om 2.088e-04 r1 8.935e-03 r2 1.054e-02 | val th 1.281e-06 om 2.841e-04 r1 8.963e-03 r2 1.057e-02
[ 234] train th 1.423e-06 om 2.094e-04 r1 8.933e-03 r2 1.054e-02 | val th 1.049e-06 om 3.042e-04 r1 8.942e-03 r2 1.055e-02  *
[ 235] train th 1.260e-06 om 2.220e-04 r1 8.937e-03 r2 1.054e-02 | val th 2.792e-06 om 2.254e-04 r1 8.974e-03 r2 1.058e-02
[ 236] train th 1.226e-06 om 2.238e-04 r1 8.938e-03 r2 1.054e-02 | val th 8.050e-07 om 2.874e-04 r1 8.945e-03 r2 1.055e-02
[ 237] train th 1.375e-06 om 2.108e-04 r1 8.936e-03 r2 1.054e-02 | val th 2.511e-06 om 3.534e-04 r1 8.971e-03 r2 1.057e-02
[ 238] train th 1.275e-06 om 2.485e-04 r1 8.934e-03 r2 1.054e-02 | val th 1.407e-06 om 2.447e-04 r1 8.955e-03 r2 1.056e-02
[ 239] train th 1.166e-06 om 1.993e-04 r1 8.935e-03 r2 1.054e-02 | val th 1.123e-06 om 2.038e-04 r1 8.960e-03 r2 1.057e-02
[ 240] train th 1.185e-06 om 2.084e-04 r1 8.935e-03 r2 1.054e-02 | val th 8.067e-07 om 2.333e-04 r1 8.961e-03 r2 1.057e-02
[ 241] train th 1.399e-06 om 2.297e-04 r1 8.938e-03 r2 1.054e-02 | val th 1.333e-06 om 2.625e-04 r1 8.945e-03 r2 1.055e-02  *
[ 242] train th 1.263e-06 om 1.960e-04 r1 8.933e-03 r2 1.054e-02 | val th 1.249e-06 om 2.378e-04 r1 8.963e-03 r2 1.057e-02
[ 243] train th 1.238e-06 om 2.067e-04 r1 8.931e-03 r2 1.053e-02 | val th 1.534e-06 om 2.897e-04 r1 8.962e-03 r2 1.056e-02
[ 244] train th 1.414e-06 om 2.618e-04 r1 8.932e-03 r2 1.053e-02 | val th 8.947e-07 om 2.078e-04 r1 8.953e-03 r2 1.055e-02
[ 245] train th 1.268e-06 om 2.106e-04 r1 8.929e-03 r2 1.053e-02 | val th 1.911e-06 om 3.438e-04 r1 8.968e-03 r2 1.056e-02
[ 246] train th 1.391e-06 om 2.615e-04 r1 8.946e-03 r2 1.055e-02 | val th 4.886e-07 om 2.903e-04 r1 8.963e-03 r2 1.057e-02
[ 247] train th 1.284e-06 om 2.106e-04 r1 8.932e-03 r2 1.053e-02 | val th 1.830e-06 om 3.362e-04 r1 8.967e-03 r2 1.057e-02
[ 248] train th 1.172e-06 om 2.217e-04 r1 8.934e-03 r2 1.054e-02 | val th 7.185e-07 om 3.130e-04 r1 8.976e-03 r2 1.057e-02
[ 249] train th 5.876e-07 om 1.311e-04 r1 8.892e-03 r2 1.050e-02 | val th 3.564e-07 om 1.797e-04 r1 8.910e-03 r2 1.052e-02  *
[ 250] train th 5.696e-07 om 1.177e-04 r1 8.887e-03 r2 1.049e-02 | val th 3.493e-07 om 1.318e-04 r1 8.907e-03 r2 1.052e-02  *
[ 251] train th 5.277e-07 om 1.084e-04 r1 8.885e-03 r2 1.049e-02 | val th 6.009e-07 om 1.945e-04 r1 8.906e-03 r2 1.051e-02
[ 252] train th 5.101e-07 om 1.028e-04 r1 8.884e-03 r2 1.049e-02 | val th 1.161e-06 om 1.650e-04 r1 8.913e-03 r2 1.052e-02
[ 253] train th 4.989e-07 om 1.016e-04 r1 8.885e-03 r2 1.049e-02 | val th 2.540e-07 om 1.341e-04 r1 8.902e-03 r2 1.051e-02  *
[ 254] train th 5.079e-07 om 9.709e-05 r1 8.882e-03 r2 1.049e-02 | val th 3.008e-07 om 1.165e-04 r1 8.905e-03 r2 1.052e-02
[ 255] train th 5.165e-07 om 1.017e-04 r1 8.882e-03 r2 1.049e-02 | val th 5.177e-07 om 1.440e-04 r1 8.902e-03 r2 1.051e-02
[ 256] train th 5.422e-07 om 1.035e-04 r1 8.881e-03 r2 1.049e-02 | val th 3.863e-07 om 1.325e-04 r1 8.901e-03 r2 1.051e-02  *
[ 257] train th 4.540e-07 om 8.928e-05 r1 8.881e-03 r2 1.049e-02 | val th 4.588e-07 om 1.561e-04 r1 8.907e-03 r2 1.051e-02
[ 258] train th 5.329e-07 om 9.010e-05 r1 8.881e-03 r2 1.049e-02 | val th 6.007e-07 om 1.840e-04 r1 8.900e-03 r2 1.051e-02
[ 259] train th 4.936e-07 om 9.550e-05 r1 8.880e-03 r2 1.049e-02 | val th 7.667e-07 om 1.513e-04 r1 8.904e-03 r2 1.051e-02
[ 260] train th 4.586e-07 om 9.588e-05 r1 8.880e-03 r2 1.049e-02 | val th 3.575e-07 om 1.334e-04 r1 8.902e-03 r2 1.051e-02
[ 261] train th 4.955e-07 om 8.721e-05 r1 8.880e-03 r2 1.049e-02 | val th 5.659e-07 om 1.312e-04 r1 8.912e-03 r2 1.052e-02
[ 262] train th 5.054e-07 om 8.940e-05 r1 8.882e-03 r2 1.049e-02 | val th 3.766e-07 om 1.401e-04 r1 8.902e-03 r2 1.051e-02
[ 263] train th 5.253e-07 om 9.310e-05 r1 8.879e-03 r2 1.049e-02 | val th 1.239e-06 om 1.487e-04 r1 8.899e-03 r2 1.051e-02  *
[ 264] train th 4.950e-07 om 9.083e-05 r1 8.880e-03 r2 1.049e-02 | val th 4.529e-07 om 1.033e-04 r1 8.904e-03 r2 1.051e-02
[ 265] train th 4.610e-07 om 8.582e-05 r1 8.879e-03 r2 1.049e-02 | val th 4.765e-07 om 1.084e-04 r1 8.903e-03 r2 1.051e-02  *
[ 266] train th 4.945e-07 om 9.125e-05 r1 8.878e-03 r2 1.049e-02 | val th 4.576e-07 om 1.151e-04 r1 8.904e-03 r2 1.051e-02  *
[ 267] train th 4.492e-07 om 8.690e-05 r1 8.879e-03 r2 1.049e-02 | val th 2.837e-07 om 1.236e-04 r1 8.899e-03 r2 1.051e-02  *
[ 268] train th 4.724e-07 om 8.407e-05 r1 8.878e-03 r2 1.048e-02 | val th 2.571e-07 om 1.124e-04 r1 8.893e-03 r2 1.051e-02  *
[ 269] train th 4.660e-07 om 8.867e-05 r1 8.875e-03 r2 1.048e-02 | val th 3.517e-07 om 1.162e-04 r1 8.896e-03 r2 1.051e-02
[ 270] train th 4.726e-07 om 8.438e-05 r1 8.882e-03 r2 1.049e-02 | val th 4.445e-07 om 1.105e-04 r1 8.906e-03 r2 1.051e-02
[ 271] train th 4.565e-07 om 9.197e-05 r1 8.877e-03 r2 1.048e-02 | val th 3.629e-07 om 1.338e-04 r1 8.901e-03 r2 1.051e-02
[ 272] train th 4.581e-07 om 8.476e-05 r1 8.877e-03 r2 1.048e-02 | val th 3.296e-07 om 1.864e-04 r1 8.903e-03 r2 1.051e-02
[ 273] train th 4.743e-07 om 8.642e-05 r1 8.876e-03 r2 1.048e-02 | val th 3.733e-07 om 1.247e-04 r1 8.896e-03 r2 1.051e-02
[ 274] train th 4.708e-07 om 8.170e-05 r1 8.879e-03 r2 1.049e-02 | val th 4.844e-07 om 1.332e-04 r1 8.898e-03 r2 1.050e-02
[ 275] train th 4.812e-07 om 9.497e-05 r1 8.878e-03 r2 1.048e-02 | val th 2.944e-07 om 1.374e-04 r1 8.894e-03 r2 1.050e-02
[ 276] train th 4.892e-07 om 8.390e-05 r1 8.877e-03 r2 1.048e-02 | val th 5.170e-07 om 1.297e-04 r1 8.899e-03 r2 1.051e-02
[ 277] train th 4.628e-07 om 7.957e-05 r1 8.875e-03 r2 1.048e-02 | val th 5.346e-07 om 1.492e-04 r1 8.900e-03 r2 1.050e-02
[ 278] train th 4.495e-07 om 9.618e-05 r1 8.876e-03 r2 1.048e-02 | val th 6.235e-07 om 1.393e-04 r1 8.890e-03 r2 1.050e-02  *
[ 279] train th 4.739e-07 om 8.421e-05 r1 8.875e-03 r2 1.048e-02 | val th 8.890e-07 om 9.244e-05 r1 8.895e-03 r2 1.051e-02
[ 280] train th 5.093e-07 om 8.574e-05 r1 8.875e-03 r2 1.048e-02 | val th 4.963e-07 om 1.302e-04 r1 8.898e-03 r2 1.050e-02
[ 281] train th 4.188e-07 om 8.580e-05 r1 8.875e-03 r2 1.048e-02 | val th 3.167e-07 om 1.221e-04 r1 8.891e-03 r2 1.050e-02
[ 282] train th 4.714e-07 om 8.259e-05 r1 8.879e-03 r2 1.049e-02 | val th 1.731e-07 om 9.950e-05 r1 8.893e-03 r2 1.050e-02
[ 283] train th 4.570e-07 om 8.630e-05 r1 8.875e-03 r2 1.048e-02 | val th 3.657e-07 om 1.282e-04 r1 8.892e-03 r2 1.050e-02
[ 284] train th 4.479e-07 om 9.068e-05 r1 8.873e-03 r2 1.048e-02 | val th 3.832e-07 om 1.248e-04 r1 8.897e-03 r2 1.051e-02
[ 285] train th 3.910e-07 om 8.223e-05 r1 8.876e-03 r2 1.048e-02 | val th 4.609e-07 om 1.150e-04 r1 8.893e-03 r2 1.050e-02
[ 286] train th 5.189e-07 om 7.843e-05 r1 8.874e-03 r2 1.048e-02 | val th 4.521e-07 om 1.133e-04 r1 8.895e-03 r2 1.050e-02
[ 287] train th 5.153e-07 om 9.628e-05 r1 8.875e-03 r2 1.048e-02 | val th 5.529e-07 om 1.777e-04 r1 8.893e-03 r2 1.050e-02
[ 288] train th 4.465e-07 om 9.148e-05 r1 8.873e-03 r2 1.048e-02 | val th 2.400e-07 om 1.036e-04 r1 8.890e-03 r2 1.050e-02  *
[ 289] train th 4.573e-07 om 8.940e-05 r1 8.876e-03 r2 1.048e-02 | val th 8.882e-07 om 1.540e-04 r1 8.898e-03 r2 1.050e-02
[ 290] train th 4.321e-07 om 7.812e-05 r1 8.876e-03 r2 1.048e-02 | val th 2.267e-07 om 9.986e-05 r1 8.893e-03 r2 1.050e-02
[ 291] train th 4.233e-07 om 8.013e-05 r1 8.873e-03 r2 1.048e-02 | val th 2.793e-07 om 1.194e-04 r1 8.898e-03 r2 1.050e-02
[ 292] train th 4.962e-07 om 8.769e-05 r1 8.873e-03 r2 1.048e-02 | val th 4.952e-07 om 1.224e-04 r1 8.889e-03 r2 1.050e-02
[ 293] train th 4.305e-07 om 8.021e-05 r1 8.873e-03 r2 1.048e-02 | val th 5.015e-07 om 1.236e-04 r1 8.893e-03 r2 1.050e-02
[ 294] train th 4.229e-07 om 8.709e-05 r1 8.872e-03 r2 1.048e-02 | val th 3.244e-07 om 1.002e-04 r1 8.893e-03 r2 1.050e-02
[ 295] train th 3.991e-07 om 7.762e-05 r1 8.873e-03 r2 1.048e-02 | val th 2.870e-07 om 9.285e-05 r1 8.892e-03 r2 1.050e-02
[ 296] train th 4.751e-07 om 7.884e-05 r1 8.873e-03 r2 1.048e-02 | val th 4.953e-07 om 1.094e-04 r1 8.889e-03 r2 1.050e-02  *
[ 297] train th 3.966e-07 om 7.436e-05 r1 8.873e-03 r2 1.048e-02 | val th 3.950e-07 om 1.394e-04 r1 8.896e-03 r2 1.050e-02
[ 298] train th 4.366e-07 om 7.857e-05 r1 8.873e-03 r2 1.048e-02 | val th 3.943e-07 om 1.400e-04 r1 8.895e-03 r2 1.051e-02
[ 299] train th 3.830e-07 om 8.879e-05 r1 8.871e-03 r2 1.048e-02 | val th 2.646e-07 om 9.391e-05 r1 8.890e-03 r2 1.050e-02
[ 300] train th 4.374e-07 om 8.026e-05 r1 8.872e-03 r2 1.048e-02 | val th 2.240e-07 om 1.370e-04 r1 8.887e-03 r2 1.049e-02  *
[ 301] train th 3.793e-07 om 8.011e-05 r1 8.869e-03 r2 1.048e-02 | val th 4.045e-07 om 8.274e-05 r1 8.892e-03 r2 1.050e-02
[ 302] train th 4.474e-07 om 7.960e-05 r1 8.870e-03 r2 1.048e-02 | val th 1.303e-07 om 8.809e-05 r1 8.887e-03 r2 1.050e-02  *
[ 303] train th 4.249e-07 om 7.217e-05 r1 8.870e-03 r2 1.048e-02 | val th 5.516e-07 om 9.938e-05 r1 8.888e-03 r2 1.050e-02
[ 304] train th 4.449e-07 om 7.340e-05 r1 8.871e-03 r2 1.048e-02 | val th 5.692e-07 om 1.156e-04 r1 8.891e-03 r2 1.050e-02
[ 305] train th 4.400e-07 om 8.355e-05 r1 8.870e-03 r2 1.048e-02 | val th 5.554e-07 om 1.388e-04 r1 8.888e-03 r2 1.049e-02
[ 306] train th 4.400e-07 om 7.700e-05 r1 8.871e-03 r2 1.048e-02 | val th 2.557e-07 om 1.033e-04 r1 8.888e-03 r2 1.050e-02
[ 307] train th 4.320e-07 om 8.345e-05 r1 8.872e-03 r2 1.048e-02 | val th 4.252e-07 om 8.243e-05 r1 8.885e-03 r2 1.049e-02  *
[ 308] train th 5.171e-07 om 8.916e-05 r1 8.872e-03 r2 1.048e-02 | val th 4.531e-07 om 8.295e-05 r1 8.886e-03 r2 1.049e-02
[ 309] train th 4.100e-07 om 9.306e-05 r1 8.870e-03 r2 1.048e-02 | val th 3.226e-07 om 8.854e-05 r1 8.882e-03 r2 1.049e-02  *
[ 310] train th 4.332e-07 om 8.079e-05 r1 8.870e-03 r2 1.048e-02 | val th 5.376e-07 om 1.421e-04 r1 8.895e-03 r2 1.050e-02
[ 311] train th 4.985e-07 om 8.442e-05 r1 8.871e-03 r2 1.048e-02 | val th 4.973e-07 om 1.038e-04 r1 8.892e-03 r2 1.050e-02
[ 312] train th 4.042e-07 om 7.175e-05 r1 8.869e-03 r2 1.048e-02 | val th 2.352e-07 om 1.169e-04 r1 8.886e-03 r2 1.049e-02
[ 313] train th 4.447e-07 om 7.825e-05 r1 8.872e-03 r2 1.048e-02 | val th 3.672e-07 om 8.687e-05 r1 8.894e-03 r2 1.050e-02
[ 314] train th 4.316e-07 om 7.499e-05 r1 8.870e-03 r2 1.048e-02 | val th 3.737e-07 om 1.081e-04 r1 8.895e-03 r2 1.050e-02
[ 315] train th 4.479e-07 om 7.445e-05 r1 8.870e-03 r2 1.048e-02 | val th 3.646e-07 om 1.086e-04 r1 8.894e-03 r2 1.050e-02
[ 316] train th 4.310e-07 om 8.515e-05 r1 8.870e-03 r2 1.048e-02 | val th 5.583e-07 om 2.351e-04 r1 8.893e-03 r2 1.050e-02
[ 317] train th 4.461e-07 om 8.057e-05 r1 8.869e-03 r2 1.048e-02 | val th 4.903e-07 om 1.163e-04 r1 8.890e-03 r2 1.050e-02
[ 318] train th 4.253e-07 om 8.353e-05 r1 8.868e-03 r2 1.048e-02 | val th 2.590e-07 om 8.879e-05 r1 8.890e-03 r2 1.049e-02
[ 319] train th 3.892e-07 om 7.909e-05 r1 8.870e-03 r2 1.048e-02 | val th 4.200e-07 om 9.959e-05 r1 8.890e-03 r2 1.050e-02
[ 320] train th 3.956e-07 om 7.128e-05 r1 8.868e-03 r2 1.048e-02 | val th 3.237e-07 om 8.511e-05 r1 8.890e-03 r2 1.049e-02
[ 321] train th 3.909e-07 om 8.141e-05 r1 8.868e-03 r2 1.048e-02 | val th 4.057e-07 om 1.377e-04 r1 8.885e-03 r2 1.049e-02
[ 322] train th 4.944e-07 om 8.003e-05 r1 8.868e-03 r2 1.048e-02 | val th 1.138e-06 om 1.021e-04 r1 8.889e-03 r2 1.050e-02
[ 323] train th 3.963e-07 om 7.246e-05 r1 8.867e-03 r2 1.047e-02 | val th 7.189e-07 om 9.828e-05 r1 8.886e-03 r2 1.049e-02
[ 324] train th 2.499e-07 om 5.185e-05 r1 8.854e-03 r2 1.046e-02 | val th 1.740e-07 om 6.980e-05 r1 8.871e-03 r2 1.048e-02  *
[ 325] train th 2.109e-07 om 4.471e-05 r1 8.850e-03 r2 1.046e-02 | val th 1.417e-07 om 7.238e-05 r1 8.868e-03 r2 1.048e-02  *
[ 326] train th 2.037e-07 om 4.614e-05 r1 8.851e-03 r2 1.046e-02 | val th 1.713e-07 om 6.940e-05 r1 8.870e-03 r2 1.048e-02
[ 327] train th 1.995e-07 om 4.294e-05 r1 8.850e-03 r2 1.046e-02 | val th 2.750e-07 om 7.651e-05 r1 8.869e-03 r2 1.048e-02
[ 328] train th 2.164e-07 om 4.561e-05 r1 8.851e-03 r2 1.046e-02 | val th 4.141e-07 om 8.322e-05 r1 8.867e-03 r2 1.048e-02  *
[ 329] train th 2.460e-07 om 4.464e-05 r1 8.850e-03 r2 1.046e-02 | val th 2.592e-07 om 7.967e-05 r1 8.867e-03 r2 1.048e-02
[ 330] train th 2.015e-07 om 4.578e-05 r1 8.850e-03 r2 1.046e-02 | val th 2.392e-07 om 6.762e-05 r1 8.866e-03 r2 1.048e-02  *
[ 331] train th 2.010e-07 om 4.334e-05 r1 8.850e-03 r2 1.046e-02 | val th 1.555e-07 om 8.654e-05 r1 8.872e-03 r2 1.048e-02
[ 332] train th 1.916e-07 om 4.265e-05 r1 8.849e-03 r2 1.046e-02 | val th 1.809e-07 om 6.622e-05 r1 8.866e-03 r2 1.048e-02  *
[ 333] train th 2.063e-07 om 4.083e-05 r1 8.849e-03 r2 1.046e-02 | val th 1.712e-07 om 6.225e-05 r1 8.869e-03 r2 1.048e-02
[ 334] train th 1.879e-07 om 4.467e-05 r1 8.848e-03 r2 1.046e-02 | val th 2.724e-07 om 7.128e-05 r1 8.867e-03 r2 1.048e-02
[ 335] train th 2.342e-07 om 4.464e-05 r1 8.850e-03 r2 1.046e-02 | val th 2.646e-07 om 5.481e-05 r1 8.868e-03 r2 1.048e-02
[ 336] train th 2.153e-07 om 4.236e-05 r1 8.848e-03 r2 1.046e-02 | val th 7.783e-08 om 6.896e-05 r1 8.868e-03 r2 1.048e-02
[ 337] train th 2.228e-07 om 4.414e-05 r1 8.848e-03 r2 1.046e-02 | val th 1.146e-07 om 6.518e-05 r1 8.866e-03 r2 1.048e-02  *
[ 338] train th 1.835e-07 om 4.337e-05 r1 8.847e-03 r2 1.046e-02 | val th 2.452e-07 om 5.905e-05 r1 8.861e-03 r2 1.048e-02  *
[ 339] train th 1.977e-07 om 4.075e-05 r1 8.848e-03 r2 1.046e-02 | val th 2.118e-07 om 5.698e-05 r1 8.866e-03 r2 1.048e-02
[ 340] train th 2.119e-07 om 4.257e-05 r1 8.847e-03 r2 1.046e-02 | val th 3.638e-07 om 7.040e-05 r1 8.861e-03 r2 1.048e-02
[ 341] train th 2.422e-07 om 4.084e-05 r1 8.847e-03 r2 1.046e-02 | val th 3.732e-07 om 6.895e-05 r1 8.861e-03 r2 1.048e-02
[ 342] train th 1.911e-07 om 4.489e-05 r1 8.846e-03 r2 1.046e-02 | val th 2.206e-07 om 7.234e-05 r1 8.866e-03 r2 1.048e-02
[ 343] train th 2.221e-07 om 4.205e-05 r1 8.845e-03 r2 1.046e-02 | val th 1.127e-07 om 5.925e-05 r1 8.864e-03 r2 1.048e-02
[ 344] train th 1.874e-07 om 4.422e-05 r1 8.844e-03 r2 1.046e-02 | val th 2.822e-07 om 7.552e-05 r1 8.866e-03 r2 1.048e-02
[ 345] train th 2.323e-07 om 4.743e-05 r1 8.845e-03 r2 1.046e-02 | val th 2.015e-07 om 7.234e-05 r1 8.861e-03 r2 1.048e-02
[ 346] train th 2.139e-07 om 4.806e-05 r1 8.844e-03 r2 1.046e-02 | val th 2.074e-07 om 5.986e-05 r1 8.862e-03 r2 1.048e-02
[ 347] train th 1.773e-07 om 3.957e-05 r1 8.843e-03 r2 1.046e-02 | val th 2.279e-07 om 5.609e-05 r1 8.862e-03 r2 1.048e-02
[ 348] train th 2.105e-07 om 4.022e-05 r1 8.842e-03 r2 1.046e-02 | val th 1.144e-07 om 9.003e-05 r1 8.859e-03 r2 1.048e-02
[ 349] train th 2.369e-07 om 4.025e-05 r1 8.842e-03 r2 1.046e-02 | val th 2.945e-07 om 6.217e-05 r1 8.859e-03 r2 1.048e-02
[ 350] train th 2.041e-07 om 4.035e-05 r1 8.841e-03 r2 1.046e-02 | val th 2.360e-07 om 7.782e-05 r1 8.860e-03 r2 1.048e-02
[ 351] train th 1.890e-07 om 4.050e-05 r1 8.839e-03 r2 1.046e-02 | val th 1.398e-07 om 5.781e-05 r1 8.858e-03 r2 1.048e-02
[ 352] train th 2.127e-07 om 4.151e-05 r1 8.839e-03 r2 1.046e-02 | val th 2.739e-07 om 7.323e-05 r1 8.855e-03 r2 1.048e-02  *
[ 353] train th 2.205e-07 om 4.456e-05 r1 8.838e-03 r2 1.046e-02 | val th 1.763e-07 om 7.476e-05 r1 8.856e-03 r2 1.048e-02
[ 354] train th 1.873e-07 om 4.156e-05 r1 8.837e-03 r2 1.046e-02 | val th 2.204e-07 om 5.959e-05 r1 8.852e-03 r2 1.048e-02  *
[ 355] train th 1.952e-07 om 4.049e-05 r1 8.835e-03 r2 1.046e-02 | val th 1.337e-07 om 6.692e-05 r1 8.852e-03 r2 1.048e-02
[ 356] train th 2.079e-07 om 4.485e-05 r1 8.834e-03 r2 1.046e-02 | val th 1.186e-07 om 5.086e-05 r1 8.852e-03 r2 1.048e-02
[ 357] train th 1.833e-07 om 3.936e-05 r1 8.833e-03 r2 1.046e-02 | val th 2.859e-07 om 5.510e-05 r1 8.851e-03 r2 1.048e-02  *
[ 358] train th 2.129e-07 om 4.221e-05 r1 8.831e-03 r2 1.046e-02 | val th 1.722e-07 om 6.063e-05 r1 8.844e-03 r2 1.047e-02  *
[ 359] train th 1.990e-07 om 4.337e-05 r1 8.830e-03 r2 1.046e-02 | val th 1.725e-07 om 5.942e-05 r1 8.843e-03 r2 1.048e-02  *
[ 360] train th 1.980e-07 om 4.079e-05 r1 8.827e-03 r2 1.046e-02 | val th 1.805e-07 om 5.833e-05 r1 8.838e-03 r2 1.047e-02  *
[ 361] train th 1.998e-07 om 4.224e-05 r1 8.825e-03 r2 1.046e-02 | val th 2.145e-07 om 8.288e-05 r1 8.840e-03 r2 1.048e-02
[ 362] train th 2.211e-07 om 4.394e-05 r1 8.824e-03 r2 1.046e-02 | val th 1.628e-07 om 6.313e-05 r1 8.836e-03 r2 1.047e-02  *
[ 363] train th 1.782e-07 om 4.114e-05 r1 8.822e-03 r2 1.046e-02 | val th 1.325e-07 om 5.645e-05 r1 8.836e-03 r2 1.048e-02
[ 364] train th 1.988e-07 om 4.386e-05 r1 8.820e-03 r2 1.046e-02 | val th 1.304e-07 om 5.552e-05 r1 8.832e-03 r2 1.048e-02  *
[ 365] train th 1.800e-07 om 4.778e-05 r1 8.817e-03 r2 1.046e-02 | val th 1.184e-07 om 7.951e-05 r1 8.833e-03 r2 1.048e-02
[ 366] train th 1.925e-07 om 4.631e-05 r1 8.815e-03 r2 1.046e-02 | val th 1.437e-07 om 7.419e-05 r1 8.829e-03 r2 1.047e-02  *
[ 367] train th 2.096e-07 om 4.556e-05 r1 8.813e-03 r2 1.046e-02 | val th 3.300e-07 om 5.388e-05 r1 8.826e-03 r2 1.047e-02  *
[ 368] train th 1.920e-07 om 4.095e-05 r1 8.812e-03 r2 1.046e-02 | val th 1.622e-07 om 5.600e-05 r1 8.824e-03 r2 1.047e-02  *
[ 369] train th 2.006e-07 om 4.414e-05 r1 8.811e-03 r2 1.046e-02 | val th 2.182e-07 om 6.326e-05 r1 8.821e-03 r2 1.047e-02  *
[ 370] train th 1.842e-07 om 4.307e-05 r1 8.809e-03 r2 1.046e-02 | val th 4.080e-07 om 5.320e-05 r1 8.821e-03 r2 1.047e-02  *
[ 371] train th 2.013e-07 om 4.489e-05 r1 8.808e-03 r2 1.046e-02 | val th 1.968e-07 om 6.168e-05 r1 8.818e-03 r2 1.047e-02  *
[ 372] train th 2.018e-07 om 4.414e-05 r1 8.808e-03 r2 1.046e-02 | val th 2.334e-07 om 5.731e-05 r1 8.818e-03 r2 1.047e-02  *
[ 373] train th 2.227e-07 om 4.304e-05 r1 8.806e-03 r2 1.046e-02 | val th 1.358e-07 om 6.041e-05 r1 8.822e-03 r2 1.048e-02
[ 374] train th 1.871e-07 om 4.550e-05 r1 8.805e-03 r2 1.046e-02 | val th 1.414e-07 om 6.646e-05 r1 8.817e-03 r2 1.047e-02  *
[ 375] train th 2.026e-07 om 4.142e-05 r1 8.804e-03 r2 1.045e-02 | val th 1.350e-07 om 6.438e-05 r1 8.813e-03 r2 1.047e-02  *
[ 376] train th 2.046e-07 om 4.444e-05 r1 8.803e-03 r2 1.046e-02 | val th 1.320e-07 om 5.717e-05 r1 8.814e-03 r2 1.047e-02
[ 377] train th 2.064e-07 om 4.354e-05 r1 8.802e-03 r2 1.045e-02 | val th 4.950e-07 om 5.278e-05 r1 8.814e-03 r2 1.047e-02
[ 378] train th 1.931e-07 om 4.530e-05 r1 8.800e-03 r2 1.045e-02 | val th 1.557e-07 om 7.337e-05 r1 8.812e-03 r2 1.047e-02  *
[ 379] train th 1.866e-07 om 4.757e-05 r1 8.800e-03 r2 1.045e-02 | val th 1.147e-07 om 6.645e-05 r1 8.814e-03 r2 1.047e-02
[ 380] train th 2.016e-07 om 4.517e-05 r1 8.799e-03 r2 1.045e-02 | val th 1.879e-07 om 6.772e-05 r1 8.810e-03 r2 1.047e-02  *
[ 381] train th 1.951e-07 om 4.386e-05 r1 8.799e-03 r2 1.045e-02 | val th 2.057e-07 om 6.889e-05 r1 8.814e-03 r2 1.047e-02
[ 382] train th 1.721e-07 om 4.382e-05 r1 8.797e-03 r2 1.045e-02 | val th 1.137e-07 om 6.541e-05 r1 8.811e-03 r2 1.047e-02
[ 383] train th 2.077e-07 om 4.425e-05 r1 8.797e-03 r2 1.045e-02 | val th 2.259e-07 om 5.904e-05 r1 8.808e-03 r2 1.047e-02  *
[ 384] train th 1.826e-07 om 4.335e-05 r1 8.796e-03 r2 1.045e-02 | val th 2.574e-07 om 7.422e-05 r1 8.809e-03 r2 1.047e-02
[ 385] train th 1.972e-07 om 4.500e-05 r1 8.795e-03 r2 1.045e-02 | val th 1.930e-07 om 5.616e-05 r1 8.806e-03 r2 1.047e-02  *
[ 386] train th 1.918e-07 om 4.337e-05 r1 8.793e-03 r2 1.045e-02 | val th 1.976e-07 om 6.097e-05 r1 8.806e-03 r2 1.047e-02  *
[ 387] train th 2.059e-07 om 4.375e-05 r1 8.792e-03 r2 1.045e-02 | val th 1.126e-07 om 5.968e-05 r1 8.806e-03 r2 1.047e-02
[ 388] train th 2.075e-07 om 4.285e-05 r1 8.791e-03 r2 1.045e-02 | val th 1.913e-07 om 5.441e-05 r1 8.810e-03 r2 1.047e-02
[ 389] train th 1.975e-07 om 4.413e-05 r1 8.791e-03 r2 1.045e-02 | val th 1.358e-07 om 6.868e-05 r1 8.798e-03 r2 1.046e-02  *
[ 390] train th 2.084e-07 om 4.394e-05 r1 8.789e-03 r2 1.045e-02 | val th 3.005e-07 om 6.898e-05 r1 8.801e-03 r2 1.047e-02
[ 391] train th 2.109e-07 om 4.397e-05 r1 8.787e-03 r2 1.045e-02 | val th 1.344e-07 om 7.111e-05 r1 8.801e-03 r2 1.047e-02
[ 392] train th 2.010e-07 om 4.292e-05 r1 8.785e-03 r2 1.045e-02 | val th 1.520e-07 om 5.970e-05 r1 8.802e-03 r2 1.046e-02
[ 393] train th 1.916e-07 om 4.345e-05 r1 8.784e-03 r2 1.045e-02 | val th 1.334e-07 om 6.473e-05 r1 8.794e-03 r2 1.046e-02  *
[ 394] train th 2.118e-07 om 4.554e-05 r1 8.782e-03 r2 1.045e-02 | val th 8.671e-08 om 6.789e-05 r1 8.793e-03 r2 1.046e-02
[ 395] train th 1.965e-07 om 4.467e-05 r1 8.780e-03 r2 1.045e-02 | val th 1.917e-07 om 7.043e-05 r1 8.791e-03 r2 1.046e-02  *
[ 396] train th 2.046e-07 om 4.356e-05 r1 8.778e-03 r2 1.045e-02 | val th 4.112e-07 om 6.653e-05 r1 8.793e-03 r2 1.046e-02
[ 397] train th 1.939e-07 om 4.364e-05 r1 8.777e-03 r2 1.044e-02 | val th 1.537e-07 om 6.414e-05 r1 8.788e-03 r2 1.046e-02  *
[ 398] train th 1.944e-07 om 4.587e-05 r1 8.774e-03 r2 1.044e-02 | val th 2.091e-07 om 5.859e-05 r1 8.786e-03 r2 1.046e-02  *
[ 399] train th 1.912e-07 om 4.681e-05 r1 8.773e-03 r2 1.044e-02 | val th 3.576e-07 om 6.859e-05 r1 8.782e-03 r2 1.046e-02  *
[ 400] train th 2.144e-07 om 4.888e-05 r1 8.771e-03 r2 1.044e-02 | val th 1.195e-07 om 6.291e-05 r1 8.783e-03 r2 1.045e-02  *
[ 401] train th 1.831e-07 om 4.515e-05 r1 8.770e-03 r2 1.044e-02 | val th 2.230e-07 om 7.368e-05 r1 8.782e-03 r2 1.046e-02
[ 402] train th 1.802e-07 om 4.799e-05 r1 8.768e-03 r2 1.044e-02 | val th 2.424e-07 om 7.022e-05 r1 8.787e-03 r2 1.046e-02
[ 403] train th 2.060e-07 om 4.826e-05 r1 8.768e-03 r2 1.044e-02 | val th 3.472e-07 om 6.407e-05 r1 8.777e-03 r2 1.045e-02  *
[ 404] train th 2.080e-07 om 4.890e-05 r1 8.767e-03 r2 1.044e-02 | val th 2.455e-07 om 6.362e-05 r1 8.779e-03 r2 1.045e-02
[ 405] train th 1.928e-07 om 4.954e-05 r1 8.765e-03 r2 1.044e-02 | val th 3.266e-07 om 6.859e-05 r1 8.778e-03 r2 1.045e-02  *
[ 406] train th 1.981e-07 om 4.648e-05 r1 8.765e-03 r2 1.044e-02 | val th 2.321e-07 om 6.081e-05 r1 8.778e-03 r2 1.045e-02
[ 407] train th 1.840e-07 om 4.770e-05 r1 8.763e-03 r2 1.043e-02 | val th 3.510e-07 om 7.388e-05 r1 8.776e-03 r2 1.045e-02  *
[ 408] train th 1.934e-07 om 4.750e-05 r1 8.763e-03 r2 1.043e-02 | val th 1.990e-07 om 6.512e-05 r1 8.778e-03 r2 1.045e-02
[ 409] train th 2.210e-07 om 4.882e-05 r1 8.762e-03 r2 1.043e-02 | val th 1.979e-07 om 6.747e-05 r1 8.777e-03 r2 1.045e-02  *
[ 410] train th 1.893e-07 om 4.767e-05 r1 8.761e-03 r2 1.043e-02 | val th 2.055e-07 om 5.882e-05 r1 8.774e-03 r2 1.045e-02  *
[ 411] train th 1.950e-07 om 4.665e-05 r1 8.761e-03 r2 1.043e-02 | val th 2.013e-07 om 8.920e-05 r1 8.776e-03 r2 1.044e-02
[ 412] train th 2.005e-07 om 4.992e-05 r1 8.761e-03 r2 1.043e-02 | val th 1.864e-07 om 6.656e-05 r1 8.777e-03 r2 1.044e-02
[ 413] train th 1.888e-07 om 4.747e-05 r1 8.760e-03 r2 1.043e-02 | val th 1.247e-07 om 6.591e-05 r1 8.772e-03 r2 1.044e-02  *
[ 414] train th 1.830e-07 om 5.044e-05 r1 8.760e-03 r2 1.042e-02 | val th 1.613e-07 om 5.249e-05 r1 8.768e-03 r2 1.043e-02  *
[ 415] train th 2.011e-07 om 4.506e-05 r1 8.759e-03 r2 1.042e-02 | val th 1.086e-07 om 5.221e-05 r1 8.772e-03 r2 1.043e-02
[ 416] train th 1.922e-07 om 4.677e-05 r1 8.759e-03 r2 1.042e-02 | val th 1.733e-07 om 6.385e-05 r1 8.775e-03 r2 1.043e-02
[ 417] train th 1.810e-07 om 4.954e-05 r1 8.759e-03 r2 1.042e-02 | val th 1.453e-07 om 5.547e-05 r1 8.775e-03 r2 1.043e-02
[ 418] train th 2.256e-07 om 4.769e-05 r1 8.759e-03 r2 1.042e-02 | val th 1.175e-07 om 5.495e-05 r1 8.771e-03 r2 1.043e-02  *
[ 419] train th 2.038e-07 om 4.592e-05 r1 8.759e-03 r2 1.041e-02 | val th 1.463e-07 om 5.624e-05 r1 8.772e-03 r2 1.043e-02
[ 420] train th 1.998e-07 om 4.591e-05 r1 8.758e-03 r2 1.041e-02 | val th 1.622e-07 om 6.775e-05 r1 8.768e-03 r2 1.042e-02  *
[ 421] train th 2.044e-07 om 4.511e-05 r1 8.759e-03 r2 1.041e-02 | val th 1.828e-07 om 5.810e-05 r1 8.775e-03 r2 1.042e-02
[ 422] train th 2.139e-07 om 4.505e-05 r1 8.758e-03 r2 1.041e-02 | val th 1.061e-07 om 7.732e-05 r1 8.772e-03 r2 1.042e-02
[ 423] train th 1.865e-07 om 4.577e-05 r1 8.758e-03 r2 1.040e-02 | val th 1.664e-07 om 7.083e-05 r1 8.774e-03 r2 1.042e-02
[ 424] train th 2.061e-07 om 4.884e-05 r1 8.759e-03 r2 1.040e-02 | val th 1.991e-07 om 7.827e-05 r1 8.770e-03 r2 1.041e-02  *
[ 425] train th 2.009e-07 om 5.075e-05 r1 8.758e-03 r2 1.040e-02 | val th 1.347e-07 om 6.285e-05 r1 8.770e-03 r2 1.041e-02  *
[ 426] train th 1.863e-07 om 4.558e-05 r1 8.759e-03 r2 1.040e-02 | val th 1.884e-07 om 6.498e-05 r1 8.769e-03 r2 1.040e-02  *
[ 427] train th 2.041e-07 om 4.720e-05 r1 8.758e-03 r2 1.039e-02 | val th 1.623e-07 om 7.341e-05 r1 8.771e-03 r2 1.040e-02
[ 428] train th 2.068e-07 om 4.844e-05 r1 8.758e-03 r2 1.039e-02 | val th 1.331e-07 om 6.245e-05 r1 8.771e-03 r2 1.040e-02  *
[ 429] train th 2.028e-07 om 4.462e-05 r1 8.759e-03 r2 1.039e-02 | val th 1.600e-07 om 6.311e-05 r1 8.770e-03 r2 1.040e-02  *
[ 430] train th 1.636e-07 om 4.456e-05 r1 8.758e-03 r2 1.038e-02 | val th 1.628e-07 om 5.356e-05 r1 8.771e-03 r2 1.039e-02  *
[ 431] train th 2.169e-07 om 5.162e-05 r1 8.758e-03 r2 1.038e-02 | val th 1.262e-07 om 6.286e-05 r1 8.771e-03 r2 1.039e-02  *
[ 432] train th 1.757e-07 om 4.834e-05 r1 8.758e-03 r2 1.038e-02 | val th 1.384e-07 om 6.842e-05 r1 8.769e-03 r2 1.039e-02  *
[ 433] train th 2.084e-07 om 5.027e-05 r1 8.758e-03 r2 1.037e-02 | val th 2.021e-07 om 6.313e-05 r1 8.768e-03 r2 1.038e-02  *
[ 434] train th 2.106e-07 om 4.565e-05 r1 8.759e-03 r2 1.037e-02 | val th 1.241e-07 om 5.468e-05 r1 8.773e-03 r2 1.038e-02
[ 435] train th 1.880e-07 om 4.890e-05 r1 8.758e-03 r2 1.037e-02 | val th 1.359e-07 om 7.951e-05 r1 8.770e-03 r2 1.038e-02  *
[ 436] train th 1.875e-07 om 4.703e-05 r1 8.758e-03 r2 1.037e-02 | val th 8.915e-08 om 5.850e-05 r1 8.769e-03 r2 1.038e-02  *
[ 437] train th 1.693e-07 om 4.796e-05 r1 8.758e-03 r2 1.036e-02 | val th 1.459e-07 om 5.913e-05 r1 8.769e-03 r2 1.037e-02  *
[ 438] train th 2.067e-07 om 4.578e-05 r1 8.758e-03 r2 1.036e-02 | val th 2.411e-07 om 5.660e-05 r1 8.772e-03 r2 1.037e-02
[ 439] train th 2.102e-07 om 4.632e-05 r1 8.759e-03 r2 1.036e-02 | val th 1.235e-07 om 5.652e-05 r1 8.769e-03 r2 1.037e-02  *
[ 440] train th 1.747e-07 om 4.687e-05 r1 8.758e-03 r2 1.036e-02 | val th 2.668e-07 om 6.184e-05 r1 8.770e-03 r2 1.037e-02
[ 441] train th 1.914e-07 om 4.806e-05 r1 8.757e-03 r2 1.036e-02 | val th 3.726e-07 om 5.864e-05 r1 8.770e-03 r2 1.037e-02
[ 442] train th 2.034e-07 om 4.314e-05 r1 8.758e-03 r2 1.036e-02 | val th 1.863e-07 om 6.513e-05 r1 8.772e-03 r2 1.037e-02
[ 443] train th 1.935e-07 om 4.713e-05 r1 8.758e-03 r2 1.036e-02 | val th 1.573e-07 om 5.838e-05 r1 8.768e-03 r2 1.037e-02  *
[ 444] train th 1.960e-07 om 4.910e-05 r1 8.757e-03 r2 1.035e-02 | val th 1.648e-07 om 6.463e-05 r1 8.765e-03 r2 1.036e-02  *
[ 445] train th 1.960e-07 om 4.960e-05 r1 8.755e-03 r2 1.035e-02 | val th 9.522e-08 om 6.023e-05 r1 8.771e-03 r2 1.036e-02
[ 446] train th 2.029e-07 om 4.736e-05 r1 8.755e-03 r2 1.035e-02 | val th 1.430e-07 om 6.913e-05 r1 8.770e-03 r2 1.036e-02
[ 447] train th 2.139e-07 om 4.761e-05 r1 8.757e-03 r2 1.035e-02 | val th 3.156e-07 om 6.730e-05 r1 8.767e-03 r2 1.036e-02
[ 448] train th 2.061e-07 om 4.716e-05 r1 8.757e-03 r2 1.035e-02 | val th 1.918e-07 om 7.398e-05 r1 8.769e-03 r2 1.036e-02
[ 449] train th 1.855e-07 om 4.579e-05 r1 8.756e-03 r2 1.035e-02 | val th 3.034e-07 om 6.729e-05 r1 8.772e-03 r2 1.037e-02
[ 450] train th 1.993e-07 om 4.672e-05 r1 8.756e-03 r2 1.035e-02 | val th 7.113e-08 om 5.307e-05 r1 8.770e-03 r2 1.036e-02
[ 451] train th 2.195e-07 om 4.392e-05 r1 8.756e-03 r2 1.035e-02 | val th 2.982e-07 om 7.172e-05 r1 8.770e-03 r2 1.036e-02
[ 452] train th 1.983e-07 om 4.596e-05 r1 8.755e-03 r2 1.035e-02 | val th 1.738e-07 om 5.796e-05 r1 8.768e-03 r2 1.036e-02  *
[ 453] train th 2.003e-07 om 4.677e-05 r1 8.755e-03 r2 1.035e-02 | val th 1.560e-07 om 6.267e-05 r1 8.765e-03 r2 1.036e-02  *
[ 454] train th 1.828e-07 om 4.496e-05 r1 8.755e-03 r2 1.035e-02 | val th 4.272e-07 om 5.381e-05 r1 8.767e-03 r2 1.036e-02
[ 455] train th 1.908e-07 om 4.288e-05 r1 8.754e-03 r2 1.035e-02 | val th 2.687e-07 om 6.593e-05 r1 8.771e-03 r2 1.036e-02
[ 456] train th 1.893e-07 om 4.868e-05 r1 8.754e-03 r2 1.035e-02 | val th 4.055e-07 om 5.832e-05 r1 8.764e-03 r2 1.036e-02  *
[ 457] train th 1.884e-07 om 4.725e-05 r1 8.754e-03 r2 1.035e-02 | val th 2.975e-07 om 5.142e-05 r1 8.765e-03 r2 1.036e-02
[ 458] train th 1.762e-07 om 4.504e-05 r1 8.753e-03 r2 1.035e-02 | val th 2.175e-07 om 5.485e-05 r1 8.763e-03 r2 1.035e-02  *
[ 459] train th 2.016e-07 om 5.008e-05 r1 8.753e-03 r2 1.035e-02 | val th 9.922e-08 om 6.281e-05 r1 8.767e-03 r2 1.036e-02
[ 460] train th 1.978e-07 om 4.670e-05 r1 8.755e-03 r2 1.035e-02 | val th 3.074e-07 om 6.895e-05 r1 8.762e-03 r2 1.036e-02
[ 461] train th 2.056e-07 om 4.504e-05 r1 8.755e-03 r2 1.035e-02 | val th 1.314e-07 om 5.708e-05 r1 8.768e-03 r2 1.036e-02
[ 462] train th 1.845e-07 om 4.674e-05 r1 8.753e-03 r2 1.035e-02 | val th 1.662e-07 om 6.919e-05 r1 8.768e-03 r2 1.036e-02
[ 463] train th 1.862e-07 om 4.654e-05 r1 8.753e-03 r2 1.034e-02 | val th 3.140e-07 om 5.623e-05 r1 8.766e-03 r2 1.036e-02
[ 464] train th 1.768e-07 om 4.547e-05 r1 8.752e-03 r2 1.034e-02 | val th 2.092e-07 om 5.273e-05 r1 8.763e-03 r2 1.035e-02  *
[ 465] train th 1.877e-07 om 4.293e-05 r1 8.752e-03 r2 1.034e-02 | val th 1.872e-07 om 5.329e-05 r1 8.766e-03 r2 1.036e-02
[ 466] train th 1.749e-07 om 4.662e-05 r1 8.752e-03 r2 1.034e-02 | val th 1.513e-07 om 6.265e-05 r1 8.765e-03 r2 1.036e-02
[ 467] train th 1.912e-07 om 4.197e-05 r1 8.753e-03 r2 1.034e-02 | val th 2.089e-07 om 5.994e-05 r1 8.764e-03 r2 1.036e-02
[ 468] train th 1.808e-07 om 4.374e-05 r1 8.753e-03 r2 1.034e-02 | val th 8.851e-08 om 4.890e-05 r1 8.765e-03 r2 1.036e-02
[ 469] train th 1.789e-07 om 4.304e-05 r1 8.752e-03 r2 1.034e-02 | val th 2.096e-07 om 5.641e-05 r1 8.764e-03 r2 1.036e-02
[ 470] train th 1.930e-07 om 4.193e-05 r1 8.751e-03 r2 1.034e-02 | val th 3.588e-07 om 6.712e-05 r1 8.767e-03 r2 1.035e-02
[ 471] train th 2.103e-07 om 4.150e-05 r1 8.752e-03 r2 1.034e-02 | val th 1.564e-07 om 5.849e-05 r1 8.763e-03 r2 1.035e-02  *
[ 472] train th 1.880e-07 om 4.441e-05 r1 8.752e-03 r2 1.034e-02 | val th 9.714e-08 om 6.381e-05 r1 8.770e-03 r2 1.036e-02
[ 473] train th 1.025e-07 om 3.312e-05 r1 8.744e-03 r2 1.034e-02 | val th 7.589e-08 om 4.552e-05 r1 8.755e-03 r2 1.035e-02  *
[ 474] train th 1.068e-07 om 3.212e-05 r1 8.743e-03 r2 1.034e-02 | val th 9.537e-08 om 4.803e-05 r1 8.758e-03 r2 1.035e-02
[ 475] train th 9.301e-08 om 3.122e-05 r1 8.743e-03 r2 1.033e-02 | val th 1.398e-07 om 4.501e-05 r1 8.755e-03 r2 1.035e-02  *
[ 476] train th 9.923e-08 om 3.271e-05 r1 8.743e-03 r2 1.033e-02 | val th 8.876e-08 om 4.358e-05 r1 8.754e-03 r2 1.035e-02  *
[ 477] train th 1.120e-07 om 3.278e-05 r1 8.743e-03 r2 1.033e-02 | val th 1.067e-07 om 4.316e-05 r1 8.755e-03 r2 1.035e-02
[ 478] train th 1.032e-07 om 3.013e-05 r1 8.743e-03 r2 1.033e-02 | val th 1.410e-07 om 5.358e-05 r1 8.754e-03 r2 1.035e-02
[ 479] train th 1.065e-07 om 3.182e-05 r1 8.742e-03 r2 1.033e-02 | val th 7.908e-08 om 4.739e-05 r1 8.755e-03 r2 1.035e-02
[ 480] train th 1.068e-07 om 3.247e-05 r1 8.742e-03 r2 1.033e-02 | val th 1.232e-07 om 5.017e-05 r1 8.754e-03 r2 1.035e-02  *
[ 481] train th 1.082e-07 om 3.282e-05 r1 8.742e-03 r2 1.033e-02 | val th 1.506e-07 om 4.460e-05 r1 8.754e-03 r2 1.035e-02  *
[ 482] train th 8.992e-08 om 3.056e-05 r1 8.741e-03 r2 1.033e-02 | val th 1.813e-07 om 5.455e-05 r1 8.756e-03 r2 1.035e-02
[ 483] train th 9.227e-08 om 3.182e-05 r1 8.742e-03 r2 1.033e-02 | val th 9.794e-08 om 4.125e-05 r1 8.757e-03 r2 1.035e-02
[ 484] train th 9.547e-08 om 3.156e-05 r1 8.742e-03 r2 1.033e-02 | val th 8.711e-08 om 4.206e-05 r1 8.754e-03 r2 1.034e-02  *
[ 485] train th 1.058e-07 om 2.842e-05 r1 8.741e-03 r2 1.033e-02 | val th 1.521e-07 om 4.286e-05 r1 8.754e-03 r2 1.035e-02
[ 486] train th 9.604e-08 om 3.008e-05 r1 8.742e-03 r2 1.033e-02 | val th 1.698e-07 om 4.386e-05 r1 8.755e-03 r2 1.035e-02
[ 487] train th 1.017e-07 om 3.137e-05 r1 8.741e-03 r2 1.033e-02 | val th 8.978e-08 om 4.035e-05 r1 8.754e-03 r2 1.035e-02
[ 488] train th 9.789e-08 om 2.959e-05 r1 8.741e-03 r2 1.033e-02 | val th 6.399e-08 om 4.189e-05 r1 8.752e-03 r2 1.034e-02  *
[ 489] train th 1.011e-07 om 2.969e-05 r1 8.741e-03 r2 1.033e-02 | val th 9.006e-08 om 4.301e-05 r1 8.755e-03 r2 1.034e-02
[ 490] train th 1.044e-07 om 2.960e-05 r1 8.741e-03 r2 1.033e-02 | val th 8.904e-08 om 3.856e-05 r1 8.753e-03 r2 1.034e-02
[ 491] train th 9.493e-08 om 2.894e-05 r1 8.740e-03 r2 1.033e-02 | val th 5.770e-08 om 4.300e-05 r1 8.754e-03 r2 1.034e-02
[ 492] train th 1.018e-07 om 2.972e-05 r1 8.741e-03 r2 1.033e-02 | val th 7.361e-08 om 4.534e-05 r1 8.753e-03 r2 1.034e-02
[ 493] train th 1.009e-07 om 2.799e-05 r1 8.741e-03 r2 1.033e-02 | val th 5.507e-08 om 3.861e-05 r1 8.753e-03 r2 1.034e-02  *
[ 494] train th 1.018e-07 om 2.867e-05 r1 8.741e-03 r2 1.033e-02 | val th 7.964e-08 om 4.108e-05 r1 8.753e-03 r2 1.034e-02  *
[ 495] train th 9.628e-08 om 2.896e-05 r1 8.741e-03 r2 1.033e-02 | val th 8.458e-08 om 4.450e-05 r1 8.753e-03 r2 1.034e-02
[ 496] train th 9.478e-08 om 2.969e-05 r1 8.741e-03 r2 1.033e-02 | val th 8.759e-08 om 4.154e-05 r1 8.753e-03 r2 1.034e-02
[ 497] train th 9.916e-08 om 2.803e-05 r1 8.741e-03 r2 1.033e-02 | val th 9.529e-08 om 4.120e-05 r1 8.753e-03 r2 1.034e-02
[ 498] train th 1.004e-07 om 2.855e-05 r1 8.741e-03 r2 1.033e-02 | val th 1.204e-07 om 4.319e-05 r1 8.754e-03 r2 1.035e-02
[ 499] train th 1.091e-07 om 2.917e-05 r1 8.741e-03 r2 1.033e-02 | val th 1.288e-07 om 4.500e-05 r1 8.753e-03 r2 1.034e-02
[ 500] train th 9.450e-08 om 2.918e-05 r1 8.740e-03 r2 1.033e-02 | val th 9.383e-08 om 4.056e-05 r1 8.753e-03 r2 1.034e-02
[ 501] train th 1.028e-07 om 2.789e-05 r1 8.740e-03 r2 1.033e-02 | val th 1.144e-07 om 4.770e-05 r1 8.755e-03 r2 1.035e-02
[ 502] train th 9.465e-08 om 2.884e-05 r1 8.740e-03 r2 1.033e-02 | val th 5.571e-08 om 3.775e-05 r1 8.753e-03 r2 1.034e-02  *
[ 503] train th 1.013e-07 om 2.837e-05 r1 8.740e-03 r2 1.033e-02 | val th 1.266e-07 om 4.664e-05 r1 8.752e-03 r2 1.034e-02
[ 504] train th 1.031e-07 om 2.863e-05 r1 8.740e-03 r2 1.033e-02 | val th 8.609e-08 om 4.178e-05 r1 8.752e-03 r2 1.034e-02  *
[ 505] train th 1.027e-07 om 2.896e-05 r1 8.740e-03 r2 1.033e-02 | val th 1.074e-07 om 3.632e-05 r1 8.752e-03 r2 1.034e-02  *
[ 506] train th 8.774e-08 om 2.814e-05 r1 8.740e-03 r2 1.033e-02 | val th 7.533e-08 om 7.321e-05 r1 8.757e-03 r2 1.035e-02
[ 507] train th 9.876e-08 om 2.757e-05 r1 8.740e-03 r2 1.033e-02 | val th 1.103e-07 om 3.863e-05 r1 8.752e-03 r2 1.034e-02
[ 508] train th 9.898e-08 om 2.795e-05 r1 8.740e-03 r2 1.033e-02 | val th 6.123e-08 om 3.827e-05 r1 8.751e-03 r2 1.034e-02  *
[ 509] train th 9.486e-08 om 2.820e-05 r1 8.740e-03 r2 1.033e-02 | val th 9.133e-08 om 4.356e-05 r1 8.752e-03 r2 1.034e-02
[ 510] train th 1.022e-07 om 2.958e-05 r1 8.740e-03 r2 1.033e-02 | val th 1.316e-07 om 4.505e-05 r1 8.752e-03 r2 1.034e-02
[ 511] train th 9.982e-08 om 2.749e-05 r1 8.740e-03 r2 1.033e-02 | val th 7.717e-08 om 3.836e-05 r1 8.754e-03 r2 1.034e-02
[ 512] train th 9.621e-08 om 2.742e-05 r1 8.740e-03 r2 1.033e-02 | val th 7.665e-08 om 4.579e-05 r1 8.752e-03 r2 1.034e-02
[ 513] train th 8.508e-08 om 2.764e-05 r1 8.739e-03 r2 1.033e-02 | val th 1.095e-07 om 5.679e-05 r1 8.752e-03 r2 1.034e-02
[ 514] train th 9.944e-08 om 2.913e-05 r1 8.740e-03 r2 1.033e-02 | val th 1.272e-07 om 3.750e-05 r1 8.752e-03 r2 1.034e-02
[ 515] train th 1.012e-07 om 2.682e-05 r1 8.739e-03 r2 1.033e-02 | val th 1.329e-07 om 3.932e-05 r1 8.752e-03 r2 1.034e-02
[ 516] train th 9.130e-08 om 2.892e-05 r1 8.739e-03 r2 1.033e-02 | val th 8.127e-08 om 4.803e-05 r1 8.753e-03 r2 1.034e-02
[ 517] train th 8.720e-08 om 2.695e-05 r1 8.739e-03 r2 1.033e-02 | val th 4.257e-08 om 3.967e-05 r1 8.752e-03 r2 1.034e-02  *
[ 518] train th 8.945e-08 om 2.821e-05 r1 8.738e-03 r2 1.033e-02 | val th 5.031e-08 om 4.060e-05 r1 8.750e-03 r2 1.034e-02  *
[ 519] train th 1.048e-07 om 2.668e-05 r1 8.739e-03 r2 1.033e-02 | val th 1.060e-07 om 3.507e-05 r1 8.751e-03 r2 1.034e-02
[ 520] train th 9.184e-08 om 2.640e-05 r1 8.739e-03 r2 1.033e-02 | val th 5.963e-08 om 4.457e-05 r1 8.752e-03 r2 1.034e-02
[ 521] train th 1.002e-07 om 2.765e-05 r1 8.739e-03 r2 1.033e-02 | val th 1.247e-07 om 4.116e-05 r1 8.751e-03 r2 1.034e-02
[ 522] train th 1.020e-07 om 2.817e-05 r1 8.739e-03 r2 1.033e-02 | val th 4.377e-08 om 4.191e-05 r1 8.750e-03 r2 1.034e-02
[ 523] train th 1.021e-07 om 2.622e-05 r1 8.738e-03 r2 1.033e-02 | val th 1.078e-07 om 3.394e-05 r1 8.751e-03 r2 1.034e-02
[ 524] train th 1.041e-07 om 2.572e-05 r1 8.739e-03 r2 1.033e-02 | val th 1.537e-07 om 3.885e-05 r1 8.751e-03 r2 1.034e-02
[ 525] train th 9.193e-08 om 2.779e-05 r1 8.739e-03 r2 1.033e-02 | val th 6.415e-08 om 3.759e-05 r1 8.750e-03 r2 1.034e-02
[ 526] train th 9.603e-08 om 2.654e-05 r1 8.739e-03 r2 1.033e-02 | val th 7.766e-08 om 3.987e-05 r1 8.750e-03 r2 1.034e-02
[ 527] train th 9.152e-08 om 2.649e-05 r1 8.739e-03 r2 1.033e-02 | val th 6.862e-08 om 4.438e-05 r1 8.751e-03 r2 1.034e-02
[ 528] train th 9.390e-08 om 2.691e-05 r1 8.738e-03 r2 1.033e-02 | val th 8.232e-08 om 3.855e-05 r1 8.750e-03 r2 1.034e-02  *
[ 529] train th 9.872e-08 om 2.429e-05 r1 8.739e-03 r2 1.033e-02 | val th 8.510e-08 om 4.601e-05 r1 8.752e-03 r2 1.034e-02
[ 530] train th 9.984e-08 om 2.521e-05 r1 8.739e-03 r2 1.033e-02 | val th 7.821e-08 om 3.597e-05 r1 8.749e-03 r2 1.034e-02  *
[ 531] train th 8.759e-08 om 2.728e-05 r1 8.738e-03 r2 1.033e-02 | val th 2.982e-08 om 4.075e-05 r1 8.753e-03 r2 1.034e-02
[ 532] train th 9.793e-08 om 2.816e-05 r1 8.739e-03 r2 1.033e-02 | val th 1.886e-07 om 4.571e-05 r1 8.750e-03 r2 1.034e-02
[ 533] train th 8.361e-08 om 2.608e-05 r1 8.738e-03 r2 1.033e-02 | val th 1.286e-07 om 4.078e-05 r1 8.749e-03 r2 1.034e-02
[ 534] train th 9.372e-08 om 2.541e-05 r1 8.738e-03 r2 1.033e-02 | val th 4.823e-08 om 3.617e-05 r1 8.750e-03 r2 1.034e-02
[ 535] train th 1.059e-07 om 2.633e-05 r1 8.738e-03 r2 1.033e-02 | val th 1.449e-07 om 3.691e-05 r1 8.750e-03 r2 1.034e-02
[ 536] train th 9.724e-08 om 2.691e-05 r1 8.738e-03 r2 1.033e-02 | val th 8.400e-08 om 4.039e-05 r1 8.750e-03 r2 1.034e-02
[ 537] train th 9.837e-08 om 2.512e-05 r1 8.738e-03 r2 1.033e-02 | val th 1.138e-07 om 3.966e-05 r1 8.749e-03 r2 1.034e-02  *
[ 538] train th 9.956e-08 om 2.492e-05 r1 8.738e-03 r2 1.033e-02 | val th 1.337e-07 om 3.706e-05 r1 8.752e-03 r2 1.034e-02
[ 539] train th 8.458e-08 om 2.716e-05 r1 8.738e-03 r2 1.033e-02 | val th 1.144e-07 om 3.906e-05 r1 8.750e-03 r2 1.034e-02
[ 540] train th 8.960e-08 om 2.684e-05 r1 8.738e-03 r2 1.033e-02 | val th 1.315e-07 om 4.097e-05 r1 8.750e-03 r2 1.034e-02
[ 541] train th 9.542e-08 om 2.410e-05 r1 8.738e-03 r2 1.033e-02 | val th 8.535e-08 om 3.196e-05 r1 8.750e-03 r2 1.034e-02
[ 542] train th 7.955e-08 om 2.409e-05 r1 8.738e-03 r2 1.033e-02 | val th 9.381e-08 om 3.681e-05 r1 8.748e-03 r2 1.034e-02  *
[ 543] train th 9.368e-08 om 2.451e-05 r1 8.737e-03 r2 1.033e-02 | val th 5.838e-08 om 3.378e-05 r1 8.750e-03 r2 1.034e-02
[ 544] train th 8.947e-08 om 2.697e-05 r1 8.737e-03 r2 1.033e-02 | val th 1.582e-07 om 3.746e-05 r1 8.748e-03 r2 1.034e-02
[ 545] train th 6.981e-08 om 2.139e-05 r1 8.734e-03 r2 1.032e-02 | val th 1.025e-07 om 3.311e-05 r1 8.745e-03 r2 1.034e-02  *
[ 546] train th 6.875e-08 om 2.109e-05 r1 8.734e-03 r2 1.032e-02 | val th 5.457e-08 om 3.233e-05 r1 8.746e-03 r2 1.034e-02
[ 547] train th 6.079e-08 om 2.034e-05 r1 8.734e-03 r2 1.032e-02 | val th 4.538e-08 om 3.413e-05 r1 8.746e-03 r2 1.034e-02
[ 548] train th 7.203e-08 om 2.087e-05 r1 8.734e-03 r2 1.033e-02 | val th 9.980e-08 om 3.173e-05 r1 8.745e-03 r2 1.034e-02
[ 549] train th 6.283e-08 om 2.113e-05 r1 8.734e-03 r2 1.032e-02 | val th 5.060e-08 om 3.101e-05 r1 8.745e-03 r2 1.034e-02
[ 550] train th 6.692e-08 om 2.132e-05 r1 8.734e-03 r2 1.032e-02 | val th 5.950e-08 om 3.959e-05 r1 8.746e-03 r2 1.034e-02
[ 551] train th 5.636e-08 om 2.081e-05 r1 8.733e-03 r2 1.032e-02 | val th 4.341e-08 om 3.003e-05 r1 8.746e-03 r2 1.034e-02
[ 552] train th 5.736e-08 om 2.041e-05 r1 8.733e-03 r2 1.032e-02 | val th 9.147e-08 om 2.915e-05 r1 8.746e-03 r2 1.034e-02
[ 553] train th 6.449e-08 om 1.994e-05 r1 8.733e-03 r2 1.032e-02 | val th 7.278e-08 om 3.133e-05 r1 8.744e-03 r2 1.034e-02  *
[ 554] train th 5.797e-08 om 2.090e-05 r1 8.734e-03 r2 1.032e-02 | val th 6.133e-08 om 3.078e-05 r1 8.747e-03 r2 1.034e-02
[ 555] train th 5.462e-08 om 2.035e-05 r1 8.733e-03 r2 1.032e-02 | val th 5.311e-08 om 3.194e-05 r1 8.746e-03 r2 1.034e-02
[ 556] train th 6.405e-08 om 2.140e-05 r1 8.733e-03 r2 1.032e-02 | val th 6.455e-08 om 3.522e-05 r1 8.746e-03 r2 1.034e-02
[ 557] train th 5.498e-08 om 2.060e-05 r1 8.733e-03 r2 1.032e-02 | val th 6.520e-08 om 3.070e-05 r1 8.745e-03 r2 1.034e-02
[ 558] train th 5.988e-08 om 2.044e-05 r1 8.733e-03 r2 1.032e-02 | val th 7.925e-08 om 2.970e-05 r1 8.745e-03 r2 1.034e-02
[ 559] train th 5.735e-08 om 2.075e-05 r1 8.733e-03 r2 1.032e-02 | val th 4.049e-08 om 2.993e-05 r1 8.745e-03 r2 1.034e-02
[ 560] train th 4.683e-08 om 1.786e-05 r1 8.731e-03 r2 1.032e-02 | val th 3.316e-08 om 2.983e-05 r1 8.743e-03 r2 1.033e-02  *
[ 561] train th 4.971e-08 om 1.807e-05 r1 8.731e-03 r2 1.032e-02 | val th 2.796e-08 om 2.827e-05 r1 8.743e-03 r2 1.033e-02
[ 562] train th 4.507e-08 om 1.825e-05 r1 8.732e-03 r2 1.032e-02 | val th 2.688e-08 om 2.781e-05 r1 8.743e-03 r2 1.033e-02
[ 563] train th 4.598e-08 om 1.746e-05 r1 8.731e-03 r2 1.032e-02 | val th 4.697e-08 om 2.969e-05 r1 8.743e-03 r2 1.033e-02  *
[ 564] train th 3.966e-08 om 1.764e-05 r1 8.731e-03 r2 1.032e-02 | val th 4.481e-08 om 2.829e-05 r1 8.744e-03 r2 1.033e-02
[ 565] train th 4.044e-08 om 1.784e-05 r1 8.731e-03 r2 1.032e-02 | val th 3.135e-08 om 2.758e-05 r1 8.743e-03 r2 1.033e-02
[ 566] train th 4.036e-08 om 1.809e-05 r1 8.731e-03 r2 1.032e-02 | val th 4.805e-08 om 2.871e-05 r1 8.743e-03 r2 1.033e-02
[ 567] train th 4.360e-08 om 1.799e-05 r1 8.731e-03 r2 1.032e-02 | val th 4.473e-08 om 2.930e-05 r1 8.743e-03 r2 1.033e-02
[ 568] train th 4.934e-08 om 1.796e-05 r1 8.731e-03 r2 1.032e-02 | val th 2.475e-08 om 2.847e-05 r1 8.743e-03 r2 1.033e-02
[ 569] train th 4.468e-08 om 1.755e-05 r1 8.731e-03 r2 1.032e-02 | val th 7.106e-08 om 3.063e-05 r1 8.743e-03 r2 1.033e-02
[ 570] train th 4.967e-08 om 1.788e-05 r1 8.731e-03 r2 1.032e-02 | val th 3.260e-08 om 2.762e-05 r1 8.743e-03 r2 1.033e-02
[ 571] train th 3.954e-08 om 1.760e-05 r1 8.731e-03 r2 1.032e-02 | val th 5.685e-08 om 2.811e-05 r1 8.743e-03 r2 1.033e-02  *
[ 572] train th 4.528e-08 om 1.788e-05 r1 8.730e-03 r2 1.032e-02 | val th 4.091e-08 om 2.989e-05 r1 8.743e-03 r2 1.033e-02
[ 573] train th 4.739e-08 om 1.750e-05 r1 8.731e-03 r2 1.032e-02 | val th 3.865e-08 om 2.705e-05 r1 8.743e-03 r2 1.033e-02
[ 574] train th 4.184e-08 om 1.770e-05 r1 8.731e-03 r2 1.032e-02 | val th 3.999e-08 om 2.746e-05 r1 8.743e-03 r2 1.033e-02
[ 575] train th 3.277e-08 om 1.660e-05 r1 8.730e-03 r2 1.032e-02 | val th 4.188e-08 om 2.697e-05 r1 8.742e-03 r2 1.033e-02  *
[ 576] train th 3.316e-08 om 1.642e-05 r1 8.730e-03 r2 1.032e-02 | val th 2.551e-08 om 2.812e-05 r1 8.743e-03 r2 1.033e-02
[ 577] train th 2.940e-08 om 1.628e-05 r1 8.730e-03 r2 1.032e-02 | val th 2.808e-08 om 2.687e-05 r1 8.743e-03 r2 1.033e-02
[ 578] train th 3.455e-08 om 1.635e-05 r1 8.730e-03 r2 1.032e-02 | val th 3.463e-08 om 2.822e-05 r1 8.742e-03 r2 1.033e-02  *
[ 579] train th 3.089e-08 om 1.648e-05 r1 8.730e-03 r2 1.032e-02 | val th 3.338e-08 om 2.797e-05 r1 8.742e-03 r2 1.033e-02
[ 580] train th 3.276e-08 om 1.627e-05 r1 8.730e-03 r2 1.032e-02 | val th 2.051e-08 om 2.871e-05 r1 8.743e-03 r2 1.033e-02
[ 581] train th 2.912e-08 om 1.627e-05 r1 8.730e-03 r2 1.032e-02 | val th 2.701e-08 om 2.728e-05 r1 8.742e-03 r2 1.033e-02
[ 582] train th 2.952e-08 om 1.632e-05 r1 8.730e-03 r2 1.032e-02 | val th 2.302e-08 om 2.756e-05 r1 8.742e-03 r2 1.033e-02
[ 583] train th 3.116e-08 om 1.624e-05 r1 8.730e-03 r2 1.032e-02 | val th 2.959e-08 om 2.742e-05 r1 8.742e-03 r2 1.033e-02
[ 584] train th 3.298e-08 om 1.624e-05 r1 8.730e-03 r2 1.032e-02 | val th 3.200e-08 om 2.706e-05 r1 8.742e-03 r2 1.033e-02  *
[ 585] train th 3.355e-08 om 1.647e-05 r1 8.730e-03 r2 1.032e-02 | val th 6.271e-08 om 2.700e-05 r1 8.742e-03 r2 1.033e-02
[ 586] train th 3.275e-08 om 1.629e-05 r1 8.730e-03 r2 1.032e-02 | val th 5.042e-08 om 2.723e-05 r1 8.742e-03 r2 1.033e-02
[ 587] train th 3.245e-08 om 1.631e-05 r1 8.730e-03 r2 1.032e-02 | val th 4.920e-08 om 2.661e-05 r1 8.742e-03 r2 1.033e-02
[ 588] train th 3.407e-08 om 1.635e-05 r1 8.730e-03 r2 1.032e-02 | val th 3.251e-08 om 2.746e-05 r1 8.742e-03 r2 1.033e-02  *
[ 589] train th 3.383e-08 om 1.639e-05 r1 8.730e-03 r2 1.032e-02 | val th 3.078e-08 om 2.806e-05 r1 8.742e-03 r2 1.033e-02
[ 590] train th 3.081e-08 om 1.633e-05 r1 8.730e-03 r2 1.032e-02 | val th 4.825e-08 om 2.661e-05 r1 8.742e-03 r2 1.033e-02
[ 591] train th 3.005e-08 om 1.631e-05 r1 8.730e-03 r2 1.032e-02 | val th 2.641e-08 om 2.666e-05 r1 8.742e-03 r2 1.033e-02
[ 592] train th 2.840e-08 om 1.626e-05 r1 8.730e-03 r2 1.032e-02 | val th 2.282e-08 om 2.650e-05 r1 8.742e-03 r2 1.033e-02
[ 593] train th 3.277e-08 om 1.640e-05 r1 8.730e-03 r2 1.032e-02 | val th 2.604e-08 om 2.772e-05 r1 8.742e-03 r2 1.033e-02
[ 594] train th 3.341e-08 om 1.646e-05 r1 8.729e-03 r2 1.032e-02 | val th 3.976e-08 om 2.812e-05 r1 8.742e-03 r2 1.033e-02
[ 595] train th 3.193e-08 om 1.634e-05 r1 8.730e-03 r2 1.032e-02 | val th 3.068e-08 om 2.697e-05 r1 8.742e-03 r2 1.033e-02
[ 596] train th 2.955e-08 om 1.615e-05 r1 8.730e-03 r2 1.032e-02 | val th 3.777e-08 om 2.741e-05 r1 8.742e-03 r2 1.033e-02
[ 597] train th 3.258e-08 om 1.632e-05 r1 8.730e-03 r2 1.032e-02 | val th 4.589e-08 om 2.982e-05 r1 8.742e-03 r2 1.033e-02
[ 598] train th 2.964e-08 om 1.627e-05 r1 8.730e-03 r2 1.032e-02 | val th 3.559e-08 om 2.700e-05 r1 8.742e-03 r2 1.033e-02
[ 599] train th 3.007e-08 om 1.661e-05 r1 8.730e-03 r2 1.032e-02 | val th 2.171e-08 om 2.677e-05 r1 8.742e-03 r2 1.033e-02
[ 600] train th 2.676e-08 om 1.626e-05 r1 8.730e-03 r2 1.032e-02 | val th 3.020e-08 om 2.714e-05 r1 8.742e-03 r2 1.033e-02  *
[ 601] train th 3.045e-08 om 1.618e-05 r1 8.730e-03 r2 1.032e-02 | val th 3.194e-08 om 2.658e-05 r1 8.742e-03 r2 1.033e-02
[ 602] train th 3.198e-08 om 1.601e-05 r1 8.730e-03 r2 1.032e-02 | val th 3.838e-08 om 2.642e-05 r1 8.742e-03 r2 1.033e-02
[ 603] train th 1.904e-08 om 1.579e-05 r1 8.729e-03 r2 1.032e-02 | val th 1.826e-08 om 2.761e-05 r1 8.742e-03 r2 1.033e-02
[ 604] train th 1.881e-08 om 1.584e-05 r1 8.729e-03 r2 1.032e-02 | val th 2.029e-08 om 2.686e-05 r1 8.742e-03 r2 1.033e-02  *
[ 605] train th 1.992e-08 om 1.578e-05 r1 8.728e-03 r2 1.032e-02 | val th 3.170e-08 om 2.646e-05 r1 8.742e-03 r2 1.033e-02  *
[ 606] train th 1.865e-08 om 1.569e-05 r1 8.729e-03 r2 1.032e-02 | val th 1.884e-08 om 2.700e-05 r1 8.741e-03 r2 1.033e-02  *
[ 607] train th 1.811e-08 om 1.574e-05 r1 8.729e-03 r2 1.032e-02 | val th 2.540e-08 om 2.722e-05 r1 8.742e-03 r2 1.033e-02
[ 608] train th 1.650e-08 om 1.583e-05 r1 8.729e-03 r2 1.032e-02 | val th 2.221e-08 om 2.652e-05 r1 8.741e-03 r2 1.033e-02  *
[ 609] train th 1.839e-08 om 1.585e-05 r1 8.729e-03 r2 1.032e-02 | val th 3.501e-08 om 2.669e-05 r1 8.742e-03 r2 1.033e-02
[ 610] train th 2.092e-08 om 1.593e-05 r1 8.729e-03 r2 1.032e-02 | val th 2.434e-08 om 2.653e-05 r1 8.741e-03 r2 1.033e-02  *
[ 611] train th 1.812e-08 om 1.585e-05 r1 8.729e-03 r2 1.032e-02 | val th 2.691e-08 om 2.645e-05 r1 8.741e-03 r2 1.033e-02
[ 612] train th 1.880e-08 om 1.563e-05 r1 8.729e-03 r2 1.032e-02 | val th 2.065e-08 om 2.630e-05 r1 8.742e-03 r2 1.033e-02
[ 613] train th 1.992e-08 om 1.594e-05 r1 8.729e-03 r2 1.032e-02 | val th 1.720e-08 om 2.629e-05 r1 8.742e-03 r2 1.033e-02
[ 614] train th 1.878e-08 om 1.576e-05 r1 8.729e-03 r2 1.032e-02 | val th 2.196e-08 om 2.721e-05 r1 8.742e-03 r2 1.033e-02
[ 615] train th 1.980e-08 om 1.583e-05 r1 8.729e-03 r2 1.032e-02 | val th 3.039e-08 om 2.624e-05 r1 8.742e-03 r2 1.033e-02
[ 616] train th 2.379e-08 om 1.579e-05 r1 8.729e-03 r2 1.032e-02 | val th 2.634e-08 om 2.626e-05 r1 8.741e-03 r2 1.033e-02
[ 617] train th 1.593e-08 om 1.538e-05 r1 8.729e-03 r2 1.032e-02 | val th 2.055e-08 om 2.655e-05 r1 8.741e-03 r2 1.033e-02  *
[ 618] train th 1.567e-08 om 1.548e-05 r1 8.729e-03 r2 1.032e-02 | val th 1.916e-08 om 2.606e-05 r1 8.741e-03 r2 1.033e-02
[ 619] train th 1.549e-08 om 1.544e-05 r1 8.729e-03 r2 1.032e-02 | val th 1.883e-08 om 2.703e-05 r1 8.741e-03 r2 1.033e-02
[ 620] train th 1.490e-08 om 1.537e-05 r1 8.728e-03 r2 1.032e-02 | val th 1.985e-08 om 2.627e-05 r1 8.741e-03 r2 1.033e-02
[ 621] train th 1.589e-08 om 1.536e-05 r1 8.729e-03 r2 1.032e-02 | val th 1.762e-08 om 2.624e-05 r1 8.741e-03 r2 1.033e-02
[ 622] train th 1.596e-08 om 1.538e-05 r1 8.729e-03 r2 1.032e-02 | val th 2.039e-08 om 2.685e-05 r1 8.741e-03 r2 1.033e-02
[ 623] train th 1.568e-08 om 1.536e-05 r1 8.729e-03 r2 1.032e-02 | val th 2.059e-08 om 2.657e-05 r1 8.741e-03 r2 1.033e-02  *
[ 624] train th 1.586e-08 om 1.539e-05 r1 8.729e-03 r2 1.032e-02 | val th 2.193e-08 om 2.658e-05 r1 8.741e-03 r2 1.033e-02
[ 625] train th 1.599e-08 om 1.539e-05 r1 8.729e-03 r2 1.032e-02 | val th 2.182e-08 om 2.617e-05 r1 8.741e-03 r2 1.033e-02
[ 626] train th 1.626e-08 om 1.540e-05 r1 8.729e-03 r2 1.032e-02 | val th 1.762e-08 om 2.613e-05 r1 8.741e-03 r2 1.033e-02
[ 627] train th 1.535e-08 om 1.538e-05 r1 8.729e-03 r2 1.032e-02 | val th 2.196e-08 om 2.651e-05 r1 8.741e-03 r2 1.033e-02
[ 628] train th 1.504e-08 om 1.539e-05 r1 8.729e-03 r2 1.032e-02 | val th 1.746e-08 om 2.633e-05 r1 8.741e-03 r2 1.033e-02
[ 629] train th 1.506e-08 om 1.545e-05 r1 8.729e-03 r2 1.032e-02 | val th 1.722e-08 om 2.628e-05 r1 8.741e-03 r2 1.033e-02
[ 630] train th 1.521e-08 om 1.546e-05 r1 8.729e-03 r2 1.032e-02 | val th 1.831e-08 om 2.633e-05 r1 8.741e-03 r2 1.033e-02  *
[ 631] train th 1.398e-08 om 1.518e-05 r1 8.728e-03 r2 1.032e-02 | val th 1.692e-08 om 2.623e-05 r1 8.741e-03 r2 1.033e-02  *
[ 632] train th 1.410e-08 om 1.517e-05 r1 8.728e-03 r2 1.032e-02 | val th 1.908e-08 om 2.630e-05 r1 8.741e-03 r2 1.033e-02
[ 633] train th 1.414e-08 om 1.519e-05 r1 8.728e-03 r2 1.032e-02 | val th 1.657e-08 om 2.611e-05 r1 8.741e-03 r2 1.033e-02
[ 634] train th 1.346e-08 om 1.518e-05 r1 8.728e-03 r2 1.032e-02 | val th 1.700e-08 om 2.597e-05 r1 8.741e-03 r2 1.033e-02
[ 635] train th 1.425e-08 om 1.524e-05 r1 8.728e-03 r2 1.032e-02 | val th 1.713e-08 om 2.632e-05 r1 8.741e-03 r2 1.033e-02
[ 636] train th 1.431e-08 om 1.522e-05 r1 8.728e-03 r2 1.032e-02 | val th 1.860e-08 om 2.638e-05 r1 8.741e-03 r2 1.033e-02
[ 637] train th 1.350e-08 om 1.518e-05 r1 8.728e-03 r2 1.032e-02 | val th 1.957e-08 om 2.607e-05 r1 8.741e-03 r2 1.033e-02
[ 638] train th 1.498e-08 om 1.519e-05 r1 8.728e-03 r2 1.032e-02 | val th 1.773e-08 om 2.612e-05 r1 8.741e-03 r2 1.033e-02
[ 639] train th 1.374e-08 om 1.519e-05 r1 8.728e-03 r2 1.032e-02 | val th 1.806e-08 om 2.636e-05 r1 8.741e-03 r2 1.033e-02
[ 640] train th 1.398e-08 om 1.517e-05 r1 8.728e-03 r2 1.032e-02 | val th 1.682e-08 om 2.620e-05 r1 8.741e-03 r2 1.033e-02  *
[ 641] train th 1.400e-08 om 1.517e-05 r1 8.728e-03 r2 1.032e-02 | val th 1.885e-08 om 2.609e-05 r1 8.741e-03 r2 1.033e-02
[ 642] train th 1.416e-08 om 1.515e-05 r1 8.728e-03 r2 1.032e-02 | val th 1.956e-08 om 2.626e-05 r1 8.741e-03 r2 1.033e-02
[ 643] train th 1.368e-08 om 1.515e-05 r1 8.728e-03 r2 1.032e-02 | val th 1.685e-08 om 2.665e-05 r1 8.741e-03 r2 1.033e-02
[ 644] train th 1.336e-08 om 1.516e-05 r1 8.728e-03 r2 1.032e-02 | val th 1.882e-08 om 2.613e-05 r1 8.741e-03 r2 1.033e-02
[ 645] train th 1.411e-08 om 1.516e-05 r1 8.728e-03 r2 1.032e-02 | val th 2.046e-08 om 2.665e-05 r1 8.741e-03 r2 1.033e-02
[ 646] train th 1.315e-08 om 1.507e-05 r1 8.728e-03 r2 1.032e-02 | val th 1.651e-08 om 2.595e-05 r1 8.741e-03 r2 1.033e-02  *
[ 647] train th 1.347e-08 om 1.507e-05 r1 8.728e-03 r2 1.032e-02 | val th 1.876e-08 om 2.611e-05 r1 8.741e-03 r2 1.033e-02  *
[ 648] train th 1.427e-08 om 1.505e-05 r1 8.728e-03 r2 1.032e-02 | val th 1.645e-08 om 2.605e-05 r1 8.741e-03 r2 1.033e-02  *
[ 649] train th 1.291e-08 om 1.503e-05 r1 8.728e-03 r2 1.032e-02 | val th 1.874e-08 om 2.608e-05 r1 8.741e-03 r2 1.033e-02
[ 650] train th 1.307e-08 om 1.507e-05 r1 8.728e-03 r2 1.032e-02 | val th 1.752e-08 om 2.601e-05 r1 8.741e-03 r2 1.033e-02
[ 651] train th 1.309e-08 om 1.500e-05 r1 8.728e-03 r2 1.032e-02 | val th 1.865e-08 om 2.595e-05 r1 8.741e-03 r2 1.033e-02
[ 652] train th 1.342e-08 om 1.503e-05 r1 8.728e-03 r2 1.032e-02 | val th 1.730e-08 om 2.604e-05 r1 8.741e-03 r2 1.033e-02
[ 653] train th 1.308e-08 om 1.508e-05 r1 8.728e-03 r2 1.032e-02 | val th 1.673e-08 om 2.611e-05 r1 8.741e-03 r2 1.033e-02
[ 654] train th 1.304e-08 om 1.504e-05 r1 8.728e-03 r2 1.032e-02 | val th 1.694e-08 om 2.613e-05 r1 8.741e-03 r2 1.033e-02
[ 655] train th 1.304e-08 om 1.507e-05 r1 8.728e-03 r2 1.032e-02 | val th 1.730e-08 om 2.604e-05 r1 8.741e-03 r2 1.033e-02
[ 656] train th 1.309e-08 om 1.504e-05 r1 8.728e-03 r2 1.032e-02 | val th 1.708e-08 om 2.592e-05 r1 8.741e-03 r2 1.033e-02
[ 657] train th 1.315e-08 om 1.510e-05 r1 8.728e-03 r2 1.032e-02 | val th 1.810e-08 om 2.617e-05 r1 8.741e-03 r2 1.033e-02
[ 658] train th 1.304e-08 om 1.505e-05 r1 8.728e-03 r2 1.032e-02 | val th 1.854e-08 om 2.612e-05 r1 8.741e-03 r2 1.033e-02
[ 659] train th 1.328e-08 om 1.501e-05 r1 8.728e-03 r2 1.032e-02 | val th 1.762e-08 om 2.598e-05 r1 8.741e-03 r2 1.033e-02
[ 660] train th 1.339e-08 om 1.496e-05 r1 8.728e-03 r2 1.032e-02 | val th 1.850e-08 om 2.626e-05 r1 8.741e-03 r2 1.033e-02  *
[ 661] train th 1.352e-08 om 1.493e-05 r1 8.728e-03 r2 1.032e-02 | val th 1.731e-08 om 2.599e-05 r1 8.741e-03 r2 1.033e-02  *
[ 662] train th 1.329e-08 om 1.496e-05 r1 8.728e-03 r2 1.032e-02 | val th 1.674e-08 om 2.640e-05 r1 8.741e-03 r2 1.033e-02
[ 663] train th 1.304e-08 om 1.495e-05 r1 8.728e-03 r2 1.032e-02 | val th 1.930e-08 om 2.584e-05 r1 8.741e-03 r2 1.033e-02
[ 664] train th 1.318e-08 om 1.493e-05 r1 8.728e-03 r2 1.032e-02 | val th 1.645e-08 om 2.585e-05 r1 8.741e-03 r2 1.033e-02  *
[ 665] train th 1.298e-08 om 1.495e-05 r1 8.728e-03 r2 1.032e-02 | val th 1.684e-08 om 2.587e-05 r1 8.741e-03 r2 1.033e-02  *
[ 666] train th 1.292e-08 om 1.495e-05 r1 8.728e-03 r2 1.032e-02 | val th 1.658e-08 om 2.606e-05 r1 8.741e-03 r2 1.033e-02
[ 667] train th 1.293e-08 om 1.492e-05 r1 8.728e-03 r2 1.032e-02 | val th 1.754e-08 om 2.584e-05 r1 8.741e-03 r2 1.033e-02
[ 668] train th 1.312e-08 om 1.494e-05 r1 8.728e-03 r2 1.032e-02 | val th 1.679e-08 om 2.592e-05 r1 8.741e-03 r2 1.033e-02
[ 669] train th 1.335e-08 om 1.491e-05 r1 8.728e-03 r2 1.032e-02 | val th 1.727e-08 om 2.601e-05 r1 8.741e-03 r2 1.033e-02
[ 670] train th 1.303e-08 om 1.495e-05 r1 8.728e-03 r2 1.032e-02 | val th 1.659e-08 om 2.589e-05 r1 8.741e-03 r2 1.033e-02
[ 671] train th 1.302e-08 om 1.491e-05 r1 8.728e-03 r2 1.032e-02 | val th 1.834e-08 om 2.605e-05 r1 8.741e-03 r2 1.033e-02
[ 672] train th 1.291e-08 om 1.497e-05 r1 8.728e-03 r2 1.032e-02 | val th 1.853e-08 om 2.591e-05 r1 8.741e-03 r2 1.033e-02
[ 673] train th 1.320e-08 om 1.496e-05 r1 8.728e-03 r2 1.032e-02 | val th 1.660e-08 om 2.595e-05 r1 8.741e-03 r2 1.033e-02
[ 674] train th 1.254e-08 om 1.487e-05 r1 8.728e-03 r2 1.032e-02 | val th 1.650e-08 om 2.588e-05 r1 8.741e-03 r2 1.033e-02  *
[ 675] train th 1.268e-08 om 1.489e-05 r1 8.728e-03 r2 1.032e-02 | val th 1.673e-08 om 2.586e-05 r1 8.741e-03 r2 1.033e-02
[ 676] train th 1.254e-08 om 1.488e-05 r1 8.728e-03 r2 1.032e-02 | val th 1.641e-08 om 2.584e-05 r1 8.741e-03 r2 1.033e-02
[ 677] train th 1.287e-08 om 1.490e-05 r1 8.728e-03 r2 1.032e-02 | val th 1.659e-08 om 2.587e-05 r1 8.741e-03 r2 1.033e-02
[ 678] train th 1.254e-08 om 1.489e-05 r1 8.728e-03 r2 1.032e-02 | val th 1.675e-08 om 2.584e-05 r1 8.741e-03 r2 1.033e-02
[ 679] train th 1.259e-08 om 1.491e-05 r1 8.728e-03 r2 1.032e-02 | val th 1.663e-08 om 2.595e-05 r1 8.741e-03 r2 1.033e-02
[ 680] train th 1.265e-08 om 1.489e-05 r1 8.728e-03 r2 1.032e-02 | val th 1.662e-08 om 2.587e-05 r1 8.741e-03 r2 1.033e-02
[ 681] train th 1.257e-08 om 1.489e-05 r1 8.728e-03 r2 1.032e-02 | val th 1.659e-08 om 2.584e-05 r1 8.741e-03 r2 1.033e-02
[ 682] train th 1.270e-08 om 1.488e-05 r1 8.728e-03 r2 1.032e-02 | val th 1.708e-08 om 2.589e-05 r1 8.741e-03 r2 1.033e-02
[ 683] train th 1.256e-08 om 1.487e-05 r1 8.728e-03 r2 1.032e-02 | val th 1.732e-08 om 2.586e-05 r1 8.741e-03 r2 1.033e-02
[ 684] train th 1.260e-08 om 1.491e-05 r1 8.728e-03 r2 1.032e-02 | val th 1.694e-08 om 2.584e-05 r1 8.741e-03 r2 1.033e-02
[ 685] train th 1.270e-08 om 1.487e-05 r1 8.728e-03 r2 1.032e-02 | val th 1.650e-08 om 2.583e-05 r1 8.741e-03 r2 1.033e-02
[ 686] train th 1.249e-08 om 1.487e-05 r1 8.728e-03 r2 1.032e-02 | val th 1.675e-08 om 2.583e-05 r1 8.741e-03 r2 1.033e-02
[ 687] train th 1.262e-08 om 1.487e-05 r1 8.728e-03 r2 1.032e-02 | val th 1.695e-08 om 2.587e-05 r1 8.741e-03 r2 1.033e-02
[ 688] train th 1.244e-08 om 1.485e-05 r1 8.728e-03 r2 1.032e-02 | val th 1.638e-08 om 2.585e-05 r1 8.741e-03 r2 1.033e-02  *
[ 689] train th 1.234e-08 om 1.485e-05 r1 8.728e-03 r2 1.032e-02 | val th 1.645e-08 om 2.582e-05 r1 8.741e-03 r2 1.033e-02
[ 690] train th 1.237e-08 om 1.488e-05 r1 8.728e-03 r2 1.032e-02 | val th 1.637e-08 om 2.582e-05 r1 8.741e-03 r2 1.033e-02
[ 691] train th 1.234e-08 om 1.485e-05 r1 8.728e-03 r2 1.032e-02 | val th 1.641e-08 om 2.582e-05 r1 8.741e-03 r2 1.033e-02
[ 692] train th 1.239e-08 om 1.486e-05 r1 8.728e-03 r2 1.032e-02 | val th 1.652e-08 om 2.591e-05 r1 8.741e-03 r2 1.033e-02
[ 693] train th 1.241e-08 om 1.486e-05 r1 8.728e-03 r2 1.032e-02 | val th 1.660e-08 om 2.585e-05 r1 8.741e-03 r2 1.033e-02  *
[ 694] train th 1.241e-08 om 1.485e-05 r1 8.728e-03 r2 1.032e-02 | val th 1.643e-08 om 2.582e-05 r1 8.741e-03 r2 1.033e-02  *
[ 695] train th 1.240e-08 om 1.485e-05 r1 8.728e-03 r2 1.032e-02 | val th 1.645e-08 om 2.583e-05 r1 8.741e-03 r2 1.033e-02
[ 696] train th 1.233e-08 om 1.484e-05 r1 8.728e-03 r2 1.032e-02 | val th 1.651e-08 om 2.585e-05 r1 8.741e-03 r2 1.033e-02
[ 697] train th 1.243e-08 om 1.485e-05 r1 8.728e-03 r2 1.032e-02 | val th 1.647e-08 om 2.582e-05 r1 8.741e-03 r2 1.033e-02
[ 698] train th 1.234e-08 om 1.485e-05 r1 8.728e-03 r2 1.032e-02 | val th 1.650e-08 om 2.585e-05 r1 8.741e-03 r2 1.033e-02
[ 699] train th 1.235e-08 om 1.485e-05 r1 8.728e-03 r2 1.032e-02 | val th 1.644e-08 om 2.583e-05 r1 8.741e-03 r2 1.033e-02
[ 700] train th 1.234e-08 om 1.486e-05 r1 8.728e-03 r2 1.032e-02 | val th 1.663e-08 om 2.583e-05 r1 8.741e-03 r2 1.033e-02
[ 701] train th 1.238e-08 om 1.485e-05 r1 8.728e-03 r2 1.032e-02 | val th 1.672e-08 om 2.583e-05 r1 8.741e-03 r2 1.033e-02
[ 702] train th 1.227e-08 om 1.483e-05 r1 8.728e-03 r2 1.032e-02 | val th 1.637e-08 om 2.584e-05 r1 8.741e-03 r2 1.033e-02
[ 703] train th 1.224e-08 om 1.484e-05 r1 8.728e-03 r2 1.032e-02 | val th 1.634e-08 om 2.583e-05 r1 8.741e-03 r2 1.033e-02
[ 704] train th 1.224e-08 om 1.484e-05 r1 8.728e-03 r2 1.032e-02 | val th 1.633e-08 om 2.590e-05 r1 8.741e-03 r2 1.033e-02
[ 705] train th 1.229e-08 om 1.483e-05 r1 8.728e-03 r2 1.032e-02 | val th 1.642e-08 om 2.582e-05 r1 8.741e-03 r2 1.033e-02
[ 706] train th 1.224e-08 om 1.483e-05 r1 8.728e-03 r2 1.032e-02 | val th 1.637e-08 om 2.583e-05 r1 8.741e-03 r2 1.033e-02
[ 707] train th 1.224e-08 om 1.484e-05 r1 8.728e-03 r2 1.032e-02 | val th 1.633e-08 om 2.586e-05 r1 8.741e-03 r2 1.033e-02  *
[ 708] train th 1.225e-08 om 1.484e-05 r1 8.728e-03 r2 1.032e-02 | val th 1.636e-08 om 2.583e-05 r1 8.741e-03 r2 1.033e-02
[ 709] train th 1.223e-08 om 1.483e-05 r1 8.728e-03 r2 1.032e-02 | val th 1.634e-08 om 2.586e-05 r1 8.741e-03 r2 1.033e-02
[ 710] train th 1.223e-08 om 1.484e-05 r1 8.728e-03 r2 1.032e-02 | val th 1.637e-08 om 2.583e-05 r1 8.741e-03 r2 1.033e-02
[ 711] train th 1.223e-08 om 1.484e-05 r1 8.728e-03 r2 1.032e-02 | val th 1.639e-08 om 2.582e-05 r1 8.741e-03 r2 1.033e-02
[ 712] train th 1.224e-08 om 1.483e-05 r1 8.728e-03 r2 1.032e-02 | val th 1.634e-08 om 2.582e-05 r1 8.741e-03 r2 1.033e-02
[ 713] train th 1.224e-08 om 1.484e-05 r1 8.728e-03 r2 1.032e-02 | val th 1.635e-08 om 2.582e-05 r1 8.741e-03 r2 1.033e-02
[ 714] train th 1.226e-08 om 1.483e-05 r1 8.728e-03 r2 1.032e-02 | val th 1.636e-08 om 2.581e-05 r1 8.741e-03 r2 1.033e-02
[ 715] train th 1.225e-08 om 1.483e-05 r1 8.728e-03 r2 1.032e-02 | val th 1.634e-08 om 2.582e-05 r1 8.741e-03 r2 1.033e-02
[ 716] train th 1.222e-08 om 1.482e-05 r1 8.728e-03 r2 1.032e-02 | val th 1.633e-08 om 2.582e-05 r1 8.741e-03 r2 1.033e-02
[ 717] train th 1.221e-08 om 1.482e-05 r1 8.728e-03 r2 1.032e-02 | val th 1.633e-08 om 2.582e-05 r1 8.741e-03 r2 1.033e-02
[ 718] train th 1.221e-08 om 1.482e-05 r1 8.728e-03 r2 1.032e-02 | val th 1.634e-08 om 2.582e-05 r1 8.741e-03 r2 1.033e-02
[ 719] train th 1.222e-08 om 1.483e-05 r1 8.728e-03 r2 1.032e-02 | val th 1.633e-08 om 2.582e-05 r1 8.741e-03 r2 1.033e-02
[ 720] train th 1.222e-08 om 1.482e-05 r1 8.728e-03 r2 1.032e-02 | val th 1.634e-08 om 2.583e-05 r1 8.741e-03 r2 1.033e-02
[ 721] train th 1.221e-08 om 1.482e-05 r1 8.728e-03 r2 1.032e-02 | val th 1.637e-08 om 2.582e-05 r1 8.741e-03 r2 1.033e-02
[ 722] train th 1.221e-08 om 1.482e-05 r1 8.728e-03 r2 1.032e-02 | val th 1.635e-08 om 2.581e-05 r1 8.741e-03 r2 1.033e-02
[ 723] train th 1.221e-08 om 1.483e-05 r1 8.728e-03 r2 1.032e-02 | val th 1.633e-08 om 2.582e-05 r1 8.741e-03 r2 1.033e-02
[ 724] train th 1.222e-08 om 1.482e-05 r1 8.728e-03 r2 1.032e-02 | val th 1.633e-08 om 2.582e-05 r1 8.741e-03 r2 1.033e-02
[ 725] train th 1.221e-08 om 1.482e-05 r1 8.728e-03 r2 1.032e-02 | val th 1.634e-08 om 2.583e-05 r1 8.741e-03 r2 1.033e-02
[ 726] train th 1.221e-08 om 1.483e-05 r1 8.728e-03 r2 1.032e-02 | val th 1.633e-08 om 2.581e-05 r1 8.741e-03 r2 1.033e-02
[ 727] train th 1.222e-08 om 1.482e-05 r1 8.728e-03 r2 1.032e-02 | val th 1.634e-08 om 2.582e-05 r1 8.741e-03 r2 1.033e-02
[ 728] train th 1.222e-08 om 1.482e-05 r1 8.728e-03 r2 1.032e-02 | val th 1.633e-08 om 2.583e-05 r1 8.741e-03 r2 1.033e-02
[ 729] train th 1.223e-08 om 1.482e-05 r1 8.728e-03 r2 1.032e-02 | val th 1.634e-08 om 2.582e-05 r1 8.741e-03 r2 1.033e-02
[ 730] train th 1.221e-08 om 1.482e-05 r1 8.727e-03 r2 1.032e-02 | val th 1.633e-08 om 2.582e-05 r1 8.741e-03 r2 1.033e-02
[ 731] train th 1.222e-08 om 1.482e-05 r1 8.728e-03 r2 1.032e-02 | val th 1.633e-08 om 2.581e-05 r1 8.741e-03 r2 1.033e-02
[ 732] train th 1.221e-08 om 1.483e-05 r1 8.728e-03 r2 1.032e-02 | val th 1.633e-08 om 2.582e-05 r1 8.741e-03 r2 1.033e-02
[ 733] train th 1.222e-08 om 1.483e-05 r1 8.728e-03 r2 1.032e-02 | val th 1.635e-08 om 2.582e-05 r1 8.741e-03 r2 1.033e-02
[ 734] train th 1.221e-08 om 1.482e-05 r1 8.728e-03 r2 1.032e-02 | val th 1.634e-08 om 2.583e-05 r1 8.741e-03 r2 1.033e-02
[ 735] train th 1.222e-08 om 1.482e-05 r1 8.728e-03 r2 1.032e-02 | val th 1.632e-08 om 2.581e-05 r1 8.741e-03 r2 1.033e-02
[ 736] train th 1.221e-08 om 1.482e-05 r1 8.728e-03 r2 1.032e-02 | val th 1.633e-08 om 2.583e-05 r1 8.741e-03 r2 1.033e-02
[ 737] train th 1.221e-08 om 1.482e-05 r1 8.728e-03 r2 1.032e-02 | val th 1.633e-08 om 2.582e-05 r1 8.741e-03 r2 1.033e-02
[ 738] train th 1.222e-08 om 1.482e-05 r1 8.728e-03 r2 1.032e-02 | val th 1.634e-08 om 2.581e-05 r1 8.741e-03 r2 1.033e-02
[ 739] train th 1.221e-08 om 1.482e-05 r1 8.728e-03 r2 1.032e-02 | val th 1.634e-08 om 2.582e-05 r1 8.741e-03 r2 1.033e-02
[ 740] train th 1.222e-08 om 1.483e-05 r1 8.728e-03 r2 1.032e-02 | val th 1.635e-08 om 2.582e-05 r1 8.741e-03 r2 1.033e-02
[ 741] train th 1.221e-08 om 1.482e-05 r1 8.728e-03 r2 1.032e-02 | val th 1.636e-08 om 2.582e-05 r1 8.741e-03 r2 1.033e-02
[ 742] train th 1.222e-08 om 1.482e-05 r1 8.728e-03 r2 1.032e-02 | val th 1.634e-08 om 2.583e-05 r1 8.741e-03 r2 1.033e-02
[ 743] train th 1.221e-08 om 1.482e-05 r1 8.728e-03 r2 1.032e-02 | val th 1.633e-08 om 2.582e-05 r1 8.741e-03 r2 1.033e-02
[ 744] train th 1.221e-08 om 1.483e-05 r1 8.728e-03 r2 1.032e-02 | val th 1.634e-08 om 2.581e-05 r1 8.741e-03 r2 1.033e-02
[ 745] train th 1.221e-08 om 1.482e-05 r1 8.728e-03 r2 1.032e-02 | val th 1.636e-08 om 2.581e-05 r1 8.741e-03 r2 1.033e-02
[ 746] train th 1.222e-08 om 1.482e-05 r1 8.728e-03 r2 1.032e-02 | val th 1.634e-08 om 2.582e-05 r1 8.741e-03 r2 1.033e-02
[ 747] train th 1.222e-08 om 1.482e-05 r1 8.728e-03 r2 1.032e-02 | val th 1.633e-08 om 2.582e-05 r1 8.741e-03 r2 1.033e-02
early stop at 747 (best 707)
[famD_W40_n5000_W40_F4_mf503_wp0.3_s5sp0] rollout_full_rms 3.8333e-04  compounding 3.09x  (5668s)
